{
  "type": "FeatureCollection",
  "generator": "overpass-turbo",
  "copyright": "The data included in this document is from www.openstreetmap.org. The data is made available under ODbL.",
  "timestamp": "2026-03-09T18:18:26Z",
  "features": [
    {
      "type": "Feature",
      "properties": {
        "@id": "node/60812259",
        "bus": "yes",
        "operator": "Dakar Dem Dikk",
        "public_transport": "stop_position"
      },
      "geometry": {
        "type": "Point",
        "coordinates": [
          -17.4823058,
          14.7589707
        ]
      },
      "id": "node/60812259"
    },
    {
      "type": "Feature",
      "properties": {
        "@id": "node/60812269",
        "bus": "yes",
        "operator": "Dakar Dem Dikk",
        "public_transport": "stop_position"
      },
      "geometry": {
        "type": "Point",
        "coordinates": [
          -17.4772887,
          14.7562887
        ]
      },
      "id": "node/60812269"
    },
    {
      "type": "Feature",
      "properties": {
        "@id": "node/60812279",
        "bus": "yes",
        "operator": "Dakar Dem Dikk",
        "public_transport": "stop_position"
      },
      "geometry": {
        "type": "Point",
        "coordinates": [
          -17.4698497,
          14.7551544
        ]
      },
      "id": "node/60812279"
    },
    {
      "type": "Feature",
      "properties": {
        "@id": "node/60879475",
        "bus": "yes",
        "highway": "bus_stop",
        "network": "Dakar Dem Dikk",
        "operator": "Dakar Dem Dikk",
        "public_transport": "platform",
        "shelter": "no",
        "source": "bing;survey"
      },
      "geometry": {
        "type": "Point",
        "coordinates": [
          -17.4827304,
          14.7246624
        ]
      },
      "id": "node/60879475"
    },
    {
      "type": "Feature",
      "properties": {
        "@id": "node/60880845",
        "description": "ligne 1 , ligne 218",
        "highway": "bus_stop",
        "name": "Arrêt DDD",
        "public_transport": "stop_position"
      },
      "geometry": {
        "type": "Point",
        "coordinates": [
          -17.4716078,
          14.7255546
        ]
      },
      "id": "node/60880845"
    },
    {
      "type": "Feature",
      "properties": {
        "@id": "node/297190921",
        "bus": "yes",
        "public_transport": "stop_position"
      },
      "geometry": {
        "type": "Point",
        "coordinates": [
          -17.4335474,
          14.6527418
        ]
      },
      "id": "node/297190921"
    },
    {
      "type": "Feature",
      "properties": {
        "@id": "node/560149694",
        "bus": "yes",
        "highway": "bus_stop",
        "name": "Gare Palais 1",
        "network": "Dakar Dem Dikk",
        "operator": "Dakar Dem Dikk",
        "public_transport": "platform"
      },
      "geometry": {
        "type": "Point",
        "coordinates": [
          -17.433456,
          14.6510408
        ]
      },
      "id": "node/560149694"
    },
    {
      "type": "Feature",
      "properties": {
        "@id": "node/560521498",
        "amenity": "bus_station",
        "bus": "yes",
        "name": "Gare Routière de Colobane",
        "public_transport": "station"
      },
      "geometry": {
        "type": "Point",
        "coordinates": [
          -17.4428974,
          14.6973269
        ]
      },
      "id": "node/560521498"
    },
    {
      "type": "Feature",
      "properties": {
        "@id": "node/565524779",
        "amenity": "ferry_terminal",
        "ferry": "yes",
        "name": "Boats to Iles de la Madeleine",
        "public_transport": "station"
      },
      "geometry": {
        "type": "Point",
        "coordinates": [
          -17.4629415,
          14.6775858
        ]
      },
      "id": "node/565524779"
    },
    {
      "type": "Feature",
      "properties": {
        "@id": "node/622365165",
        "bus": "yes",
        "highway": "bus_stop",
        "public_transport": "platform"
      },
      "geometry": {
        "type": "Point",
        "coordinates": [
          -17.4930023,
          14.7326101
        ]
      },
      "id": "node/622365165"
    },
    {
      "type": "Feature",
      "properties": {
        "@id": "node/711879106",
        "bus": "yes",
        "highway": "bus_stop",
        "public_transport": "platform"
      },
      "geometry": {
        "type": "Point",
        "coordinates": [
          -17.4302712,
          14.6696986
        ]
      },
      "id": "node/711879106"
    },
    {
      "type": "Feature",
      "properties": {
        "@id": "node/711879113",
        "bus": "yes",
        "highway": "bus_stop",
        "public_transport": "platform"
      },
      "geometry": {
        "type": "Point",
        "coordinates": [
          -17.4370311,
          14.6664791
        ]
      },
      "id": "node/711879113"
    },
    {
      "type": "Feature",
      "properties": {
        "@id": "node/711879117",
        "bus": "yes",
        "highway": "bus_stop",
        "local_ref": "centre ville",
        "name": "centre ville",
        "public_transport": "platform"
      },
      "geometry": {
        "type": "Point",
        "coordinates": [
          -17.4371376,
          14.6706184
        ]
      },
      "id": "node/711879117"
    },
    {
      "type": "Feature",
      "properties": {
        "@id": "node/711879175",
        "bus": "yes",
        "highway": "bus_stop",
        "public_transport": "platform"
      },
      "geometry": {
        "type": "Point",
        "coordinates": [
          -17.4375668,
          14.6658025
        ]
      },
      "id": "node/711879175"
    },
    {
      "type": "Feature",
      "properties": {
        "@id": "node/711879185",
        "bench": "yes",
        "bin": "no",
        "bus": "yes",
        "highway": "bus_stop",
        "public_transport": "platform",
        "shelter": "yes"
      },
      "geometry": {
        "type": "Point",
        "coordinates": [
          -17.439498,
          14.6666121
        ]
      },
      "id": "node/711879185"
    },
    {
      "type": "Feature",
      "properties": {
        "@id": "node/711879188",
        "bench": "yes",
        "bin": "no",
        "bus": "yes",
        "highway": "bus_stop",
        "public_transport": "platform",
        "shelter": "yes"
      },
      "geometry": {
        "type": "Point",
        "coordinates": [
          -17.4423304,
          14.6675877
        ]
      },
      "id": "node/711879188"
    },
    {
      "type": "Feature",
      "properties": {
        "@id": "node/711879244",
        "bench": "yes",
        "bin": "no",
        "bus": "yes",
        "highway": "bus_stop",
        "public_transport": "platform",
        "shelter": "yes"
      },
      "geometry": {
        "type": "Point",
        "coordinates": [
          -17.4365554,
          14.6693378
        ]
      },
      "id": "node/711879244"
    },
    {
      "type": "Feature",
      "properties": {
        "@id": "node/711879280",
        "highway": "bus_stop"
      },
      "geometry": {
        "type": "Point",
        "coordinates": [
          -17.4334469,
          14.6695598
        ]
      },
      "id": "node/711879280"
    },
    {
      "type": "Feature",
      "properties": {
        "@id": "node/1158142382",
        "bus": "yes",
        "highway": "bus_stop",
        "public_transport": "platform"
      },
      "geometry": {
        "type": "Point",
        "coordinates": [
          -17.3656859,
          14.7871547
        ]
      },
      "id": "node/1158142382"
    },
    {
      "type": "Feature",
      "properties": {
        "@id": "node/1158233800",
        "amenity": "bus_station",
        "bus": "yes",
        "name": "Terminus DDD Guediawaye I",
        "public_transport": "station"
      },
      "geometry": {
        "type": "Point",
        "coordinates": [
          -17.3892212,
          14.7727664
        ]
      },
      "id": "node/1158233800"
    },
    {
      "type": "Feature",
      "properties": {
        "@id": "node/1160208379",
        "amenity": "bus_station",
        "bus": "yes",
        "name": "Terminus ligne 24",
        "public_transport": "station"
      },
      "geometry": {
        "type": "Point",
        "coordinates": [
          -17.3895066,
          14.7740579
        ]
      },
      "id": "node/1160208379"
    },
    {
      "type": "Feature",
      "properties": {
        "@id": "node/1240459473",
        "bus": "yes",
        "operator": "Dakar Dem Dikk",
        "public_transport": "stop_position",
        "source": "OSMTracker"
      },
      "geometry": {
        "type": "Point",
        "coordinates": [
          -17.4889885,
          14.7504934
        ]
      },
      "id": "node/1240459473"
    },
    {
      "type": "Feature",
      "properties": {
        "@id": "node/1247815126",
        "bus": "yes",
        "highway": "bus_stop",
        "name": "Keur Mbaye Fall Centre",
        "public_transport": "stop_position"
      },
      "geometry": {
        "type": "Point",
        "coordinates": [
          -17.3193691,
          14.7463453
        ]
      },
      "id": "node/1247815126"
    },
    {
      "type": "Feature",
      "properties": {
        "@id": "node/1644374303",
        "bus": "yes",
        "operator": "Dakar Dem Dikk",
        "public_transport": "stop_position",
        "tactile_paving": "no"
      },
      "geometry": {
        "type": "Point",
        "coordinates": [
          -17.4462255,
          14.7323632
        ]
      },
      "id": "node/1644374303"
    },
    {
      "type": "Feature",
      "properties": {
        "@id": "node/1664599471",
        "bus": "yes",
        "operator": "Dakar Dem Dikk",
        "public_transport": "stop_position",
        "tactile_paving": "no"
      },
      "geometry": {
        "type": "Point",
        "coordinates": [
          -17.4452495,
          14.7366933
        ]
      },
      "id": "node/1664599471"
    },
    {
      "type": "Feature",
      "properties": {
        "@id": "node/1669543692",
        "amenity": "bus_station",
        "bus": "yes",
        "name": "Terminus bus 121",
        "public_transport": "station"
      },
      "geometry": {
        "type": "Point",
        "coordinates": [
          -17.4556088,
          14.7445773
        ]
      },
      "id": "node/1669543692"
    },
    {
      "type": "Feature",
      "properties": {
        "@id": "node/1770552537",
        "amenity": "bus_station",
        "bus": "yes",
        "public_transport": "station"
      },
      "geometry": {
        "type": "Point",
        "coordinates": [
          -17.4023842,
          14.743612
        ]
      },
      "id": "node/1770552537"
    },
    {
      "type": "Feature",
      "properties": {
        "@id": "node/1782535718",
        "highway": "bus_stop",
        "name": "Ex Terminus ligne 63",
        "ref": "Terminus ligne 63"
      },
      "geometry": {
        "type": "Point",
        "coordinates": [
          -17.2639313,
          14.7148886
        ]
      },
      "id": "node/1782535718"
    },
    {
      "type": "Feature",
      "properties": {
        "@id": "node/1833444623",
        "bus": "yes",
        "operator": "Dakar Dem Dikk",
        "public_transport": "stop_position",
        "tactile_paving": "no"
      },
      "geometry": {
        "type": "Point",
        "coordinates": [
          -17.4643158,
          14.7499395
        ]
      },
      "id": "node/1833444623"
    },
    {
      "type": "Feature",
      "properties": {
        "@id": "node/1902193270",
        "highway": "bus_stop",
        "name": "Arret Khaal"
      },
      "geometry": {
        "type": "Point",
        "coordinates": [
          -17.2654739,
          14.7202885
        ]
      },
      "id": "node/1902193270"
    },
    {
      "type": "Feature",
      "properties": {
        "@id": "node/2068527994",
        "public_transport": "station",
        "source": "survey"
      },
      "geometry": {
        "type": "Point",
        "coordinates": [
          -17.4543224,
          14.7114911
        ]
      },
      "id": "node/2068527994"
    },
    {
      "type": "Feature",
      "properties": {
        "@id": "node/2108145919",
        "public_transport": "platform",
        "ref": "Ligne 15"
      },
      "geometry": {
        "type": "Point",
        "coordinates": [
          -17.2669206,
          14.7121533
        ]
      },
      "id": "node/2108145919"
    },
    {
      "type": "Feature",
      "properties": {
        "@id": "node/2108331470",
        "highway": "bus_stop"
      },
      "geometry": {
        "type": "Point",
        "coordinates": [
          -17.2739369,
          14.7159306
        ]
      },
      "id": "node/2108331470"
    },
    {
      "type": "Feature",
      "properties": {
        "@id": "node/2115182802",
        "bus": "yes",
        "highway": "bus_stop",
        "local_ref": "L34",
        "public_transport": "platform"
      },
      "geometry": {
        "type": "Point",
        "coordinates": [
          -17.4591565,
          14.7501951
        ]
      },
      "id": "node/2115182802"
    },
    {
      "type": "Feature",
      "properties": {
        "@id": "node/2115182804",
        "bus": "yes",
        "highway": "bus_stop",
        "local_ref": "L34",
        "public_transport": "platform"
      },
      "geometry": {
        "type": "Point",
        "coordinates": [
          -17.459929,
          14.7518136
        ]
      },
      "id": "node/2115182804"
    },
    {
      "type": "Feature",
      "properties": {
        "@id": "node/2115182805",
        "bus": "yes",
        "highway": "bus_stop",
        "local_ref": "L34",
        "name": "Terminus ligne 34",
        "public_transport": "platform"
      },
      "geometry": {
        "type": "Point",
        "coordinates": [
          -17.4619996,
          14.7542206
        ]
      },
      "id": "node/2115182805"
    },
    {
      "type": "Feature",
      "properties": {
        "@id": "node/2121628909",
        "bench": "no",
        "bin": "no",
        "bus": "yes",
        "highway": "bus_stop",
        "name": "Arrêt  mini bus (39,24 46,58,4,29,47,38)",
        "public_transport": "platform",
        "shelter": "no"
      },
      "geometry": {
        "type": "Point",
        "coordinates": [
          -17.4663919,
          14.6969311
        ]
      },
      "id": "node/2121628909"
    },
    {
      "type": "Feature",
      "properties": {
        "@id": "node/2121628913",
        "bench": "no",
        "bin": "no",
        "bus": "yes",
        "highway": "bus_stop",
        "public_transport": "platform",
        "shelter": "no"
      },
      "geometry": {
        "type": "Point",
        "coordinates": [
          -17.459925,
          14.6914463
        ]
      },
      "id": "node/2121628913"
    },
    {
      "type": "Feature",
      "properties": {
        "@id": "node/2133676484",
        "bus": "yes",
        "highway": "bus_stop",
        "public_transport": "platform"
      },
      "geometry": {
        "type": "Point",
        "coordinates": [
          -17.4673712,
          14.6981768
        ]
      },
      "id": "node/2133676484"
    },
    {
      "type": "Feature",
      "properties": {
        "@id": "node/2162802397",
        "bench": "no",
        "bus": "yes",
        "highway": "bus_stop",
        "name": "Arret bus tata 26-29-30-36",
        "public_transport": "platform",
        "shelter": "no"
      },
      "geometry": {
        "type": "Point",
        "coordinates": [
          -17.4292332,
          14.758749
        ]
      },
      "id": "node/2162802397"
    },
    {
      "type": "Feature",
      "properties": {
        "@id": "node/2162819227",
        "amenity": "bus_station",
        "bus": "yes",
        "name": "Arret Clandos",
        "public_transport": "station"
      },
      "geometry": {
        "type": "Point",
        "coordinates": [
          -17.429345,
          14.7589532
        ]
      },
      "id": "node/2162819227"
    },
    {
      "type": "Feature",
      "properties": {
        "@id": "node/2162824094",
        "bench": "no",
        "bus": "yes",
        "highway": "bus_stop",
        "name": "Arret Bus Tata 26-36",
        "public_transport": "platform",
        "shelter": "no",
        "tactile_paving": "no"
      },
      "geometry": {
        "type": "Point",
        "coordinates": [
          -17.4298108,
          14.7589813
        ]
      },
      "id": "node/2162824094"
    },
    {
      "type": "Feature",
      "properties": {
        "@id": "node/2168949718",
        "name": "Rufisque",
        "name:ar": "روفسك",
        "public_transport": "stop_position",
        "railway": "stop",
        "train": "yes"
      },
      "geometry": {
        "type": "Point",
        "coordinates": [
          -17.2700796,
          14.7158377
        ]
      },
      "id": "node/2168949718"
    },
    {
      "type": "Feature",
      "properties": {
        "@id": "node/2173614350",
        "bench": "yes",
        "bus": "yes",
        "highway": "bus_stop",
        "public_transport": "platform",
        "shelter": "yes",
        "tactile_paving": "no"
      },
      "geometry": {
        "type": "Point",
        "coordinates": [
          -17.464925,
          14.6791825
        ]
      },
      "id": "node/2173614350"
    },
    {
      "type": "Feature",
      "properties": {
        "@id": "node/2175197258",
        "bench": "no",
        "bus": "yes",
        "highway": "bus_stop",
        "name": "Arret bus 18 / 39",
        "public_transport": "platform",
        "shelter": "no",
        "tactile_paving": "no"
      },
      "geometry": {
        "type": "Point",
        "coordinates": [
          -17.4575791,
          14.6837603
        ]
      },
      "id": "node/2175197258"
    },
    {
      "type": "Feature",
      "properties": {
        "@id": "node/2175273854",
        "bus": "yes",
        "highway": "bus_stop",
        "public_transport": "platform",
        "source": "bing"
      },
      "geometry": {
        "type": "Point",
        "coordinates": [
          -17.4591595,
          14.6838516
        ]
      },
      "id": "node/2175273854"
    },
    {
      "type": "Feature",
      "properties": {
        "@id": "node/2178445933",
        "amenity": "bus_station",
        "bus": "yes",
        "public_transport": "station",
        "source": "bing; survey"
      },
      "geometry": {
        "type": "Point",
        "coordinates": [
          -17.4566751,
          14.6846093
        ]
      },
      "id": "node/2178445933"
    },
    {
      "type": "Feature",
      "properties": {
        "@id": "node/2322011305",
        "highway": "bus_stop"
      },
      "geometry": {
        "type": "Point",
        "coordinates": [
          -17.1812497,
          14.7209801
        ]
      },
      "id": "node/2322011305"
    },
    {
      "type": "Feature",
      "properties": {
        "@id": "node/2347556991",
        "bus": "yes",
        "highway": "bus_stop",
        "name": "Carrefour Keur Massar",
        "public_transport": "platform"
      },
      "geometry": {
        "type": "Point",
        "coordinates": [
          -17.3247917,
          14.7474805
        ]
      },
      "id": "node/2347556991"
    },
    {
      "type": "Feature",
      "properties": {
        "@id": "node/2347556994",
        "bus": "yes",
        "highway": "bus_stop",
        "name": "Keur Mbaye Fall Mosquée",
        "public_transport": "platform"
      },
      "geometry": {
        "type": "Point",
        "coordinates": [
          -17.3151948,
          14.7437142
        ]
      },
      "id": "node/2347556994"
    },
    {
      "type": "Feature",
      "properties": {
        "@id": "node/2347556996",
        "bus": "yes",
        "highway": "bus_stop",
        "name": "Ddd",
        "public_transport": "platform"
      },
      "geometry": {
        "type": "Point",
        "coordinates": [
          -17.3334445,
          14.7493481
        ]
      },
      "id": "node/2347556996"
    },
    {
      "type": "Feature",
      "properties": {
        "@id": "node/2347556999",
        "bus": "yes",
        "highway": "bus_stop",
        "name": "Carrefour Petit Mbao",
        "public_transport": "platform"
      },
      "geometry": {
        "type": "Point",
        "coordinates": [
          -17.3342599,
          14.7498098
        ]
      },
      "id": "node/2347556999"
    },
    {
      "type": "Feature",
      "properties": {
        "@id": "node/2347557002",
        "bus": "yes",
        "highway": "bus_stop",
        "name": "Carrefour Grand Mbao",
        "public_transport": "platform"
      },
      "geometry": {
        "type": "Point",
        "coordinates": [
          -17.3109515,
          14.739455
        ]
      },
      "id": "node/2347557002"
    },
    {
      "type": "Feature",
      "properties": {
        "@id": "node/2347557015",
        "bus": "yes",
        "highway": "bus_stop",
        "name": "Carrefour Grand Mbao",
        "public_transport": "platform"
      },
      "geometry": {
        "type": "Point",
        "coordinates": [
          -17.3095146,
          14.7375256
        ]
      },
      "id": "node/2347557015"
    },
    {
      "type": "Feature",
      "properties": {
        "@id": "node/2347557020",
        "bus": "yes",
        "highway": "bus_stop",
        "name": "Keur Mbaye Fall Mosquée",
        "public_transport": "platform"
      },
      "geometry": {
        "type": "Point",
        "coordinates": [
          -17.3152216,
          14.74415
        ]
      },
      "id": "node/2347557020"
    },
    {
      "type": "Feature",
      "properties": {
        "@id": "node/2347557023",
        "bus": "yes",
        "highway": "bus_stop",
        "name": "Carrefour Keur Massar",
        "public_transport": "platform"
      },
      "geometry": {
        "type": "Point",
        "coordinates": [
          -17.3255832,
          14.7481847
        ]
      },
      "id": "node/2347557023"
    },
    {
      "type": "Feature",
      "properties": {
        "@id": "node/2347557029",
        "highway": "bus_stop",
        "name": "Carrefour ZFI Mbao"
      },
      "geometry": {
        "type": "Point",
        "coordinates": [
          -17.3411157,
          14.7492443
        ]
      },
      "id": "node/2347557029"
    },
    {
      "type": "Feature",
      "properties": {
        "@id": "node/2532220922",
        "bus": "yes",
        "highway": "bus_stop",
        "public_transport": "platform",
        "shelter": "no"
      },
      "geometry": {
        "type": "Point",
        "coordinates": [
          -17.4831511,
          14.7157702
        ]
      },
      "id": "node/2532220922"
    },
    {
      "type": "Feature",
      "properties": {
        "@id": "node/2614599033",
        "highway": "bus_stop",
        "name": "228 (Toubab Dialaw/Rufisque)",
        "note": "Terminus",
        "operator": "Dakar Dem Dikk (DDD)",
        "shelter": "no"
      },
      "geometry": {
        "type": "Point",
        "coordinates": [
          -17.1490462,
          14.6039835
        ]
      },
      "id": "node/2614599033"
    },
    {
      "type": "Feature",
      "properties": {
        "@id": "node/2614602780",
        "highway": "bus_stop",
        "name": "228 (Toubab Dialaw/Rufisque)",
        "operator": "Dakar Dem Dikk (DDD)"
      },
      "geometry": {
        "type": "Point",
        "coordinates": [
          -17.1470625,
          14.6065317
        ]
      },
      "id": "node/2614602780"
    },
    {
      "type": "Feature",
      "properties": {
        "@id": "node/2614605068",
        "bus": "yes",
        "highway": "bus_stop",
        "name": "228 (Toubab Dialaw/Rufisque)",
        "note": "Terminus",
        "operator": "Dakar Dem Dikk",
        "public_transport": "platform"
      },
      "geometry": {
        "type": "Point",
        "coordinates": [
          -17.2825282,
          14.7205061
        ]
      },
      "id": "node/2614605068"
    },
    {
      "type": "Feature",
      "properties": {
        "@id": "node/2637247631",
        "bench": "yes",
        "bus": "yes",
        "highway": "bus_stop",
        "network": "Dakar Dem Dikk",
        "operator": "Dakar Dem Dikk",
        "public_transport": "platform",
        "shelter": "yes"
      },
      "geometry": {
        "type": "Point",
        "coordinates": [
          -17.4576138,
          14.7100542
        ]
      },
      "id": "node/2637247631"
    },
    {
      "type": "Feature",
      "properties": {
        "@id": "node/2637248411",
        "bench": "yes",
        "bus": "yes",
        "highway": "bus_stop",
        "operator": "dakar-dem-dikk",
        "public_transport": "platform",
        "shelter": "yes",
        "source": "survey"
      },
      "geometry": {
        "type": "Point",
        "coordinates": [
          -17.4541347,
          14.7109609
        ]
      },
      "id": "node/2637248411"
    },
    {
      "type": "Feature",
      "properties": {
        "@id": "node/2637254630",
        "bench": "no",
        "bus": "yes",
        "highway": "bus_stop",
        "operator": "GIE;Dakar Dem Dikk",
        "public_transport": "platform",
        "shelter": "no"
      },
      "geometry": {
        "type": "Point",
        "coordinates": [
          -17.4592194,
          14.7062674
        ]
      },
      "id": "node/2637254630"
    },
    {
      "type": "Feature",
      "properties": {
        "@id": "node/2637255107",
        "bus": "yes",
        "highway": "bus_stop",
        "operator": "dakar-dem-dikk",
        "public_transport": "platform",
        "source": "survey"
      },
      "geometry": {
        "type": "Point",
        "coordinates": [
          -17.4575411,
          14.7042938
        ]
      },
      "id": "node/2637255107"
    },
    {
      "type": "Feature",
      "properties": {
        "@id": "node/2637255966",
        "bench": "yes",
        "bus": "yes",
        "highway": "bus_stop",
        "operator": "Dakar-dem-dikk",
        "public_transport": "platform",
        "shelter": "yes",
        "source": "survey"
      },
      "geometry": {
        "type": "Point",
        "coordinates": [
          -17.4523011,
          14.7055553
        ]
      },
      "id": "node/2637255966"
    },
    {
      "type": "Feature",
      "properties": {
        "@id": "node/2637258856",
        "bus": "yes",
        "highway": "bus_stop",
        "operator": "dakar-dem-dikk",
        "public_transport": "platform",
        "source": "survey"
      },
      "geometry": {
        "type": "Point",
        "coordinates": [
          -17.4549957,
          14.7012781
        ]
      },
      "id": "node/2637258856"
    },
    {
      "type": "Feature",
      "properties": {
        "@id": "node/2637268039",
        "bus": "yes",
        "highway": "bus_stop",
        "public_transport": "platform",
        "source": "survey"
      },
      "geometry": {
        "type": "Point",
        "coordinates": [
          -17.4525377,
          14.7021634
        ]
      },
      "id": "node/2637268039"
    },
    {
      "type": "Feature",
      "properties": {
        "@id": "node/2854271147",
        "bus": "yes",
        "public_transport": "stop_position"
      },
      "geometry": {
        "type": "Point",
        "coordinates": [
          -17.4583612,
          14.7229291
        ]
      },
      "id": "node/2854271147"
    },
    {
      "type": "Feature",
      "properties": {
        "@id": "node/3049117165",
        "highway": "bus_stop",
        "name": "Ligne 228 - Mairie de Yène",
        "operator": "DDD",
        "shelter": "no"
      },
      "geometry": {
        "type": "Point",
        "coordinates": [
          -17.1740642,
          14.6404634
        ]
      },
      "id": "node/3049117165"
    },
    {
      "type": "Feature",
      "properties": {
        "@id": "node/3060110541",
        "bus": "yes",
        "highway": "bus_stop",
        "name": "Phare de Mamelle",
        "public_transport": "platform"
      },
      "geometry": {
        "type": "Point",
        "coordinates": [
          -17.5014671,
          14.7236436
        ]
      },
      "id": "node/3060110541"
    },
    {
      "type": "Feature",
      "properties": {
        "@id": "node/3186318883",
        "bus": "yes",
        "highway": "bus_stop",
        "operator": "Dakar-Dem-Dikk",
        "public_transport": "platform",
        "source": "bing"
      },
      "geometry": {
        "type": "Point",
        "coordinates": [
          -17.4471638,
          14.7014188
        ]
      },
      "id": "node/3186318883"
    },
    {
      "type": "Feature",
      "properties": {
        "@id": "node/3199922809",
        "bus": "yes",
        "highway": "bus_stop",
        "operator": "GIE",
        "public_transport": "platform"
      },
      "geometry": {
        "type": "Point",
        "coordinates": [
          -17.450698,
          14.6977347
        ]
      },
      "id": "node/3199922809"
    },
    {
      "type": "Feature",
      "properties": {
        "@id": "node/3199922810",
        "bus": "yes",
        "highway": "bus_stop",
        "operator": "GIE",
        "public_transport": "platform"
      },
      "geometry": {
        "type": "Point",
        "coordinates": [
          -17.4479317,
          14.6984171
        ]
      },
      "id": "node/3199922810"
    },
    {
      "type": "Feature",
      "properties": {
        "@id": "node/3199922812",
        "bus": "yes",
        "highway": "bus_stop",
        "operator": "GIE",
        "public_transport": "platform"
      },
      "geometry": {
        "type": "Point",
        "coordinates": [
          -17.4472839,
          14.6995536
        ]
      },
      "id": "node/3199922812"
    },
    {
      "type": "Feature",
      "properties": {
        "@id": "node/3199922813",
        "bus": "yes",
        "highway": "bus_stop",
        "name": "Tata",
        "operator": "GIE",
        "public_transport": "platform",
        "route_ref": "31"
      },
      "geometry": {
        "type": "Point",
        "coordinates": [
          -17.4544693,
          14.7006501
        ]
      },
      "id": "node/3199922813"
    },
    {
      "type": "Feature",
      "properties": {
        "@id": "node/3199922815",
        "bus": "yes",
        "highway": "bus_stop",
        "operator": "GIE",
        "public_transport": "platform"
      },
      "geometry": {
        "type": "Point",
        "coordinates": [
          -17.4488622,
          14.7026421
        ]
      },
      "id": "node/3199922815"
    },
    {
      "type": "Feature",
      "properties": {
        "@id": "node/3199928566",
        "bus": "yes",
        "highway": "bus_stop",
        "operator": "GIE",
        "public_transport": "platform"
      },
      "geometry": {
        "type": "Point",
        "coordinates": [
          -17.4559933,
          14.7067171
        ]
      },
      "id": "node/3199928566"
    },
    {
      "type": "Feature",
      "properties": {
        "@id": "node/3199928567",
        "bus": "yes",
        "highway": "bus_stop",
        "operator": "GIE",
        "public_transport": "platform"
      },
      "geometry": {
        "type": "Point",
        "coordinates": [
          -17.456851,
          14.7070008
        ]
      },
      "id": "node/3199928567"
    },
    {
      "type": "Feature",
      "properties": {
        "@id": "node/3199928568",
        "bus": "yes",
        "highway": "bus_stop",
        "operator": "GIE",
        "public_transport": "platform"
      },
      "geometry": {
        "type": "Point",
        "coordinates": [
          -17.4559187,
          14.7074884
        ]
      },
      "id": "node/3199928568"
    },
    {
      "type": "Feature",
      "properties": {
        "@id": "node/3199928570",
        "bus": "yes",
        "highway": "bus_stop",
        "operator": "GIE",
        "public_transport": "platform"
      },
      "geometry": {
        "type": "Point",
        "coordinates": [
          -17.4574433,
          14.708663
        ]
      },
      "id": "node/3199928570"
    },
    {
      "type": "Feature",
      "properties": {
        "@id": "node/3199931294",
        "bus": "yes",
        "highway": "bus_stop",
        "operator": "GIE",
        "public_transport": "platform"
      },
      "geometry": {
        "type": "Point",
        "coordinates": [
          -17.452489,
          14.706142
        ]
      },
      "id": "node/3199931294"
    },
    {
      "type": "Feature",
      "properties": {
        "@id": "node/3199931295",
        "bus": "yes",
        "highway": "bus_stop",
        "operator": "GIE",
        "public_transport": "platform"
      },
      "geometry": {
        "type": "Point",
        "coordinates": [
          -17.4529878,
          14.7075387
        ]
      },
      "id": "node/3199931295"
    },
    {
      "type": "Feature",
      "properties": {
        "@id": "node/3199931296",
        "bus": "yes",
        "highway": "bus_stop",
        "operator": "GIE",
        "public_transport": "platform"
      },
      "geometry": {
        "type": "Point",
        "coordinates": [
          -17.4543464,
          14.7079316
        ]
      },
      "id": "node/3199931296"
    },
    {
      "type": "Feature",
      "properties": {
        "@id": "node/3199931297",
        "bus": "yes",
        "highway": "bus_stop",
        "operator": "GIE",
        "public_transport": "platform"
      },
      "geometry": {
        "type": "Point",
        "coordinates": [
          -17.4542405,
          14.7080787
        ]
      },
      "id": "node/3199931297"
    },
    {
      "type": "Feature",
      "properties": {
        "@id": "node/3199931298",
        "bus": "yes",
        "highway": "bus_stop",
        "operator": "GIE;Dakar Dem Dikk",
        "public_transport": "platform",
        "shelter": "no"
      },
      "geometry": {
        "type": "Point",
        "coordinates": [
          -17.4534683,
          14.708996
        ]
      },
      "id": "node/3199931298"
    },
    {
      "type": "Feature",
      "properties": {
        "@id": "node/3199933230",
        "bus": "yes",
        "highway": "bus_stop",
        "operator": "GIE",
        "public_transport": "platform"
      },
      "geometry": {
        "type": "Point",
        "coordinates": [
          -17.4554898,
          14.7025765
        ]
      },
      "id": "node/3199933230"
    },
    {
      "type": "Feature",
      "properties": {
        "@id": "node/3199933231",
        "bus": "yes",
        "highway": "bus_stop",
        "operator": "GIE",
        "public_transport": "platform"
      },
      "geometry": {
        "type": "Point",
        "coordinates": [
          -17.4559026,
          14.7032098
        ]
      },
      "id": "node/3199933231"
    },
    {
      "type": "Feature",
      "properties": {
        "@id": "node/3199933232",
        "bus": "yes",
        "highway": "bus_stop",
        "operator": "GIE;Dakar Dem Dikk",
        "public_transport": "platform"
      },
      "geometry": {
        "type": "Point",
        "coordinates": [
          -17.4570292,
          14.7036683
        ]
      },
      "id": "node/3199933232"
    },
    {
      "type": "Feature",
      "properties": {
        "@id": "node/3199933233",
        "bus": "yes",
        "highway": "bus_stop",
        "operator": "GIE",
        "public_transport": "platform"
      },
      "geometry": {
        "type": "Point",
        "coordinates": [
          -17.4553617,
          14.7042836
        ]
      },
      "id": "node/3199933233"
    },
    {
      "type": "Feature",
      "properties": {
        "@id": "node/3199933234",
        "bus": "yes",
        "highway": "bus_stop",
        "operator": "GIE",
        "public_transport": "platform"
      },
      "geometry": {
        "type": "Point",
        "coordinates": [
          -17.4522851,
          14.7044691
        ]
      },
      "id": "node/3199933234"
    },
    {
      "type": "Feature",
      "properties": {
        "@id": "node/3199933235",
        "bus": "yes",
        "highway": "bus_stop",
        "operator": "GIE",
        "public_transport": "platform"
      },
      "geometry": {
        "type": "Point",
        "coordinates": [
          -17.4555895,
          14.7056742
        ]
      },
      "id": "node/3199933235"
    },
    {
      "type": "Feature",
      "properties": {
        "@id": "node/3199933859",
        "bus": "yes",
        "highway": "bus_stop",
        "operator": "GIE",
        "public_transport": "platform"
      },
      "geometry": {
        "type": "Point",
        "coordinates": [
          -17.4512874,
          14.7040021
        ]
      },
      "id": "node/3199933859"
    },
    {
      "type": "Feature",
      "properties": {
        "@id": "node/3199936046",
        "bus": "yes",
        "highway": "bus_stop",
        "operator": "GIE",
        "public_transport": "platform"
      },
      "geometry": {
        "type": "Point",
        "coordinates": [
          -17.4543279,
          14.7115201
        ]
      },
      "id": "node/3199936046"
    },
    {
      "type": "Feature",
      "properties": {
        "@id": "node/3199936047",
        "bus": "yes",
        "highway": "bus_stop",
        "name": "Arrêt bus AFTU",
        "operator": "GIE",
        "public_transport": "platform"
      },
      "geometry": {
        "type": "Point",
        "coordinates": [
          -17.4557081,
          14.7119901
        ]
      },
      "id": "node/3199936047"
    },
    {
      "type": "Feature",
      "properties": {
        "@id": "node/3202927798",
        "bus": "yes",
        "highway": "bus_stop",
        "public_transport": "platform"
      },
      "geometry": {
        "type": "Point",
        "coordinates": [
          -17.4862242,
          14.7175347
        ]
      },
      "id": "node/3202927798"
    },
    {
      "type": "Feature",
      "properties": {
        "@id": "node/3423162879",
        "public_transport": "stop_position",
        "source": "survey"
      },
      "geometry": {
        "type": "Point",
        "coordinates": [
          -17.4529972,
          14.7013767
        ]
      },
      "id": "node/3423162879"
    },
    {
      "type": "Feature",
      "properties": {
        "@id": "node/3424698326",
        "amenity": "bus_station",
        "bus": "yes",
        "name": "ARRET CASE BI",
        "public_transport": "station"
      },
      "geometry": {
        "type": "Point",
        "coordinates": [
          -17.4297524,
          14.7562152
        ]
      },
      "id": "node/3424698326"
    },
    {
      "type": "Feature",
      "properties": {
        "@id": "node/3426819647",
        "amenity": "bus_station",
        "bus": "yes",
        "public_transport": "station"
      },
      "geometry": {
        "type": "Point",
        "coordinates": [
          -17.4756048,
          14.7613374
        ]
      },
      "id": "node/3426819647"
    },
    {
      "type": "Feature",
      "properties": {
        "@id": "node/3426903732",
        "bus": "yes",
        "name": "Arrêt Bus Tata",
        "public_transport": "stop_position"
      },
      "geometry": {
        "type": "Point",
        "coordinates": [
          -17.4570183,
          14.7246046
        ]
      },
      "id": "node/3426903732"
    },
    {
      "type": "Feature",
      "properties": {
        "@id": "node/3434206994",
        "bench": "yes",
        "bus": "yes",
        "highway": "bus_stop",
        "name": "Arret bus Mamelles",
        "network": "Dakar Dem Dikk",
        "operator": "Dakar Dem Dikk",
        "public_transport": "platform",
        "shelter": "yes"
      },
      "geometry": {
        "type": "Point",
        "coordinates": [
          -17.5012368,
          14.7269246
        ]
      },
      "id": "node/3434206994"
    },
    {
      "type": "Feature",
      "properties": {
        "@id": "node/3435409347",
        "bus": "yes",
        "name": "Pharmacie de patte d'oie",
        "operator": "Dakar Dem Dikk",
        "public_transport": "stop_position",
        "source": "OSMTracker",
        "tactile_paving": "no"
      },
      "geometry": {
        "type": "Point",
        "coordinates": [
          -17.4457879,
          14.7415624
        ]
      },
      "id": "node/3435409347"
    },
    {
      "type": "Feature",
      "properties": {
        "@id": "node/3467756583",
        "fixme": "to be corrected in the field",
        "name": "Garage Clando Hamo 6",
        "public_transport": "station"
      },
      "geometry": {
        "type": "Point",
        "coordinates": [
          -17.3826722,
          14.7842709
        ]
      },
      "id": "node/3467756583"
    },
    {
      "type": "Feature",
      "properties": {
        "@id": "node/3473319955",
        "bus": "yes",
        "highway": "bus_stop",
        "name": "Gare Routière \"Les Pompiers\"",
        "public_transport": "platform"
      },
      "geometry": {
        "type": "Point",
        "coordinates": [
          -17.4403545,
          14.6848608
        ]
      },
      "id": "node/3473319955"
    },
    {
      "type": "Feature",
      "properties": {
        "@id": "node/3478004989",
        "bus": "yes",
        "highway": "bus_stop",
        "public_transport": "stop_position"
      },
      "geometry": {
        "type": "Point",
        "coordinates": [
          -17.4044593,
          14.7753833
        ]
      },
      "id": "node/3478004989"
    },
    {
      "type": "Feature",
      "properties": {
        "@id": "node/3478004992",
        "bus": "yes",
        "highway": "bus_stop",
        "public_transport": "stop_position"
      },
      "geometry": {
        "type": "Point",
        "coordinates": [
          -17.4043944,
          14.7752435
        ]
      },
      "id": "node/3478004992"
    },
    {
      "type": "Feature",
      "properties": {
        "@id": "node/3478019189",
        "bus": "yes",
        "highway": "bus_stop",
        "public_transport": "stop_position"
      },
      "geometry": {
        "type": "Point",
        "coordinates": [
          -17.4014161,
          14.7757639
        ]
      },
      "id": "node/3478019189"
    },
    {
      "type": "Feature",
      "properties": {
        "@id": "node/3481118108",
        "highway": "bus_stop",
        "name": "Gris Bordeaux"
      },
      "geometry": {
        "type": "Point",
        "coordinates": [
          -17.3277672,
          14.7338603
        ]
      },
      "id": "node/3481118108"
    },
    {
      "type": "Feature",
      "properties": {
        "@id": "node/3564577821",
        "addr:street": "boulevard du Koweït",
        "bus": "yes",
        "highway": "bus_stop",
        "opening_hours": "06:00-21:00",
        "public_transport": "platform"
      },
      "geometry": {
        "type": "Point",
        "coordinates": [
          -17.4654392,
          14.719558
        ]
      },
      "id": "node/3564577821"
    },
    {
      "type": "Feature",
      "properties": {
        "@id": "node/3576845841",
        "highway": "bus_stop",
        "name": "Gris Bordeaux"
      },
      "geometry": {
        "type": "Point",
        "coordinates": [
          -17.3270433,
          14.7337155
        ]
      },
      "id": "node/3576845841"
    },
    {
      "type": "Feature",
      "properties": {
        "@id": "node/3580321801",
        "amenity": "bus_station",
        "bus": "yes",
        "name": "Terminus Dakar Dem Dik",
        "public_transport": "station"
      },
      "geometry": {
        "type": "Point",
        "coordinates": [
          -17.3092214,
          14.7853971
        ]
      },
      "id": "node/3580321801"
    },
    {
      "type": "Feature",
      "properties": {
        "@id": "node/3662176348",
        "amenity": "ferry_terminal",
        "ferry": "yes",
        "name": "Casamance;Dakar",
        "name:ar": "داكار",
        "public_transport": "stop_position"
      },
      "geometry": {
        "type": "Point",
        "coordinates": [
          -17.4301855,
          14.6744665
        ]
      },
      "id": "node/3662176348"
    },
    {
      "type": "Feature",
      "properties": {
        "@id": "node/3662775413",
        "amenity": "taxi",
        "public_transport": "stop_position",
        "taxi": "yes"
      },
      "geometry": {
        "type": "Point",
        "coordinates": [
          -17.5242008,
          14.7451129
        ]
      },
      "id": "node/3662775413"
    },
    {
      "type": "Feature",
      "properties": {
        "@id": "node/3662983707",
        "amenity": "ferry_terminal",
        "check_date": "2025-01-06",
        "ferry": "yes",
        "name:en": "Pirogues to Ngor island",
        "name:fr": "Pirogues vers l'ile de Ngor",
        "public_transport": "stop_position"
      },
      "geometry": {
        "type": "Point",
        "coordinates": [
          -17.5116961,
          14.7502602
        ]
      },
      "id": "node/3662983707"
    },
    {
      "type": "Feature",
      "properties": {
        "@id": "node/3663075836",
        "amenity": "taxi",
        "public_transport": "stop_position",
        "taxi": "yes"
      },
      "geometry": {
        "type": "Point",
        "coordinates": [
          -17.4891938,
          14.7463881
        ]
      },
      "id": "node/3663075836"
    },
    {
      "type": "Feature",
      "properties": {
        "@id": "node/3663142236",
        "amenity": "ferry_terminal",
        "ferry": "yes",
        "name": "Île de Ngor",
        "public_transport": "stop_position"
      },
      "geometry": {
        "type": "Point",
        "coordinates": [
          -17.5128292,
          14.7549316
        ]
      },
      "id": "node/3663142236"
    },
    {
      "type": "Feature",
      "properties": {
        "@id": "node/3663505260",
        "bus": "yes",
        "highway": "bus_stop",
        "public_transport": "stop_position"
      },
      "geometry": {
        "type": "Point",
        "coordinates": [
          -17.4716615,
          14.7138547
        ]
      },
      "id": "node/3663505260"
    },
    {
      "type": "Feature",
      "properties": {
        "@id": "node/3663999733",
        "bus": "yes",
        "highway": "bus_stop",
        "note": "lignes 3,42,44",
        "public_transport": "stop_position"
      },
      "geometry": {
        "type": "Point",
        "coordinates": [
          -17.4872961,
          14.7204755
        ]
      },
      "id": "node/3663999733"
    },
    {
      "type": "Feature",
      "properties": {
        "@id": "node/3664240558",
        "bus": "yes",
        "highway": "bus_stop",
        "public_transport": "stop_position"
      },
      "geometry": {
        "type": "Point",
        "coordinates": [
          -17.4619718,
          14.6930828
        ]
      },
      "id": "node/3664240558"
    },
    {
      "type": "Feature",
      "properties": {
        "@id": "node/3700784824",
        "bus": "yes",
        "highway": "bus_stop",
        "public_transport": "platform"
      },
      "geometry": {
        "type": "Point",
        "coordinates": [
          -17.4699807,
          14.7056399
        ]
      },
      "id": "node/3700784824"
    },
    {
      "type": "Feature",
      "properties": {
        "@id": "node/3959698231",
        "highway": "bus_stop"
      },
      "geometry": {
        "type": "Point",
        "coordinates": [
          -17.2295246,
          14.7646141
        ]
      },
      "id": "node/3959698231"
    },
    {
      "type": "Feature",
      "properties": {
        "@id": "node/3959698233",
        "highway": "bus_stop"
      },
      "geometry": {
        "type": "Point",
        "coordinates": [
          -17.2294473,
          14.7652988
        ]
      },
      "id": "node/3959698233"
    },
    {
      "type": "Feature",
      "properties": {
        "@id": "node/3962190626",
        "bus": "yes",
        "highway": "bus_stop",
        "public_transport": "platform"
      },
      "geometry": {
        "type": "Point",
        "coordinates": [
          -17.4085046,
          14.7465592
        ]
      },
      "id": "node/3962190626"
    },
    {
      "type": "Feature",
      "properties": {
        "@id": "node/3962190670",
        "bus": "yes",
        "highway": "bus_stop",
        "public_transport": "platform"
      },
      "geometry": {
        "type": "Point",
        "coordinates": [
          -17.4046554,
          14.7464815
        ]
      },
      "id": "node/3962190670"
    },
    {
      "type": "Feature",
      "properties": {
        "@id": "node/3962190808",
        "bus": "yes",
        "highway": "bus_stop",
        "public_transport": "platform"
      },
      "geometry": {
        "type": "Point",
        "coordinates": [
          -17.4081537,
          14.7468568
        ]
      },
      "id": "node/3962190808"
    },
    {
      "type": "Feature",
      "properties": {
        "@id": "node/3962191361",
        "bus": "yes",
        "highway": "bus_stop",
        "public_transport": "platform"
      },
      "geometry": {
        "type": "Point",
        "coordinates": [
          -17.404857,
          14.746774
        ]
      },
      "id": "node/3962191361"
    },
    {
      "type": "Feature",
      "properties": {
        "@id": "node/3962630677",
        "bench": "yes",
        "bin": "no",
        "highway": "bus_stop",
        "shelter": "yes"
      },
      "geometry": {
        "type": "Point",
        "coordinates": [
          -17.4533282,
          14.675201
        ]
      },
      "id": "node/3962630677"
    },
    {
      "type": "Feature",
      "properties": {
        "@id": "node/3965135057",
        "bench": "yes",
        "bin": "no",
        "bus": "yes",
        "highway": "bus_stop",
        "public_transport": "platform",
        "shelter": "yes"
      },
      "geometry": {
        "type": "Point",
        "coordinates": [
          -17.4714819,
          14.7193278
        ]
      },
      "id": "node/3965135057"
    },
    {
      "type": "Feature",
      "properties": {
        "@id": "node/4044836611",
        "highway": "bus_stop",
        "public_transport": "stop_position"
      },
      "geometry": {
        "type": "Point",
        "coordinates": [
          -17.4717838,
          14.7399054
        ]
      },
      "id": "node/4044836611"
    },
    {
      "type": "Feature",
      "properties": {
        "@id": "node/4044837299",
        "highway": "bus_stop",
        "public_transport": "stop_position"
      },
      "geometry": {
        "type": "Point",
        "coordinates": [
          -17.4714484,
          14.7400525
        ]
      },
      "id": "node/4044837299"
    },
    {
      "type": "Feature",
      "properties": {
        "@id": "node/4044890993",
        "bus": "yes",
        "highway": "bus_stop",
        "public_transport": "platform"
      },
      "geometry": {
        "type": "Point",
        "coordinates": [
          -17.4687826,
          14.7398644
        ]
      },
      "id": "node/4044890993"
    },
    {
      "type": "Feature",
      "properties": {
        "@id": "node/4044891090",
        "bus": "yes",
        "departures_board": "no",
        "highway": "bus_stop",
        "name": "Arrêt de Bus Tata",
        "network": "AFTU",
        "public_transport": "platform"
      },
      "geometry": {
        "type": "Point",
        "coordinates": [
          -17.4580511,
          14.7295953
        ]
      },
      "id": "node/4044891090"
    },
    {
      "type": "Feature",
      "properties": {
        "@id": "node/4044891091",
        "bus": "yes",
        "highway": "bus_stop",
        "public_transport": "platform"
      },
      "geometry": {
        "type": "Point",
        "coordinates": [
          -17.465412,
          14.7377609
        ]
      },
      "id": "node/4044891091"
    },
    {
      "type": "Feature",
      "properties": {
        "@id": "node/4044891189",
        "bus": "yes",
        "highway": "bus_stop",
        "public_transport": "platform"
      },
      "geometry": {
        "type": "Point",
        "coordinates": [
          -17.4657239,
          14.7381593
        ]
      },
      "id": "node/4044891189"
    },
    {
      "type": "Feature",
      "properties": {
        "@id": "node/4109925391",
        "highway": "bus_stop",
        "name": "Arrêt Bus 72 Cité Air France Kounoune."
      },
      "geometry": {
        "type": "Point",
        "coordinates": [
          -17.2601336,
          14.7634562
        ]
      },
      "id": "node/4109925391"
    },
    {
      "type": "Feature",
      "properties": {
        "@id": "node/4209977299",
        "highway": "bus_stop",
        "name": "terminus Diamalaye",
        "network": "TATA",
        "source": "survey 2014"
      },
      "geometry": {
        "type": "Point",
        "coordinates": [
          -17.4527135,
          14.7596385
        ]
      },
      "id": "node/4209977299"
    },
    {
      "type": "Feature",
      "properties": {
        "@id": "node/4223949589",
        "bench": "no",
        "bus": "yes",
        "highway": "bus_stop",
        "network": "Dakar Dem Dikk",
        "operator": "Dakar Dem Dikk",
        "public_transport": "platform",
        "route_ref": "15;16B",
        "shelter": "no"
      },
      "geometry": {
        "type": "Point",
        "coordinates": [
          -17.4347978,
          14.7076639
        ]
      },
      "id": "node/4223949589"
    },
    {
      "type": "Feature",
      "properties": {
        "@id": "node/4223949590",
        "bus": "yes",
        "highway": "bus_stop",
        "network": "Dakar Dem Dikk",
        "operator": "Dakar Dem Dikk",
        "public_transport": "platform",
        "route_ref": "15;16B",
        "shelter": "no"
      },
      "geometry": {
        "type": "Point",
        "coordinates": [
          -17.4339806,
          14.7106466
        ]
      },
      "id": "node/4223949590"
    },
    {
      "type": "Feature",
      "properties": {
        "@id": "node/4223949591",
        "bus": "yes",
        "highway": "bus_stop",
        "network": "Dakar Dem Dikk",
        "operator": "Dakar Dem Dikk",
        "public_transport": "platform",
        "route_ref": "15;16B",
        "shelter": "no"
      },
      "geometry": {
        "type": "Point",
        "coordinates": [
          -17.4336301,
          14.7128526
        ]
      },
      "id": "node/4223949591"
    },
    {
      "type": "Feature",
      "properties": {
        "@id": "node/4223949593",
        "bench": "no",
        "bus": "yes",
        "highway": "bus_stop",
        "network": "Dakar Dem Dikk",
        "operator": "Dakar Dem Dikk",
        "public_transport": "platform",
        "route_ref": "12",
        "shelter": "no"
      },
      "geometry": {
        "type": "Point",
        "coordinates": [
          -17.4336302,
          14.7195663
        ]
      },
      "id": "node/4223949593"
    },
    {
      "type": "Feature",
      "properties": {
        "@id": "node/4223949594",
        "bus": "yes",
        "highway": "bus_stop",
        "network": "Dakar Dem Dikk",
        "operator": "Dakar Dem Dikk",
        "public_transport": "platform",
        "route_ref": "12",
        "shelter": "no"
      },
      "geometry": {
        "type": "Point",
        "coordinates": [
          -17.4350831,
          14.7209181
        ]
      },
      "id": "node/4223949594"
    },
    {
      "type": "Feature",
      "properties": {
        "@id": "node/4223949596",
        "bench": "no",
        "bus": "yes",
        "highway": "bus_stop",
        "name": "Arret DDD",
        "network": "Dakar Dem Dikk",
        "operator": "Dakar Dem Dikk",
        "public_transport": "platform",
        "route_ref": "12",
        "shelter": "no"
      },
      "geometry": {
        "type": "Point",
        "coordinates": [
          -17.4366184,
          14.7222751
        ]
      },
      "id": "node/4223949596"
    },
    {
      "type": "Feature",
      "properties": {
        "@id": "node/4223949598",
        "bench": "no",
        "bus": "yes",
        "highway": "bus_stop",
        "network": "Dakar Dem Dikk",
        "operator": "Dakar Dem Dikk",
        "public_transport": "platform",
        "route_ref": "232",
        "shelter": "no"
      },
      "geometry": {
        "type": "Point",
        "coordinates": [
          -17.4378165,
          14.7243785
        ]
      },
      "id": "node/4223949598"
    },
    {
      "type": "Feature",
      "properties": {
        "@id": "node/4223949599",
        "bus": "yes",
        "highway": "bus_stop",
        "name": "Arret DDD",
        "network": "Dakar Dem Dikk",
        "operator": "Dakar Dem Dikk",
        "public_transport": "platform",
        "route_ref": "12;15;16B",
        "shelter": "no"
      },
      "geometry": {
        "type": "Point",
        "coordinates": [
          -17.4294771,
          14.7256872
        ]
      },
      "id": "node/4223949599"
    },
    {
      "type": "Feature",
      "properties": {
        "@id": "node/4223959275",
        "bench": "no",
        "bus": "yes",
        "highway": "bus_stop",
        "network": "Dakar Dem Dikk",
        "operator": "Dakar Dem Dikk",
        "public_transport": "platform",
        "route_ref": "15;16B",
        "shelter": "no",
        "tram": "no"
      },
      "geometry": {
        "type": "Point",
        "coordinates": [
          -17.4361645,
          14.7029501
        ]
      },
      "id": "node/4223959275"
    },
    {
      "type": "Feature",
      "properties": {
        "@id": "node/4223959276",
        "bench": "no",
        "bus": "yes",
        "highway": "bus_stop",
        "network": "Dakar Dem Dikk",
        "operator": "Dakar Dem Dikk",
        "public_transport": "platform",
        "route_ref": "15;16B",
        "shelter": "no"
      },
      "geometry": {
        "type": "Point",
        "coordinates": [
          -17.4349135,
          14.7076185
        ]
      },
      "id": "node/4223959276"
    },
    {
      "type": "Feature",
      "properties": {
        "@id": "node/4223959277",
        "bus": "yes",
        "highway": "bus_stop",
        "network": "Dakar Dem Dikk",
        "operator": "Dakar Dem Dikk",
        "public_transport": "platform",
        "route_ref": "15;16B",
        "shelter": "no"
      },
      "geometry": {
        "type": "Point",
        "coordinates": [
          -17.4338033,
          14.7128794
        ]
      },
      "id": "node/4223959277"
    },
    {
      "type": "Feature",
      "properties": {
        "@id": "node/4223959278",
        "bench": "no",
        "bus": "yes",
        "highway": "bus_stop",
        "network": "Dakar Dem Dikk",
        "operator": "Dakar Dem Dikk",
        "public_transport": "platform",
        "route_ref": "12;15;16B",
        "shelter": "no",
        "tram": "no"
      },
      "geometry": {
        "type": "Point",
        "coordinates": [
          -17.4323356,
          14.7198561
        ]
      },
      "id": "node/4223959278"
    },
    {
      "type": "Feature",
      "properties": {
        "@id": "node/4223959279",
        "bench": "no",
        "bus": "yes",
        "highway": "bus_stop",
        "network": "Dakar Dem Dikk",
        "operator": "Dakar Dem Dikk",
        "public_transport": "platform",
        "route_ref": "12",
        "shelter": "no"
      },
      "geometry": {
        "type": "Point",
        "coordinates": [
          -17.434832,
          14.7204872
        ]
      },
      "id": "node/4223959279"
    },
    {
      "type": "Feature",
      "properties": {
        "@id": "node/4223959280",
        "bench": "no",
        "bus": "yes",
        "highway": "bus_stop",
        "network": "Dakar Dem Dikk",
        "operator": "Dakar Dem Dikk",
        "public_transport": "platform",
        "route_ref": "12;15;16B",
        "shelter": "no"
      },
      "geometry": {
        "type": "Point",
        "coordinates": [
          -17.43082,
          14.7233694
        ]
      },
      "id": "node/4223959280"
    },
    {
      "type": "Feature",
      "properties": {
        "@id": "node/4223959281",
        "bus": "yes",
        "highway": "bus_stop",
        "network": "Dakar Dem Dikk",
        "operator": "Dakar Dem Dikk",
        "public_transport": "platform",
        "route_ref": "12",
        "tram": "no"
      },
      "geometry": {
        "type": "Point",
        "coordinates": [
          -17.4377619,
          14.720335
        ]
      },
      "id": "node/4223959281"
    },
    {
      "type": "Feature",
      "properties": {
        "@id": "node/4223959282",
        "bench": "no",
        "bus": "yes",
        "highway": "bus_stop",
        "network": "Dakar Dem Dikk",
        "operator": "Dakar Dem Dikk",
        "public_transport": "platform",
        "route_ref": "232",
        "share_taxi": "yes",
        "shelter": "no"
      },
      "geometry": {
        "type": "Point",
        "coordinates": [
          -17.4379887,
          14.7243431
        ]
      },
      "id": "node/4223959282"
    },
    {
      "type": "Feature",
      "properties": {
        "@id": "node/4223959283",
        "bench": "no",
        "bus": "yes",
        "highway": "bus_stop",
        "network": "Dakar Dem Dikk",
        "operator": "Dakar Dem Dikk",
        "public_transport": "platform",
        "route_ref": "12;15;16B",
        "shelter": "no"
      },
      "geometry": {
        "type": "Point",
        "coordinates": [
          -17.4238241,
          14.7309525
        ]
      },
      "id": "node/4223959283"
    },
    {
      "type": "Feature",
      "properties": {
        "@id": "node/4223959284",
        "bus": "yes",
        "highway": "bus_stop",
        "network": "Dakar Dem Dikk",
        "operator": "Dakar Dem Dikk",
        "public_transport": "platform",
        "route_ref": "12;15;16B",
        "shelter": "no"
      },
      "geometry": {
        "type": "Point",
        "coordinates": [
          -17.4202466,
          14.7331418
        ]
      },
      "id": "node/4223959284"
    },
    {
      "type": "Feature",
      "properties": {
        "@id": "node/4231306091",
        "highway": "bus_stop",
        "name": "32"
      },
      "geometry": {
        "type": "Point",
        "coordinates": [
          -17.3754208,
          14.7421702
        ]
      },
      "id": "node/4231306091"
    },
    {
      "type": "Feature",
      "properties": {
        "@id": "node/4234120889",
        "bus": "yes",
        "highway": "bus_stop",
        "network": "Dakar Dem Dikk",
        "operator": "Dakar Dem Dikk",
        "public_transport": "platform",
        "route_ref": "12;15;16B",
        "shelter": "no"
      },
      "geometry": {
        "type": "Point",
        "coordinates": [
          -17.4317379,
          14.7209996
        ]
      },
      "id": "node/4234120889"
    },
    {
      "type": "Feature",
      "properties": {
        "@id": "node/4234120892",
        "bus": "yes",
        "highway": "bus_stop",
        "network": "Dakar Dem Dikk",
        "operator": "Dakar Dem Dikk",
        "public_transport": "platform",
        "route_ref": "12;15;16B",
        "shelter": "no"
      },
      "geometry": {
        "type": "Point",
        "coordinates": [
          -17.4255391,
          14.7297491
        ]
      },
      "id": "node/4234120892"
    },
    {
      "type": "Feature",
      "properties": {
        "@id": "node/4234120893",
        "bus": "yes",
        "highway": "bus_stop",
        "network": "Dakar Dem Dikk",
        "operator": "Dakar Dem Dikk",
        "public_transport": "platform",
        "route_ref": "12;15;16B",
        "shelter": "no"
      },
      "geometry": {
        "type": "Point",
        "coordinates": [
          -17.4235858,
          14.7309057
        ]
      },
      "id": "node/4234120893"
    },
    {
      "type": "Feature",
      "properties": {
        "@id": "node/4234120894",
        "bus": "yes",
        "highway": "bus_stop",
        "network": "Dakar Dem Dikk",
        "operator": "Dakar Dem Dikk",
        "public_transport": "platform",
        "route_ref": "12;15;16B;232",
        "shelter": "no"
      },
      "geometry": {
        "type": "Point",
        "coordinates": [
          -17.4191894,
          14.7335351
        ]
      },
      "id": "node/4234120894"
    },
    {
      "type": "Feature",
      "properties": {
        "@id": "node/4234120895",
        "bus": "yes",
        "highway": "bus_stop",
        "name": "Yarakh",
        "network": "Dakar Dem Dikk",
        "operator": "Dakar Dem Dikk",
        "public_transport": "platform",
        "route_ref": "12;15;16B;232",
        "shelter": "no"
      },
      "geometry": {
        "type": "Point",
        "coordinates": [
          -17.4161783,
          14.7354486
        ]
      },
      "id": "node/4234120895"
    },
    {
      "type": "Feature",
      "properties": {
        "@id": "node/4234120896",
        "bus": "yes",
        "highway": "bus_stop",
        "name": "Yarakh",
        "network": "Dakar Dem Dikk",
        "operator": "Dakar Dem Dikk",
        "public_transport": "platform",
        "route_ref": "12;15;16B;232",
        "shelter": "no"
      },
      "geometry": {
        "type": "Point",
        "coordinates": [
          -17.4162012,
          14.7355984
        ]
      },
      "id": "node/4234120896"
    },
    {
      "type": "Feature",
      "properties": {
        "@id": "node/4241761696",
        "bus": "yes",
        "highway": "bus_stop",
        "name": "gare serigne mourtala",
        "public_transport": "platform",
        "shelter": "yes",
        "wheelchair": "no"
      },
      "geometry": {
        "type": "Point",
        "coordinates": [
          -17.4295313,
          14.7605525
        ]
      },
      "id": "node/4241761696"
    },
    {
      "type": "Feature",
      "properties": {
        "@id": "node/4258281389",
        "bus": "yes",
        "highway": "bus_stop",
        "public_transport": "platform"
      },
      "geometry": {
        "type": "Point",
        "coordinates": [
          -17.4687975,
          14.7000011
        ]
      },
      "id": "node/4258281389"
    },
    {
      "type": "Feature",
      "properties": {
        "@id": "node/4305613595",
        "bus": "yes",
        "highway": "bus_stop",
        "name": "Arrêt bus AFTU",
        "public_transport": "platform"
      },
      "geometry": {
        "type": "Point",
        "coordinates": [
          -17.4555452,
          14.7123449
        ]
      },
      "id": "node/4305613595"
    },
    {
      "type": "Feature",
      "properties": {
        "@id": "node/4305613596",
        "bus": "yes",
        "highway": "bus_stop",
        "name": "Dakar Dem Dikk",
        "operator": "P9  P6",
        "public_transport": "platform"
      },
      "geometry": {
        "type": "Point",
        "coordinates": [
          -17.4535166,
          14.7103599
        ]
      },
      "id": "node/4305613596"
    },
    {
      "type": "Feature",
      "properties": {
        "@id": "node/4323807978",
        "bus": "yes",
        "highway": "bus_stop",
        "network": "Dakar Dem Dikk",
        "operator": "Dakar Dem Dikk",
        "public_transport": "platform",
        "shelter": "no",
        "source": "bing;survey"
      },
      "geometry": {
        "type": "Point",
        "coordinates": [
          -17.4829157,
          14.7270333
        ]
      },
      "id": "node/4323807978"
    },
    {
      "type": "Feature",
      "properties": {
        "@id": "node/4323807979",
        "bench": "yes",
        "bus": "yes",
        "highway": "bus_stop",
        "network": "Dakar Dem Dikk",
        "operator": "Dakar Dem Dikk",
        "public_transport": "platform",
        "shelter": "yes",
        "source": "bing;survey"
      },
      "geometry": {
        "type": "Point",
        "coordinates": [
          -17.4831566,
          14.7271022
        ]
      },
      "id": "node/4323807979"
    },
    {
      "type": "Feature",
      "properties": {
        "@id": "node/4323807980",
        "bus": "yes",
        "highway": "bus_stop",
        "network": "Dakar Dem Dikk",
        "operator": "Dakar Dem Dikk",
        "public_transport": "platform",
        "shelter": "no",
        "source": "bing;survey"
      },
      "geometry": {
        "type": "Point",
        "coordinates": [
          -17.485296,
          14.7273725
        ]
      },
      "id": "node/4323807980"
    },
    {
      "type": "Feature",
      "properties": {
        "@id": "node/4323807981",
        "bus": "yes",
        "highway": "bus_stop",
        "network": "Dakar Dem Dikk",
        "operator": "Dakar Dem Dikk",
        "public_transport": "platform",
        "shelter": "no",
        "source": "bing;survey"
      },
      "geometry": {
        "type": "Point",
        "coordinates": [
          -17.4852022,
          14.727429
        ]
      },
      "id": "node/4323807981"
    },
    {
      "type": "Feature",
      "properties": {
        "@id": "node/4323807982",
        "highway": "bus_stop",
        "network": "Dakar Dem Dikk",
        "operator": "Dakar Dem Dikk",
        "public_transport": "platform",
        "shelter": "no",
        "source": "bing;survey"
      },
      "geometry": {
        "type": "Point",
        "coordinates": [
          -17.4504501,
          14.7275147
        ]
      },
      "id": "node/4323807982"
    },
    {
      "type": "Feature",
      "properties": {
        "@id": "node/4323807983",
        "bus": "yes",
        "highway": "bus_stop",
        "network": "Dakar Dem Dikk",
        "operator": "Dakar Dem Dikk",
        "public_transport": "platform",
        "shelter": "no",
        "source": "bing;survey"
      },
      "geometry": {
        "type": "Point",
        "coordinates": [
          -17.4881273,
          14.7277439
        ]
      },
      "id": "node/4323807983"
    },
    {
      "type": "Feature",
      "properties": {
        "@id": "node/4323807984",
        "bus": "yes",
        "highway": "bus_stop",
        "network": "Dakar Dem Dikk",
        "operator": "Dakar Dem Dikk",
        "public_transport": "platform",
        "shelter": "no",
        "source": "bing;survey"
      },
      "geometry": {
        "type": "Point",
        "coordinates": [
          -17.4879707,
          14.728102
        ]
      },
      "id": "node/4323807984"
    },
    {
      "type": "Feature",
      "properties": {
        "@id": "node/4323807985",
        "bus": "yes",
        "highway": "bus_stop",
        "name": "Arrêt Limite Khar YALLA",
        "network": "Dakar Dem Dikk",
        "operator": "Dakar Dem Dikk",
        "public_transport": "platform",
        "ref": "Ligne 23",
        "shelter": "no",
        "source": "bing;survey"
      },
      "geometry": {
        "type": "Point",
        "coordinates": [
          -17.4531514,
          14.7281273
        ]
      },
      "id": "node/4323807985"
    },
    {
      "type": "Feature",
      "properties": {
        "@id": "node/4323807986",
        "bus": "yes",
        "highway": "bus_stop",
        "network": "Dakar Dem Dikk",
        "operator": "Dakar Dem Dikk",
        "public_transport": "platform",
        "shelter": "no",
        "source": "bing;survey"
      },
      "geometry": {
        "type": "Point",
        "coordinates": [
          -17.4463871,
          14.7292485
        ]
      },
      "id": "node/4323807986"
    },
    {
      "type": "Feature",
      "properties": {
        "@id": "node/4323807987",
        "bus": "yes",
        "highway": "bus_stop",
        "network": "Dakar Dem Dikk",
        "operator": "Dakar Dem Dikk",
        "public_transport": "platform",
        "shelter": "no",
        "source": "bing;survey"
      },
      "geometry": {
        "type": "Point",
        "coordinates": [
          -17.491141,
          14.7293903
        ]
      },
      "id": "node/4323807987"
    },
    {
      "type": "Feature",
      "properties": {
        "@id": "node/4323807988",
        "bus": "yes",
        "highway": "bus_stop",
        "network": "Dakar Dem Dikk",
        "operator": "Dakar Dem Dikk",
        "public_transport": "platform",
        "shelter": "no",
        "source": "bing;survey"
      },
      "geometry": {
        "type": "Point",
        "coordinates": [
          -17.4925647,
          14.7296843
        ]
      },
      "id": "node/4323807988"
    },
    {
      "type": "Feature",
      "properties": {
        "@id": "node/4323838489",
        "bench": "no",
        "bin": "no",
        "bus": "yes",
        "check_date:shelter": "2023-07-04",
        "highway": "bus_stop",
        "network": "Dakar Dem Dikk",
        "operator": "Dakar Dem Dikk",
        "public_transport": "platform",
        "shelter": "no",
        "source": "bing;survey"
      },
      "geometry": {
        "type": "Point",
        "coordinates": [
          -17.4582078,
          14.7296803
        ]
      },
      "id": "node/4323838489"
    },
    {
      "type": "Feature",
      "properties": {
        "@id": "node/4323838490",
        "highway": "bus_stop",
        "network": "Dakar Dem Dikk",
        "operator": "Dakar Dem Dikk",
        "public_transport": "platform",
        "shelter": "no",
        "source": "bing;survey"
      },
      "geometry": {
        "type": "Point",
        "coordinates": [
          -17.4579721,
          14.7299174
        ]
      },
      "id": "node/4323838490"
    },
    {
      "type": "Feature",
      "properties": {
        "@id": "node/4323838491",
        "bus": "yes",
        "highway": "bus_stop",
        "network": "Dakar Dem Dikk",
        "operator": "Dakar Dem Dikk",
        "public_transport": "platform",
        "shelter": "no"
      },
      "geometry": {
        "type": "Point",
        "coordinates": [
          -17.4464314,
          14.7304528
        ]
      },
      "id": "node/4323838491"
    },
    {
      "type": "Feature",
      "properties": {
        "@id": "node/4323838492",
        "bus": "yes",
        "highway": "bus_stop",
        "network": "Dakar Dem Dikk",
        "operator": "Dakar Dem Dikk",
        "public_transport": "platform",
        "shelter": "no",
        "source": "bing;survey"
      },
      "geometry": {
        "type": "Point",
        "coordinates": [
          -17.4947442,
          14.73069
        ]
      },
      "id": "node/4323838492"
    },
    {
      "type": "Feature",
      "properties": {
        "@id": "node/4323838493",
        "bus": "yes",
        "highway": "bus_stop",
        "name": "Arret Rond Point 6",
        "network": "Dakar Dem Dikk",
        "operator": "Dakar Dem Dikk",
        "public_transport": "platform",
        "ref": "Ligne 23",
        "shelter": "no",
        "source": "bing;survey"
      },
      "geometry": {
        "type": "Point",
        "coordinates": [
          -17.4565734,
          14.7308875
        ]
      },
      "id": "node/4323838493"
    },
    {
      "type": "Feature",
      "properties": {
        "@id": "node/4323838494",
        "bus": "yes",
        "highway": "bus_stop",
        "network": "Dakar Dem Dikk",
        "operator": "Dakar Dem Dikk",
        "public_transport": "platform",
        "shelter": "no",
        "source": "bing;survey"
      },
      "geometry": {
        "type": "Point",
        "coordinates": [
          -17.4936008,
          14.7310037
        ]
      },
      "id": "node/4323838494"
    },
    {
      "type": "Feature",
      "properties": {
        "@id": "node/4323838495",
        "bus": "yes",
        "highway": "bus_stop",
        "name": "Arrêt Khar Yalla",
        "network": "Dakar Dem Dikk",
        "operator": "Dakar Dem Dikk",
        "public_transport": "platform",
        "ref": "Ligne 23",
        "shelter": "no",
        "source": "bing;survey"
      },
      "geometry": {
        "type": "Point",
        "coordinates": [
          -17.4566575,
          14.7311092
        ]
      },
      "id": "node/4323838495"
    },
    {
      "type": "Feature",
      "properties": {
        "@id": "node/4323838496",
        "bus": "yes",
        "highway": "bus_stop",
        "network": "Dakar Dem Dikk",
        "operator": "Dakar Dem Dikk",
        "public_transport": "platform",
        "shelter": "no",
        "source": "bing;survey"
      },
      "geometry": {
        "type": "Point",
        "coordinates": [
          -17.4951195,
          14.7316664
        ]
      },
      "id": "node/4323838496"
    },
    {
      "type": "Feature",
      "properties": {
        "@id": "node/4323838497",
        "bus": "yes",
        "highway": "bus_stop",
        "network": "Dakar Dem Dikk",
        "operator": "Dakar Dem Dikk",
        "public_transport": "platform",
        "shelter": "no",
        "source": "bing;survey"
      },
      "geometry": {
        "type": "Point",
        "coordinates": [
          -17.4594349,
          14.7317885
        ]
      },
      "id": "node/4323838497"
    },
    {
      "type": "Feature",
      "properties": {
        "@id": "node/4323838498",
        "bench": "no",
        "bin": "no",
        "bus": "yes",
        "check_date:bench": "2023-07-04",
        "check_date:shelter": "2023-07-04",
        "highway": "bus_stop",
        "network": "Dakar Dem Dikk",
        "operator": "Dakar Dem Dikk",
        "public_transport": "platform",
        "shelter": "no",
        "source": "bing;survey"
      },
      "geometry": {
        "type": "Point",
        "coordinates": [
          -17.4600071,
          14.7319838
        ]
      },
      "id": "node/4323838498"
    },
    {
      "type": "Feature",
      "properties": {
        "@id": "node/4323838499",
        "bench": "yes",
        "bus": "yes",
        "highway": "bus_stop",
        "network": "Dakar Dem Dikk",
        "operator": "Dakar Dem Dikk",
        "public_transport": "platform",
        "shelter": "yes",
        "source": "bing;survey"
      },
      "geometry": {
        "type": "Point",
        "coordinates": [
          -17.446184,
          14.7323064
        ]
      },
      "id": "node/4323838499"
    },
    {
      "type": "Feature",
      "properties": {
        "@id": "node/4323838500",
        "bus": "yes",
        "highway": "bus_stop",
        "network": "Dakar Dem Dikk",
        "operator": "Dakar Dem Dikk",
        "public_transport": "platform",
        "shelter": "no"
      },
      "geometry": {
        "type": "Point",
        "coordinates": [
          -17.4462797,
          14.73247
        ]
      },
      "id": "node/4323838500"
    },
    {
      "type": "Feature",
      "properties": {
        "@id": "node/4323838501",
        "bench": "yes",
        "bus": "yes",
        "highway": "bus_stop",
        "network": "Dakar Dem Dikk",
        "operator": "Dakar Dem Dikk",
        "public_transport": "platform",
        "shelter": "yes",
        "source": "bing;survey"
      },
      "geometry": {
        "type": "Point",
        "coordinates": [
          -17.4929819,
          14.7324566
        ]
      },
      "id": "node/4323838501"
    },
    {
      "type": "Feature",
      "properties": {
        "@id": "node/4323838502",
        "bench": "yes",
        "bin": "no",
        "bus": "yes",
        "highway": "bus_stop",
        "network": "Dakar Dem Dikk",
        "operator": "Dakar Dem Dikk",
        "public_transport": "platform",
        "shelter": "no",
        "source": "bing;survey"
      },
      "geometry": {
        "type": "Point",
        "coordinates": [
          -17.4613669,
          14.7336896
        ]
      },
      "id": "node/4323838502"
    },
    {
      "type": "Feature",
      "properties": {
        "@id": "node/4323838503",
        "bus": "yes",
        "highway": "bus_stop",
        "network": "Dakar Dem Dikk",
        "operator": "Dakar Dem Dikk",
        "public_transport": "platform",
        "shelter": "no"
      },
      "geometry": {
        "type": "Point",
        "coordinates": [
          -17.4460673,
          14.7339096
        ]
      },
      "id": "node/4323838503"
    },
    {
      "type": "Feature",
      "properties": {
        "@id": "node/4323838504",
        "bus": "yes",
        "highway": "bus_stop",
        "network": "Dakar Dem Dikk",
        "operator": "Dakar Dem Dikk",
        "public_transport": "platform",
        "shelter": "no",
        "source": "bing;survey"
      },
      "geometry": {
        "type": "Point",
        "coordinates": [
          -17.461321,
          14.7342296
        ]
      },
      "id": "node/4323838504"
    },
    {
      "type": "Feature",
      "properties": {
        "@id": "node/4323838505",
        "bus": "yes",
        "highway": "bus_stop",
        "network": "Dakar Dem Dikk",
        "operator": "Dakar Dem Dikk",
        "public_transport": "platform",
        "shelter": "no"
      },
      "geometry": {
        "type": "Point",
        "coordinates": [
          -17.4461626,
          14.7345017
        ]
      },
      "id": "node/4323838505"
    },
    {
      "type": "Feature",
      "properties": {
        "@id": "node/4323838506",
        "bus": "yes",
        "highway": "bus_stop",
        "network": "Dakar Dem Dikk",
        "operator": "Dakar Dem Dikk",
        "public_transport": "platform",
        "shelter": "no",
        "source": "bing;survey"
      },
      "geometry": {
        "type": "Point",
        "coordinates": [
          -17.508795,
          14.7346495
        ]
      },
      "id": "node/4323838506"
    },
    {
      "type": "Feature",
      "properties": {
        "@id": "node/4323838507",
        "bench": "yes",
        "highway": "bus_stop",
        "network": "Dakar Dem Dikk",
        "operator": "Dakar Dem Dikk",
        "public_transport": "platform",
        "shelter": "yes",
        "source": "bing;survey"
      },
      "geometry": {
        "type": "Point",
        "coordinates": [
          -17.4730452,
          14.7348828
        ]
      },
      "id": "node/4323838507"
    },
    {
      "type": "Feature",
      "properties": {
        "@id": "node/4323838508",
        "bus": "yes",
        "highway": "bus_stop",
        "network": "Dakar Dem Dikk",
        "operator": "Dakar Dem Dikk",
        "public_transport": "platform",
        "shelter": "no",
        "source": "bing;survey"
      },
      "geometry": {
        "type": "Point",
        "coordinates": [
          -17.4560045,
          14.7351706
        ]
      },
      "id": "node/4323838508"
    },
    {
      "type": "Feature",
      "properties": {
        "@id": "node/4323838509",
        "bus": "yes",
        "highway": "bus_stop",
        "network": "Dakar Dem Dikk",
        "operator": "Dakar Dem Dikk",
        "public_transport": "platform",
        "ref": "L 121",
        "shelter": "no",
        "source": "survey;bing;Dakar Dem Dikk"
      },
      "geometry": {
        "type": "Point",
        "coordinates": [
          -17.4615452,
          14.7351958
        ]
      },
      "id": "node/4323838509"
    },
    {
      "type": "Feature",
      "properties": {
        "@id": "node/4323838510",
        "bus": "yes",
        "highway": "bus_stop",
        "network": "Dakar Dem Dikk",
        "operator": "Dakar Dem Dikk",
        "public_transport": "platform",
        "shelter": "no",
        "source": "bing;survey"
      },
      "geometry": {
        "type": "Point",
        "coordinates": [
          -17.5087949,
          14.735423
        ]
      },
      "id": "node/4323838510"
    },
    {
      "type": "Feature",
      "properties": {
        "@id": "node/4323838511",
        "bus": "yes",
        "highway": "bus_stop",
        "name": "Arrêt Credit Mutuel",
        "network": "Dakar Dem Dikk",
        "operator": "Dakar Dem Dikk",
        "public_transport": "platform",
        "ref": "Ligne 23",
        "shelter": "no",
        "source": "bing;survey"
      },
      "geometry": {
        "type": "Point",
        "coordinates": [
          -17.455744,
          14.7354522
        ]
      },
      "id": "node/4323838511"
    },
    {
      "type": "Feature",
      "properties": {
        "@id": "node/4323838512",
        "highway": "bus_stop",
        "network": "Dakar Dem Dikk",
        "operator": "Dakar Dem Dikk",
        "public_transport": "platform",
        "shelter": "no",
        "source": "bing;survey"
      },
      "geometry": {
        "type": "Point",
        "coordinates": [
          -17.4733169,
          14.7357947
        ]
      },
      "id": "node/4323838512"
    },
    {
      "type": "Feature",
      "properties": {
        "@id": "node/4323838513",
        "bus": "yes",
        "highway": "bus_stop",
        "network": "Dakar Dem Dikk",
        "operator": "Dakar Dem Dikk",
        "public_transport": "platform",
        "shelter": "no",
        "source": "bing;survey"
      },
      "geometry": {
        "type": "Point",
        "coordinates": [
          -17.4609084,
          14.735806
        ]
      },
      "id": "node/4323838513"
    },
    {
      "type": "Feature",
      "properties": {
        "@id": "node/4323838514",
        "bus": "yes",
        "highway": "bus_stop",
        "network": "Dakar Dem Dikk",
        "operator": "Dakar Dem Dikk",
        "public_transport": "platform",
        "shelter": "no"
      },
      "geometry": {
        "type": "Point",
        "coordinates": [
          -17.4452548,
          14.7367457
        ]
      },
      "id": "node/4323838514"
    },
    {
      "type": "Feature",
      "properties": {
        "@id": "node/4323838515",
        "highway": "bus_stop",
        "network": "Dakar Dem Dikk",
        "operator": "Dakar Dem Dikk",
        "public_transport": "platform",
        "shelter": "no"
      },
      "geometry": {
        "type": "Point",
        "coordinates": [
          -17.4450984,
          14.7367617
        ]
      },
      "id": "node/4323838515"
    },
    {
      "type": "Feature",
      "properties": {
        "@id": "node/4323838516",
        "bench": "no",
        "bin": "no",
        "bus": "yes",
        "check_date:shelter": "2023-07-04",
        "highway": "bus_stop",
        "network": "Dakar Dem Dikk",
        "operator": "Dakar Dem Dikk",
        "public_transport": "platform",
        "shelter": "no",
        "source": "bing;survey"
      },
      "geometry": {
        "type": "Point",
        "coordinates": [
          -17.4656438,
          14.7377573
        ]
      },
      "id": "node/4323838516"
    },
    {
      "type": "Feature",
      "properties": {
        "@id": "node/4323838517",
        "bench": "yes",
        "bus": "yes",
        "highway": "bus_stop",
        "network": "Dakar Dem Dikk",
        "operator": "Dakar Dem Dikk",
        "public_transport": "platform",
        "shelter": "yes",
        "source": "bing;survey"
      },
      "geometry": {
        "type": "Point",
        "coordinates": [
          -17.4655507,
          14.7381489
        ]
      },
      "id": "node/4323838517"
    },
    {
      "type": "Feature",
      "properties": {
        "@id": "node/4323838518",
        "bus": "yes",
        "highway": "bus_stop",
        "network": "Dakar Dem Dikk",
        "operator": "Dakar Dem Dikk",
        "public_transport": "platform",
        "ref": "L 121",
        "shelter": "no",
        "source": "bing;survey"
      },
      "geometry": {
        "type": "Point",
        "coordinates": [
          -17.4590123,
          14.7382712
        ]
      },
      "id": "node/4323838518"
    },
    {
      "type": "Feature",
      "properties": {
        "@id": "node/4323838519",
        "highway": "bus_stop",
        "network": "Dakar Dem Dikk",
        "operator": "Dakar Dem Dikk",
        "public_transport": "platform",
        "shelter": "no",
        "source": "bing;survey"
      },
      "geometry": {
        "type": "Point",
        "coordinates": [
          -17.4589334,
          14.7381756
        ]
      },
      "id": "node/4323838519"
    },
    {
      "type": "Feature",
      "properties": {
        "@id": "node/4323838520",
        "highway": "bus_stop",
        "network": "Dakar Dem Dikk",
        "operator": "Dakar Dem Dikk",
        "public_transport": "platform",
        "shelter": "no",
        "source": "bing;survey"
      },
      "geometry": {
        "type": "Point",
        "coordinates": [
          -17.4433343,
          14.7384341
        ]
      },
      "id": "node/4323838520"
    },
    {
      "type": "Feature",
      "properties": {
        "@id": "node/4323838521",
        "highway": "bus_stop",
        "network": "Dakar Dem Dikk",
        "operator": "Dakar Dem Dikk",
        "public_transport": "platform",
        "shelter": "no",
        "source": "bing;survey"
      },
      "geometry": {
        "type": "Point",
        "coordinates": [
          -17.4431547,
          14.7384641
        ]
      },
      "id": "node/4323838521"
    },
    {
      "type": "Feature",
      "properties": {
        "@id": "node/4323838522",
        "bus": "yes",
        "highway": "bus_stop",
        "name": "Arrêt Sen Carreaux 2000",
        "network": "Dakar Dem Dikk",
        "operator": "Dakar Dem Dikk",
        "public_transport": "platform",
        "ref": "Ligne 23",
        "shelter": "no",
        "source": "bing;survey"
      },
      "geometry": {
        "type": "Point",
        "coordinates": [
          -17.4541104,
          14.7387536
        ]
      },
      "id": "node/4323838522"
    },
    {
      "type": "Feature",
      "properties": {
        "@id": "node/4323838523",
        "bus": "yes",
        "highway": "bus_stop",
        "network": "Dakar Dem Dikk",
        "operator": "Dakar Dem Dikk",
        "public_transport": "platform",
        "shelter": "no",
        "source": "bing;survey"
      },
      "geometry": {
        "type": "Point",
        "coordinates": [
          -17.5100541,
          14.7389544
        ]
      },
      "id": "node/4323838523"
    },
    {
      "type": "Feature",
      "properties": {
        "@id": "node/4323838524",
        "bus": "yes",
        "highway": "bus_stop",
        "network": "Dakar Dem Dikk",
        "operator": "Dakar Dem Dikk",
        "public_transport": "platform",
        "shelter": "no",
        "source": "bing;survey"
      },
      "geometry": {
        "type": "Point",
        "coordinates": [
          -17.5101102,
          14.7394378
        ]
      },
      "id": "node/4323838524"
    },
    {
      "type": "Feature",
      "properties": {
        "@id": "node/4323838525",
        "bench": "no",
        "bin": "no",
        "check_date:shelter": "2023-07-04",
        "highway": "bus_stop",
        "network": "Dakar Dem Dikk",
        "operator": "Dakar Dem Dikk",
        "public_transport": "platform",
        "shelter": "no",
        "source": "bing;survey"
      },
      "geometry": {
        "type": "Point",
        "coordinates": [
          -17.4686992,
          14.7395481
        ]
      },
      "id": "node/4323838525"
    },
    {
      "type": "Feature",
      "properties": {
        "@id": "node/4323838526",
        "bus": "yes",
        "highway": "bus_stop",
        "name": "Arrêt Mosquée Arafat5",
        "network": "Dakar Dem Dikk",
        "operator": "Dakar Dem Dikk",
        "public_transport": "platform",
        "ref": "Ligne 23",
        "shelter": "no",
        "source": "bing;survey"
      },
      "geometry": {
        "type": "Point",
        "coordinates": [
          -17.4532981,
          14.7396452
        ]
      },
      "id": "node/4323838526"
    },
    {
      "type": "Feature",
      "properties": {
        "@id": "node/4323838527",
        "highway": "bus_stop",
        "network": "Dakar Dem Dikk",
        "operator": "Dakar Dem Dikk",
        "public_transport": "platform",
        "shelter": "no",
        "source": "bing;survey"
      },
      "geometry": {
        "type": "Point",
        "coordinates": [
          -17.4686121,
          14.739886
        ]
      },
      "id": "node/4323838527"
    },
    {
      "type": "Feature",
      "properties": {
        "@id": "node/4323838528",
        "highway": "bus_stop",
        "network": "Dakar Dem Dikk",
        "operator": "Dakar Dem Dikk",
        "public_transport": "platform",
        "shelter": "no",
        "source": "bing;survey"
      },
      "geometry": {
        "type": "Point",
        "coordinates": [
          -17.4714007,
          14.7399196
        ]
      },
      "id": "node/4323838528"
    },
    {
      "type": "Feature",
      "properties": {
        "@id": "node/4323838529",
        "highway": "bus_stop",
        "network": "Dakar Dem Dikk",
        "operator": "Dakar Dem Dikk",
        "public_transport": "platform",
        "shelter": "no",
        "source": "bing;survey"
      },
      "geometry": {
        "type": "Point",
        "coordinates": [
          -17.4717586,
          14.7401543
        ]
      },
      "id": "node/4323838529"
    },
    {
      "type": "Feature",
      "properties": {
        "@id": "node/4323838530",
        "bus": "yes",
        "highway": "bus_stop",
        "network": "Dakar Dem Dikk",
        "operator": "Dakar Dem Dikk",
        "public_transport": "platform",
        "ref": "L 121",
        "shelter": "no",
        "source": "bing;survey"
      },
      "geometry": {
        "type": "Point",
        "coordinates": [
          -17.4573675,
          14.7402156
        ]
      },
      "id": "node/4323838530"
    },
    {
      "type": "Feature",
      "properties": {
        "@id": "node/4323838531",
        "bus": "yes",
        "highway": "bus_stop",
        "network": "Dakar Dem Dikk",
        "operator": "Dakar Dem Dikk",
        "public_transport": "platform",
        "ref": "L 121",
        "shelter": "no",
        "source": "bing;survey"
      },
      "geometry": {
        "type": "Point",
        "coordinates": [
          -17.4568789,
          14.7406364
        ]
      },
      "id": "node/4323838531"
    },
    {
      "type": "Feature",
      "properties": {
        "@id": "node/4323838532",
        "highway": "bus_stop",
        "network": "Dakar Dem Dikk",
        "operator": "Dakar Dem Dikk",
        "public_transport": "platform",
        "shelter": "no",
        "source": "bing;survey"
      },
      "geometry": {
        "type": "Point",
        "coordinates": [
          -17.4514354,
          14.7415756
        ]
      },
      "id": "node/4323838532"
    },
    {
      "type": "Feature",
      "properties": {
        "@id": "node/4323838533",
        "bus": "yes",
        "highway": "bus_stop",
        "network": "Dakar Dem Dikk",
        "operator": "Dakar Dem Dikk",
        "public_transport": "platform",
        "shelter": "no",
        "source": "bing;survey"
      },
      "geometry": {
        "type": "Point",
        "coordinates": [
          -17.450522,
          14.7420478
        ]
      },
      "id": "node/4323838533"
    },
    {
      "type": "Feature",
      "properties": {
        "@id": "node/4323838534",
        "highway": "bus_stop",
        "network": "Dakar Dem Dikk",
        "operator": "Dakar Dem Dikk",
        "public_transport": "platform",
        "shelter": "no",
        "source": "bing;survey"
      },
      "geometry": {
        "type": "Point",
        "coordinates": [
          -17.4502809,
          14.7423711
        ]
      },
      "id": "node/4323838534"
    },
    {
      "type": "Feature",
      "properties": {
        "@id": "node/4323838535",
        "highway": "bus_stop",
        "network": "Dakar Dem Dikk",
        "operator": "Dakar Dem Dikk",
        "public_transport": "platform",
        "ref": "L 121",
        "shelter": "no",
        "source": "bing;survey"
      },
      "geometry": {
        "type": "Point",
        "coordinates": [
          -17.4553236,
          14.742548
        ]
      },
      "id": "node/4323838535"
    },
    {
      "type": "Feature",
      "properties": {
        "@id": "node/4323838536",
        "highway": "bus_stop",
        "network": "Dakar Dem Dikk",
        "operator": "Dakar Dem Dikk",
        "public_transport": "platform",
        "shelter": "no",
        "source": "bing;survey"
      },
      "geometry": {
        "type": "Point",
        "coordinates": [
          -17.4428146,
          14.742562
        ]
      },
      "id": "node/4323838536"
    },
    {
      "type": "Feature",
      "properties": {
        "@id": "node/4323838537",
        "highway": "bus_stop",
        "network": "Dakar Dem Dikk",
        "operator": "Dakar Dem Dikk",
        "public_transport": "platform",
        "shelter": "no",
        "source": "bing;survey"
      },
      "geometry": {
        "type": "Point",
        "coordinates": [
          -17.4426507,
          14.7426107
        ]
      },
      "id": "node/4323838537"
    },
    {
      "type": "Feature",
      "properties": {
        "@id": "node/4323838538",
        "highway": "bus_stop",
        "network": "Dakar Dem Dikk",
        "operator": "Dakar Dem Dikk",
        "public_transport": "platform",
        "shelter": "no",
        "source": "bing;survey"
      },
      "geometry": {
        "type": "Point",
        "coordinates": [
          -17.4702049,
          14.7427868
        ]
      },
      "id": "node/4323838538"
    },
    {
      "type": "Feature",
      "properties": {
        "@id": "node/4323838539",
        "bus": "yes",
        "highway": "bus_stop",
        "network": "Dakar Dem Dikk",
        "operator": "Dakar Dem Dikk",
        "public_transport": "platform",
        "ref": "L 121",
        "shelter": "no",
        "source": "bing;survey"
      },
      "geometry": {
        "type": "Point",
        "coordinates": [
          -17.4552786,
          14.742791
        ]
      },
      "id": "node/4323838539"
    },
    {
      "type": "Feature",
      "properties": {
        "@id": "node/4323838540",
        "bus": "yes",
        "highway": "bus_stop",
        "network": "Dakar Dem Dikk",
        "operator": "Dakar Dem Dikk",
        "public_transport": "platform",
        "shelter": "no",
        "source": "bing;survey"
      },
      "geometry": {
        "type": "Point",
        "coordinates": [
          -17.4485287,
          14.7428587
        ]
      },
      "id": "node/4323838540"
    },
    {
      "type": "Feature",
      "properties": {
        "@id": "node/4323838541",
        "bench": "no",
        "bin": "no",
        "bus": "yes",
        "highway": "bus_stop",
        "name": "ARRET JARDIN PATTE D'OIE",
        "network": "Dakar Dem Dikk",
        "operator": "Dakar Dem Dikk",
        "public_transport": "platform",
        "ref": "L5",
        "shelter": "no",
        "source": "bing;survey"
      },
      "geometry": {
        "type": "Point",
        "coordinates": [
          -17.4435518,
          14.7430073
        ]
      },
      "id": "node/4323838541"
    },
    {
      "type": "Feature",
      "properties": {
        "@id": "node/4323838542",
        "bench": "no",
        "bus": "yes",
        "highway": "bus_stop",
        "name": "ARRET JARDIN PATTE D'OIE",
        "network": "Dakar Dem Dikk",
        "operator": "Dakar Dem Dikk",
        "public_transport": "platform",
        "ref": "L5",
        "shelter": "no",
        "source": "bing;survey"
      },
      "geometry": {
        "type": "Point",
        "coordinates": [
          -17.4437747,
          14.743365
        ]
      },
      "id": "node/4323838542"
    },
    {
      "type": "Feature",
      "properties": {
        "@id": "node/4323838543",
        "bus": "yes",
        "highway": "bus_stop",
        "network": "Dakar Dem Dikk",
        "operator": "Dakar Dem Dikk",
        "public_transport": "platform",
        "shelter": "no"
      },
      "geometry": {
        "type": "Point",
        "coordinates": [
          -17.4512197,
          14.7443194
        ]
      },
      "id": "node/4323838543"
    },
    {
      "type": "Feature",
      "properties": {
        "@id": "node/4323838544",
        "bench": "yes",
        "bus": "yes",
        "highway": "bus_stop",
        "network": "Dakar Dem Dikk",
        "operator": "Dakar Dem Dikk",
        "public_transport": "platform",
        "shelter": "yes",
        "source": "bing;survey"
      },
      "geometry": {
        "type": "Point",
        "coordinates": [
          -17.4501218,
          14.744412
        ]
      },
      "id": "node/4323838544"
    },
    {
      "type": "Feature",
      "properties": {
        "@id": "node/4323838545",
        "bench": "yes",
        "bin": "no",
        "highway": "bus_stop",
        "network": "Dakar Dem Dikk",
        "operator": "Dakar Dem Dikk",
        "public_transport": "platform",
        "shelter": "yes",
        "source": "bing;survey"
      },
      "geometry": {
        "type": "Point",
        "coordinates": [
          -17.4690971,
          14.7449
        ]
      },
      "id": "node/4323838545"
    },
    {
      "type": "Feature",
      "properties": {
        "@id": "node/4323838546",
        "bus": "yes",
        "highway": "bus_stop",
        "network": "Dakar Dem Dikk",
        "operator": "Dakar Dem Dikk",
        "public_transport": "platform",
        "shelter": "no",
        "source": "bing;survey"
      },
      "geometry": {
        "type": "Point",
        "coordinates": [
          -17.5123799,
          14.7446856
        ]
      },
      "id": "node/4323838546"
    },
    {
      "type": "Feature",
      "properties": {
        "@id": "node/4323838547",
        "bus": "yes",
        "highway": "bus_stop",
        "network": "Dakar Dem Dikk",
        "operator": "Dakar Dem Dikk",
        "public_transport": "platform",
        "shelter": "no",
        "source": "bing;survey"
      },
      "geometry": {
        "type": "Point",
        "coordinates": [
          -17.5123566,
          14.7447118
        ]
      },
      "id": "node/4323838547"
    },
    {
      "type": "Feature",
      "properties": {
        "@id": "node/4323838548",
        "bus": "yes",
        "highway": "bus_stop",
        "network": "Dakar Dem Dikk",
        "operator": "Dakar Dem Dikk",
        "public_transport": "platform",
        "shelter": "no"
      },
      "geometry": {
        "type": "Point",
        "coordinates": [
          -17.4552925,
          14.7449696
        ]
      },
      "id": "node/4323838548"
    },
    {
      "type": "Feature",
      "properties": {
        "@id": "node/4323838549",
        "highway": "bus_stop",
        "name": "Telenco",
        "network": "Dakar Dem Dikk",
        "operator": "Dakar Dem Dikk",
        "public_transport": "platform",
        "shelter": "no",
        "source": "bing;survey"
      },
      "geometry": {
        "type": "Point",
        "coordinates": [
          -17.4547695,
          14.7451462
        ]
      },
      "id": "node/4323838549"
    },
    {
      "type": "Feature",
      "properties": {
        "@id": "node/4323838550",
        "bench": "no",
        "bin": "no",
        "bus": "yes",
        "check_date:shelter": "2026-02-28",
        "highway": "bus_stop",
        "network": "Dakar Dem Dikk",
        "operator": "Dakar Dem Dikk",
        "public_transport": "platform",
        "shelter": "no",
        "source": "bing;survey"
      },
      "geometry": {
        "type": "Point",
        "coordinates": [
          -17.443079,
          14.7460636
        ]
      },
      "id": "node/4323838550"
    },
    {
      "type": "Feature",
      "properties": {
        "@id": "node/4323838551",
        "bench": "yes",
        "highway": "bus_stop",
        "network": "Dakar Dem Dikk",
        "operator": "Dakar Dem Dikk",
        "public_transport": "platform",
        "shelter": "yes",
        "source": "bing;survey"
      },
      "geometry": {
        "type": "Point",
        "coordinates": [
          -17.4668121,
          14.746175
        ]
      },
      "id": "node/4323838551"
    },
    {
      "type": "Feature",
      "properties": {
        "@id": "node/4323838552",
        "bus": "yes",
        "highway": "bus_stop",
        "network": "Dakar Dem Dikk",
        "operator": "Dakar Dem Dikk",
        "public_transport": "platform",
        "shelter": "no",
        "source": "bing;survey"
      },
      "geometry": {
        "type": "Point",
        "coordinates": [
          -17.5095772,
          14.746366
        ]
      },
      "id": "node/4323838552"
    },
    {
      "type": "Feature",
      "properties": {
        "@id": "node/4323838553",
        "bus": "yes",
        "highway": "bus_stop",
        "network": "Dakar Dem Dikk",
        "operator": "Dakar Dem Dikk",
        "public_transport": "platform",
        "shelter": "no",
        "source": "bing;survey"
      },
      "geometry": {
        "type": "Point",
        "coordinates": [
          -17.5131596,
          14.7465748
        ]
      },
      "id": "node/4323838553"
    },
    {
      "type": "Feature",
      "properties": {
        "@id": "node/4323838554",
        "bench": "no",
        "check_date:shelter": "2023-07-04",
        "highway": "bus_stop",
        "network": "Dakar Dem Dikk",
        "operator": "Dakar Dem Dikk",
        "public_transport": "platform",
        "shelter": "no",
        "source": "bing;survey"
      },
      "geometry": {
        "type": "Point",
        "coordinates": [
          -17.4662977,
          14.746577
        ]
      },
      "id": "node/4323838554"
    },
    {
      "type": "Feature",
      "properties": {
        "@id": "node/4323838555",
        "bus": "yes",
        "highway": "bus_stop",
        "name": "ARRET CITE MONTAGNE PARCELLES",
        "network": "Dakar Dem Dikk",
        "operator": "Dakar Dem Dikk",
        "public_transport": "platform",
        "shelter": "no",
        "source": "bing;survey"
      },
      "geometry": {
        "type": "Point",
        "coordinates": [
          -17.4456089,
          14.7462716
        ]
      },
      "id": "node/4323838555"
    },
    {
      "type": "Feature",
      "properties": {
        "@id": "node/4323838556",
        "bus": "yes",
        "highway": "bus_stop",
        "name": "ARRET CITE MONTAGNE PARCELLES",
        "network": "Dakar Dem Dikk",
        "operator": "Dakar Dem Dikk",
        "public_transport": "platform",
        "ref": "L5",
        "shelter": "no",
        "source": "bing;survey"
      },
      "geometry": {
        "type": "Point",
        "coordinates": [
          -17.4453966,
          14.7469855
        ]
      },
      "id": "node/4323838556"
    },
    {
      "type": "Feature",
      "properties": {
        "@id": "node/4323838557",
        "bus": "yes",
        "highway": "bus_stop",
        "network": "Dakar Dem Dikk",
        "operator": "Dakar Dem Dikk",
        "public_transport": "platform",
        "shelter": "no",
        "source": "bing;survey"
      },
      "geometry": {
        "type": "Point",
        "coordinates": [
          -17.5076943,
          14.7481037
        ]
      },
      "id": "node/4323838557"
    },
    {
      "type": "Feature",
      "properties": {
        "@id": "node/4323838558",
        "bench": "no",
        "bus": "yes",
        "highway": "bus_stop",
        "network": "Dakar Dem Dikk",
        "operator": "Dakar Dem Dikk",
        "public_transport": "platform",
        "shelter": "no",
        "source": "bing;survey"
      },
      "geometry": {
        "type": "Point",
        "coordinates": [
          -17.4902804,
          14.7481252
        ]
      },
      "id": "node/4323838558"
    },
    {
      "type": "Feature",
      "properties": {
        "@id": "node/4323838559",
        "bus": "yes",
        "highway": "bus_stop",
        "network": "Dakar Dem Dikk",
        "operator": "Dakar Dem Dikk",
        "public_transport": "platform",
        "shelter": "no",
        "source": "bing;survey"
      },
      "geometry": {
        "type": "Point",
        "coordinates": [
          -17.514309,
          14.7484281
        ]
      },
      "id": "node/4323838559"
    },
    {
      "type": "Feature",
      "properties": {
        "@id": "node/4323838560",
        "bus": "yes",
        "highway": "bus_stop",
        "name": "ARRET TALLY BOU BESS PARCELLES",
        "network": "Dakar Dem Dikk",
        "operator": "Dakar Dem Dikk",
        "public_transport": "platform",
        "ref": "L5;L23",
        "shelter": "no",
        "source": "bing;survey"
      },
      "geometry": {
        "type": "Point",
        "coordinates": [
          -17.4438396,
          14.7485016
        ]
      },
      "id": "node/4323838560"
    },
    {
      "type": "Feature",
      "properties": {
        "@id": "node/4323838561",
        "bus": "yes",
        "highway": "bus_stop",
        "name": "ARRET TALLY BOU BESS PARCELLES",
        "network": "Dakar Dem Dikk",
        "operator": "Dakar Dem Dikk",
        "public_transport": "platform",
        "ref": "L5;L23",
        "shelter": "no",
        "source": "bing;survey"
      },
      "geometry": {
        "type": "Point",
        "coordinates": [
          -17.4440421,
          14.748502
        ]
      },
      "id": "node/4323838561"
    },
    {
      "type": "Feature",
      "properties": {
        "@id": "node/4323838562",
        "bench": "no",
        "bin": "no",
        "bus": "yes",
        "highway": "bus_stop",
        "network": "Dakar Dem Dikk",
        "operator": "Dakar Dem Dikk",
        "public_transport": "platform",
        "shelter": "no",
        "source": "bing;survey"
      },
      "geometry": {
        "type": "Point",
        "coordinates": [
          -17.4912109,
          14.7489545
        ]
      },
      "id": "node/4323838562"
    },
    {
      "type": "Feature",
      "properties": {
        "@id": "node/4323838563",
        "bus": "yes",
        "highway": "bus_stop",
        "network": "Dakar Dem Dikk",
        "operator": "Dakar Dem Dikk",
        "public_transport": "platform",
        "shelter": "no",
        "source": "bing;survey"
      },
      "geometry": {
        "type": "Point",
        "coordinates": [
          -17.5065781,
          14.7490052
        ]
      },
      "id": "node/4323838563"
    },
    {
      "type": "Feature",
      "properties": {
        "@id": "node/4323838564",
        "bus": "yes",
        "highway": "bus_stop",
        "network": "Dakar Dem Dikk",
        "operator": "Dakar Dem Dikk",
        "public_transport": "platform",
        "shelter": "no",
        "source": "bing;survey"
      },
      "geometry": {
        "type": "Point",
        "coordinates": [
          -17.5050898,
          14.7496337
        ]
      },
      "id": "node/4323838564"
    },
    {
      "type": "Feature",
      "properties": {
        "@id": "node/4323838565",
        "bus": "yes",
        "highway": "bus_stop",
        "network": "Dakar Dem Dikk",
        "operator": "Dakar Dem Dikk",
        "public_transport": "platform",
        "shelter": "no",
        "source": "bing;survey"
      },
      "geometry": {
        "type": "Point",
        "coordinates": [
          -17.4472462,
          14.7498692
        ]
      },
      "id": "node/4323838565"
    },
    {
      "type": "Feature",
      "properties": {
        "@id": "node/4323838567",
        "bus": "yes",
        "highway": "bus_stop",
        "network": "Dakar Dem Dikk",
        "operator": "Dakar Dem Dikk",
        "public_transport": "platform",
        "shelter": "no",
        "source": "bing;survey"
      },
      "geometry": {
        "type": "Point",
        "coordinates": [
          -17.4476287,
          14.7500365
        ]
      },
      "id": "node/4323838567"
    },
    {
      "type": "Feature",
      "properties": {
        "@id": "node/4323838568",
        "bus": "yes",
        "highway": "bus_stop",
        "network": "Dakar Dem Dikk",
        "operator": "Dakar Dem Dikk",
        "public_transport": "platform",
        "shelter": "no",
        "source": "bing;survey"
      },
      "geometry": {
        "type": "Point",
        "coordinates": [
          -17.4578768,
          14.7502388
        ]
      },
      "id": "node/4323838568"
    },
    {
      "type": "Feature",
      "properties": {
        "@id": "node/4323838569",
        "bus": "yes",
        "highway": "bus_stop",
        "network": "Dakar Dem Dikk",
        "operator": "Dakar Dem Dikk",
        "public_transport": "platform",
        "shelter": "no",
        "source": "bing;survey"
      },
      "geometry": {
        "type": "Point",
        "coordinates": [
          -17.4493677,
          14.7502665
        ]
      },
      "id": "node/4323838569"
    },
    {
      "type": "Feature",
      "properties": {
        "@id": "node/4323838570",
        "bus": "yes",
        "highway": "bus_stop",
        "network": "Dakar Dem Dikk",
        "operator": "Dakar Dem Dikk",
        "public_transport": "platform",
        "shelter": "no",
        "source": "bing;survey"
      },
      "geometry": {
        "type": "Point",
        "coordinates": [
          -17.4574637,
          14.7503656
        ]
      },
      "id": "node/4323838570"
    },
    {
      "type": "Feature",
      "properties": {
        "@id": "node/4323838571",
        "bus": "yes",
        "highway": "bus_stop",
        "name": "ARRET POLICE PARCELLES",
        "network": "Dakar Dem Dikk",
        "operator": "Dakar Dem Dikk",
        "public_transport": "platform",
        "ref": "L5;L23",
        "shelter": "no",
        "source": "bing;survey"
      },
      "geometry": {
        "type": "Point",
        "coordinates": [
          -17.4406336,
          14.7503782
        ]
      },
      "id": "node/4323838571"
    },
    {
      "type": "Feature",
      "properties": {
        "@id": "node/4323838572",
        "bench": "yes",
        "bus": "yes",
        "highway": "bus_stop",
        "name": "ARRET POLICE PARCELLES",
        "network": "Dakar Dem Dikk",
        "operator": "Dakar Dem Dikk",
        "public_transport": "platform",
        "ref": "L5",
        "shelter": "yes",
        "source": "bing;survey"
      },
      "geometry": {
        "type": "Point",
        "coordinates": [
          -17.4410409,
          14.7503999
        ]
      },
      "id": "node/4323838572"
    },
    {
      "type": "Feature",
      "properties": {
        "@id": "node/4323838573",
        "bus": "yes",
        "highway": "bus_stop",
        "network": "Dakar Dem Dikk",
        "operator": "Dakar Dem Dikk",
        "public_transport": "platform",
        "shelter": "no",
        "source": "bing;survey"
      },
      "geometry": {
        "type": "Point",
        "coordinates": [
          -17.4496372,
          14.7504075
        ]
      },
      "id": "node/4323838573"
    },
    {
      "type": "Feature",
      "properties": {
        "@id": "node/4323838574",
        "bench": "no",
        "bus": "yes",
        "highway": "bus_stop",
        "network": "Dakar Dem Dikk",
        "operator": "Dakar Dem Dikk",
        "public_transport": "platform",
        "shelter": "no",
        "source": "bing;survey"
      },
      "geometry": {
        "type": "Point",
        "coordinates": [
          -17.4890139,
          14.750514
        ]
      },
      "id": "node/4323838574"
    },
    {
      "type": "Feature",
      "properties": {
        "@id": "node/4323838576",
        "bus": "yes",
        "highway": "bus_stop",
        "network": "Dakar Dem Dikk",
        "operator": "Dakar Dem Dikk",
        "public_transport": "platform",
        "shelter": "no"
      },
      "geometry": {
        "type": "Point",
        "coordinates": [
          -17.465075,
          14.7507031
        ]
      },
      "id": "node/4323838576"
    },
    {
      "type": "Feature",
      "properties": {
        "@id": "node/4323838577",
        "bus": "yes",
        "highway": "bus_stop",
        "network": "Dakar Dem Dikk",
        "operator": "Dakar Dem Dikk",
        "public_transport": "platform",
        "shelter": "no",
        "source": "bing;survey"
      },
      "geometry": {
        "type": "Point",
        "coordinates": [
          -17.4465134,
          14.7507912
        ]
      },
      "id": "node/4323838577"
    },
    {
      "type": "Feature",
      "properties": {
        "@id": "node/4323838578",
        "bus": "yes",
        "highway": "bus_stop",
        "network": "Dakar Dem Dikk",
        "operator": "Dakar Dem Dikk",
        "public_transport": "platform",
        "shelter": "no",
        "source": "bing;survey"
      },
      "geometry": {
        "type": "Point",
        "coordinates": [
          -17.4523487,
          14.7509898
        ]
      },
      "id": "node/4323838578"
    },
    {
      "type": "Feature",
      "properties": {
        "@id": "node/4323838579",
        "bench": "yes",
        "bin": "yes",
        "bus": "yes",
        "highway": "bus_stop",
        "network": "Dakar Dem Dikk",
        "operator": "Dakar Dem Dikk",
        "public_transport": "platform",
        "shelter": "yes"
      },
      "geometry": {
        "type": "Point",
        "coordinates": [
          -17.4884121,
          14.7510573
        ]
      },
      "id": "node/4323838579"
    },
    {
      "type": "Feature",
      "properties": {
        "@id": "node/4323838580",
        "bus": "yes",
        "highway": "bus_stop",
        "network": "Dakar Dem Dikk",
        "operator": "Dakar Dem Dikk",
        "public_transport": "platform",
        "shelter": "no",
        "source": "bing;survey"
      },
      "geometry": {
        "type": "Point",
        "coordinates": [
          -17.4463771,
          14.7510963
        ]
      },
      "id": "node/4323838580"
    },
    {
      "type": "Feature",
      "properties": {
        "@id": "node/4323838581",
        "bus": "yes",
        "highway": "bus_stop",
        "network": "Dakar Dem Dikk",
        "operator": "Dakar Dem Dikk",
        "public_transport": "platform",
        "shelter": "no",
        "source": "bing;survey"
      },
      "geometry": {
        "type": "Point",
        "coordinates": [
          -17.4559995,
          14.7513002
        ]
      },
      "id": "node/4323838581"
    },
    {
      "type": "Feature",
      "properties": {
        "@id": "node/4323838582",
        "bus": "yes",
        "highway": "bus_stop",
        "network": "Dakar Dem Dikk",
        "operator": "Dakar Dem Dikk",
        "public_transport": "platform",
        "shelter": "no",
        "source": "bing;survey"
      },
      "geometry": {
        "type": "Point",
        "coordinates": [
          -17.4560503,
          14.7513781
        ]
      },
      "id": "node/4323838582"
    },
    {
      "type": "Feature",
      "properties": {
        "@id": "node/4323838583",
        "bench": "yes",
        "bus": "yes",
        "highway": "bus_stop",
        "network": "Dakar Dem Dikk",
        "operator": "Dakar Dem Dikk",
        "public_transport": "platform",
        "shelter": "yes",
        "source": "bing;survey"
      },
      "geometry": {
        "type": "Point",
        "coordinates": [
          -17.4541757,
          14.7518506
        ]
      },
      "id": "node/4323838583"
    },
    {
      "type": "Feature",
      "properties": {
        "@id": "node/4323838584",
        "bus": "yes",
        "highway": "bus_stop",
        "name": "ARRET CITE SOPRIM",
        "network": "Dakar Dem Dikk",
        "operator": "Dakar Dem Dikk",
        "public_transport": "platform",
        "ref": "L5;L23",
        "shelter": "no",
        "source": "bing;survey"
      },
      "geometry": {
        "type": "Point",
        "coordinates": [
          -17.4366257,
          14.7518652
        ]
      },
      "id": "node/4323838584"
    },
    {
      "type": "Feature",
      "properties": {
        "@id": "node/4323838585",
        "bench": "yes",
        "bus": "yes",
        "highway": "bus_stop",
        "network": "Dakar Dem Dikk",
        "operator": "Dakar Dem Dikk",
        "public_transport": "platform",
        "shelter": "no",
        "source": "bing;survey"
      },
      "geometry": {
        "type": "Point",
        "coordinates": [
          -17.4931153,
          14.7519786
        ]
      },
      "id": "node/4323838585"
    },
    {
      "type": "Feature",
      "properties": {
        "@id": "node/4323838586",
        "bus": "yes",
        "highway": "bus_stop",
        "name": "ARRET CITE SOPRIM",
        "network": "Dakar Dem Dikk",
        "operator": "Dakar Dem Dikk",
        "public_transport": "platform",
        "ref": "L5;L23",
        "shelter": "no",
        "source": "bing;survey"
      },
      "geometry": {
        "type": "Point",
        "coordinates": [
          -17.4362465,
          14.7522522
        ]
      },
      "id": "node/4323838586"
    },
    {
      "type": "Feature",
      "properties": {
        "@id": "node/4323838587",
        "bus": "yes",
        "highway": "bus_stop",
        "network": "Dakar Dem Dikk",
        "operator": "Dakar Dem Dikk",
        "public_transport": "platform",
        "shelter": "no",
        "source": "bing;survey"
      },
      "geometry": {
        "type": "Point",
        "coordinates": [
          -17.4934814,
          14.7527632
        ]
      },
      "id": "node/4323838587"
    },
    {
      "type": "Feature",
      "properties": {
        "@id": "node/4323838588",
        "bus": "yes",
        "highway": "bus_stop",
        "name": "Arrêt DDD L23",
        "network": "Dakar Dem Dikk",
        "operator": "Dakar Dem Dikk",
        "public_transport": "platform",
        "ref": "Ligne 23",
        "shelter": "no",
        "source": "bing;surve"
      },
      "geometry": {
        "type": "Point",
        "coordinates": [
          -17.4351526,
          14.7538047
        ]
      },
      "id": "node/4323838588"
    },
    {
      "type": "Feature",
      "properties": {
        "@id": "node/4323839189",
        "bench": "no",
        "bin": "no",
        "bus": "yes",
        "highway": "bus_stop",
        "network": "Dakar Dem Dikk",
        "operator": "Dakar Dem Dikk",
        "public_transport": "platform",
        "shelter": "no",
        "source": "bing;survey"
      },
      "geometry": {
        "type": "Point",
        "coordinates": [
          -17.4965176,
          14.7537572
        ]
      },
      "id": "node/4323839189"
    },
    {
      "type": "Feature",
      "properties": {
        "@id": "node/4323839190",
        "bus": "yes",
        "highway": "bus_stop",
        "name": "ARRET 22",
        "network": "Dakar Dem Dikk",
        "operator": "Dakar Dem Dikk",
        "public_transport": "platform",
        "ref": "L5;L7;L23",
        "shelter": "no",
        "source": "bing;surve"
      },
      "geometry": {
        "type": "Point",
        "coordinates": [
          -17.4337351,
          14.7537739
        ]
      },
      "id": "node/4323839190"
    },
    {
      "type": "Feature",
      "properties": {
        "@id": "node/4323839191",
        "bus": "yes",
        "highway": "bus_stop",
        "network": "Dakar Dem Dikk",
        "operator": "Dakar Dem Dikk",
        "public_transport": "platform",
        "shelter": "no",
        "source": "bing;survey"
      },
      "geometry": {
        "type": "Point",
        "coordinates": [
          -17.4466517,
          14.754016
        ]
      },
      "id": "node/4323839191"
    },
    {
      "type": "Feature",
      "properties": {
        "@id": "node/4323839192",
        "bench": "yes",
        "bus": "yes",
        "highway": "bus_stop",
        "network": "Dakar Dem Dikk",
        "operator": "Dakar Dem Dikk",
        "public_transport": "platform",
        "shelter": "yes",
        "source": "bing;survey"
      },
      "geometry": {
        "type": "Point",
        "coordinates": [
          -17.4962435,
          14.7540906
        ]
      },
      "id": "node/4323839192"
    },
    {
      "type": "Feature",
      "properties": {
        "@id": "node/4323839193",
        "bus": "yes",
        "highway": "bus_stop",
        "name": "ARRET CASE BI",
        "network": "Dakar Dem Dikk",
        "operator": "Dakar Dem Dikk",
        "public_transport": "platform",
        "ref": "L5",
        "shelter": "no",
        "source": "bing;surve"
      },
      "geometry": {
        "type": "Point",
        "coordinates": [
          -17.4329962,
          14.7540589
        ]
      },
      "id": "node/4323839193"
    },
    {
      "type": "Feature",
      "properties": {
        "@id": "node/4323839194",
        "bus": "yes",
        "highway": "bus_stop",
        "network": "Dakar Dem Dikk",
        "operator": "Dakar Dem Dikk",
        "public_transport": "platform",
        "shelter": "no",
        "source": "bing;survey"
      },
      "geometry": {
        "type": "Point",
        "coordinates": [
          -17.4868123,
          14.7541614
        ]
      },
      "id": "node/4323839194"
    },
    {
      "type": "Feature",
      "properties": {
        "@id": "node/4323839195",
        "bus": "yes",
        "highway": "bus_stop",
        "network": "Dakar Dem Dikk",
        "operator": "Dakar Dem Dikk",
        "public_transport": "platform",
        "shelter": "no",
        "source": "bing;survey"
      },
      "geometry": {
        "type": "Point",
        "coordinates": [
          -17.487011,
          14.7543956
        ]
      },
      "id": "node/4323839195"
    },
    {
      "type": "Feature",
      "properties": {
        "@id": "node/4323839196",
        "bus": "yes",
        "highway": "bus_stop",
        "network": "Dakar Dem Dikk",
        "operator": "Dakar Dem Dikk",
        "public_transport": "platform",
        "shelter": "no",
        "source": "bing;survey"
      },
      "geometry": {
        "type": "Point",
        "coordinates": [
          -17.446897,
          14.7544646
        ]
      },
      "id": "node/4323839196"
    },
    {
      "type": "Feature",
      "properties": {
        "@id": "node/4323839197",
        "bus": "yes",
        "highway": "bus_stop",
        "network": "Dakar Dem Dikk",
        "operator": "Dakar Dem Dikk",
        "public_transport": "platform",
        "shelter": "no",
        "source": "bing;survey"
      },
      "geometry": {
        "type": "Point",
        "coordinates": [
          -17.4745416,
          14.7552231
        ]
      },
      "id": "node/4323839197"
    },
    {
      "type": "Feature",
      "properties": {
        "@id": "node/4323839198",
        "bus": "yes",
        "highway": "bus_stop",
        "name": "Arrêt rue PA-21-05",
        "network": "Dakar Dem Dikk",
        "operator": "Dakar Dem Dikk",
        "public_transport": "platform",
        "ref": "Ligne 23",
        "shelter": "no",
        "source": "bing;survey"
      },
      "geometry": {
        "type": "Point",
        "coordinates": [
          -17.4457662,
          14.755592
        ]
      },
      "id": "node/4323839198"
    },
    {
      "type": "Feature",
      "properties": {
        "@id": "node/4323839199",
        "bus": "yes",
        "highway": "bus_stop",
        "network": "Dakar Dem Dikk",
        "operator": "Dakar Dem Dikk",
        "public_transport": "platform",
        "shelter": "no"
      },
      "geometry": {
        "type": "Point",
        "coordinates": [
          -17.4741892,
          14.7556592
        ]
      },
      "id": "node/4323839199"
    },
    {
      "type": "Feature",
      "properties": {
        "@id": "node/4323839200",
        "bus": "yes",
        "highway": "bus_stop",
        "name": "Arrêt PA U21",
        "network": "Dakar Dem Dikk",
        "operator": "Dakar Dem Dikk",
        "public_transport": "platform",
        "ref": "Ligne 23",
        "shelter": "no",
        "source": "bing;survey"
      },
      "geometry": {
        "type": "Point",
        "coordinates": [
          -17.4462618,
          14.7555965
        ]
      },
      "id": "node/4323839200"
    },
    {
      "type": "Feature",
      "properties": {
        "@id": "node/4323839201",
        "bus": "yes",
        "highway": "bus_stop",
        "name": "Arrêt Ecole Elite",
        "network": "Dakar Dem Dikk",
        "operator": "Dakar Dem Dikk",
        "public_transport": "platform",
        "ref": "Ligne 23",
        "shelter": "no",
        "source": "bing;surve"
      },
      "geometry": {
        "type": "Point",
        "coordinates": [
          -17.4357892,
          14.7556417
        ]
      },
      "id": "node/4323839201"
    },
    {
      "type": "Feature",
      "properties": {
        "@id": "node/4323839202",
        "bus": "yes",
        "highway": "bus_stop",
        "name": "Arret PA U08",
        "network": "Dakar Dem Dikk",
        "operator": "Dakar Dem Dikk",
        "public_transport": "platform",
        "ref": "Ligen 23",
        "shelter": "no",
        "source": "bing;surve"
      },
      "geometry": {
        "type": "Point",
        "coordinates": [
          -17.4356977,
          14.7557106
        ]
      },
      "id": "node/4323839202"
    },
    {
      "type": "Feature",
      "properties": {
        "@id": "node/4323839203",
        "bus": "yes",
        "highway": "bus_stop",
        "network": "Dakar Dem Dikk",
        "operator": "Dakar Dem Dikk",
        "public_transport": "platform",
        "shelter": "no",
        "source": "bing;survey"
      },
      "geometry": {
        "type": "Point",
        "coordinates": [
          -17.4681105,
          14.7557442
        ]
      },
      "id": "node/4323839203"
    },
    {
      "type": "Feature",
      "properties": {
        "@id": "node/4323839204",
        "bus": "yes",
        "highway": "bus_stop",
        "name": "Arrêt PA U24",
        "network": "Dakar Dem Dikk",
        "operator": "Dakar Dem Dikk",
        "public_transport": "platform",
        "ref": "Ligne 23",
        "shelter": "no",
        "source": "bing;survey"
      },
      "geometry": {
        "type": "Point",
        "coordinates": [
          -17.4471002,
          14.7558066
        ]
      },
      "id": "node/4323839204"
    },
    {
      "type": "Feature",
      "properties": {
        "@id": "node/4323839205",
        "bus": "yes",
        "highway": "bus_stop",
        "network": "Dakar Dem Dikk",
        "operator": "Dakar Dem Dikk",
        "public_transport": "platform",
        "shelter": "no",
        "source": "bing;survey"
      },
      "geometry": {
        "type": "Point",
        "coordinates": [
          -17.4671708,
          14.7558198
        ]
      },
      "id": "node/4323839205"
    },
    {
      "type": "Feature",
      "properties": {
        "@id": "node/4323839206",
        "bus": "yes",
        "highway": "bus_stop",
        "network": "Dakar Dem Dikk",
        "operator": "Dakar Dem Dikk",
        "public_transport": "platform",
        "shelter": "no",
        "source": "bing;survey"
      },
      "geometry": {
        "type": "Point",
        "coordinates": [
          -17.4671822,
          14.7558753
        ]
      },
      "id": "node/4323839206"
    },
    {
      "type": "Feature",
      "properties": {
        "@id": "node/4323839207",
        "bus": "yes",
        "highway": "bus_stop",
        "network": "Dakar Dem Dikk",
        "operator": "Dakar Dem Dikk",
        "public_transport": "platform",
        "shelter": "no",
        "source": "bing;survey"
      },
      "geometry": {
        "type": "Point",
        "coordinates": [
          -17.4701423,
          14.7559508
        ]
      },
      "id": "node/4323839207"
    },
    {
      "type": "Feature",
      "properties": {
        "@id": "node/4323839208",
        "bus": "yes",
        "highway": "bus_stop",
        "name": "Arrêt Terrain-Acapes",
        "network": "Dakar Dem Dikk",
        "operator": "Dakar Dem Dikk",
        "public_transport": "platform",
        "ref": "Ligne 23;Ligne 1",
        "shelter": "no",
        "source": "bing;survey"
      },
      "geometry": {
        "type": "Point",
        "coordinates": [
          -17.4472442,
          14.7560153
        ]
      },
      "id": "node/4323839208"
    },
    {
      "type": "Feature",
      "properties": {
        "@id": "node/4323839209",
        "bus": "yes",
        "highway": "bus_stop",
        "network": "Dakar Dem Dikk",
        "operator": "Dakar Dem Dikk",
        "public_transport": "platform",
        "shelter": "no",
        "source": "bing;survey"
      },
      "geometry": {
        "type": "Point",
        "coordinates": [
          -17.4438067,
          14.7560945
        ]
      },
      "id": "node/4323839209"
    },
    {
      "type": "Feature",
      "properties": {
        "@id": "node/4323839210",
        "bus": "yes",
        "highway": "bus_stop",
        "network": "Dakar Dem Dikk",
        "operator": "Dakar Dem Dikk",
        "public_transport": "platform",
        "shelter": "no",
        "source": "bing;survey"
      },
      "geometry": {
        "type": "Point",
        "coordinates": [
          -17.4712023,
          14.7561093
        ]
      },
      "id": "node/4323839210"
    },
    {
      "type": "Feature",
      "properties": {
        "@id": "node/4323839211",
        "bus": "yes",
        "highway": "bus_stop",
        "network": "Dakar Dem Dikk",
        "operator": "Dakar Dem Dikk",
        "public_transport": "platform",
        "shelter": "no",
        "source": "bing;survey"
      },
      "geometry": {
        "type": "Point",
        "coordinates": [
          -17.4750534,
          14.7561617
        ]
      },
      "id": "node/4323839211"
    },
    {
      "type": "Feature",
      "properties": {
        "@id": "node/4323839212",
        "bus": "yes",
        "highway": "bus_stop",
        "name": "Arrêt Rue Mame Abdou Aziz Sy",
        "network": "Dakar Dem Dikk",
        "operator": "Dakar Dem Dikk",
        "public_transport": "platform",
        "ref": "Ligen 23",
        "shelter": "no",
        "source": "bing;survey"
      },
      "geometry": {
        "type": "Point",
        "coordinates": [
          -17.442934,
          14.7561659
        ]
      },
      "id": "node/4323839212"
    },
    {
      "type": "Feature",
      "properties": {
        "@id": "node/4323839213",
        "bus": "yes",
        "highway": "bus_stop",
        "network": "Dakar Dem Dikk",
        "operator": "Dakar Dem Dikk",
        "public_transport": "platform",
        "shelter": "no"
      },
      "geometry": {
        "type": "Point",
        "coordinates": [
          -17.4773998,
          14.7562395
        ]
      },
      "id": "node/4323839213"
    },
    {
      "type": "Feature",
      "properties": {
        "@id": "node/4323839214",
        "bus": "yes",
        "highway": "bus_stop",
        "name": "ARRET CASE BI",
        "network": "Dakar Dem Dikk",
        "operator": "Dakar Dem Dikk",
        "public_transport": "platform",
        "ref": "L5",
        "shelter": "no",
        "source": "bing;surve"
      },
      "geometry": {
        "type": "Point",
        "coordinates": [
          -17.4298612,
          14.7561852
        ]
      },
      "id": "node/4323839214"
    },
    {
      "type": "Feature",
      "properties": {
        "@id": "node/4323839215",
        "bus": "yes",
        "highway": "bus_stop",
        "network": "Dakar Dem Dikk",
        "operator": "Dakar Dem Dikk",
        "public_transport": "platform",
        "shelter": "no",
        "source": "bing;survey"
      },
      "geometry": {
        "type": "Point",
        "coordinates": [
          -17.4733764,
          14.7564126
        ]
      },
      "id": "node/4323839215"
    },
    {
      "type": "Feature",
      "properties": {
        "@id": "node/4323839216",
        "bus": "yes",
        "highway": "bus_stop",
        "network": "Dakar Dem Dikk",
        "operator": "Dakar Dem Dikk",
        "public_transport": "platform",
        "shelter": "no",
        "source": "bing;survey"
      },
      "geometry": {
        "type": "Point",
        "coordinates": [
          -17.474159,
          14.7566196
        ]
      },
      "id": "node/4323839216"
    },
    {
      "type": "Feature",
      "properties": {
        "@id": "node/4323839217",
        "bus": "yes",
        "highway": "bus_stop",
        "name": "Arrêt PA U17",
        "network": "Dakar Dem Dikk",
        "operator": "Dakar Dem Dikk",
        "public_transport": "platform",
        "ref": "L23",
        "shelter": "no",
        "source": "bing;survey"
      },
      "geometry": {
        "type": "Point",
        "coordinates": [
          -17.4402797,
          14.7567899
        ]
      },
      "id": "node/4323839217"
    },
    {
      "type": "Feature",
      "properties": {
        "@id": "node/4323839218",
        "bus": "yes",
        "highway": "bus_stop",
        "network": "Dakar Dem Dikk",
        "operator": "Dakar Dem Dikk",
        "public_transport": "platform",
        "shelter": "no",
        "source": "bing;survey"
      },
      "geometry": {
        "type": "Point",
        "coordinates": [
          -17.4778475,
          14.7569209
        ]
      },
      "id": "node/4323839218"
    },
    {
      "type": "Feature",
      "properties": {
        "@id": "node/4323839219",
        "highway": "bus_stop",
        "network": "Dakar Dem Dikk",
        "operator": "Dakar Dem Dikk",
        "public_transport": "platform",
        "shelter": "no",
        "source": "bing;survey"
      },
      "geometry": {
        "type": "Point",
        "coordinates": [
          -17.4391782,
          14.756932
        ]
      },
      "id": "node/4323839219"
    },
    {
      "type": "Feature",
      "properties": {
        "@id": "node/4323839220",
        "bus": "yes",
        "highway": "bus_stop",
        "network": "Dakar Dem Dikk",
        "operator": "Dakar Dem Dikk",
        "public_transport": "platform",
        "shelter": "no",
        "source": "bing;survey"
      },
      "geometry": {
        "type": "Point",
        "coordinates": [
          -17.4664801,
          14.75702
        ]
      },
      "id": "node/4323839220"
    },
    {
      "type": "Feature",
      "properties": {
        "@id": "node/4323839221",
        "bus": "yes",
        "highway": "bus_stop",
        "network": "Dakar Dem Dikk",
        "operator": "Dakar Dem Dikk",
        "public_transport": "platform",
        "shelter": "no",
        "source": "bing;survey"
      },
      "geometry": {
        "type": "Point",
        "coordinates": [
          -17.4665082,
          14.7570502
        ]
      },
      "id": "node/4323839221"
    },
    {
      "type": "Feature",
      "properties": {
        "@id": "node/4323839222",
        "bus": "yes",
        "highway": "bus_stop",
        "name": "Arrêt PA U 13",
        "network": "Dakar Dem Dikk",
        "operator": "Dakar Dem Dikk",
        "public_transport": "platform",
        "ref": "Ligne 23",
        "shelter": "no",
        "source": "bing;survey"
      },
      "geometry": {
        "type": "Point",
        "coordinates": [
          -17.4371918,
          14.7573403
        ]
      },
      "id": "node/4323839222"
    },
    {
      "type": "Feature",
      "properties": {
        "@id": "node/4323839223",
        "bus": "yes",
        "highway": "bus_stop",
        "name": "Arrêt Mairie Parcelles Assainies",
        "network": "Dakar Dem Dikk",
        "operator": "Dakar Dem Dikk",
        "public_transport": "platform",
        "ref": "Ligne 23",
        "shelter": "no",
        "source": "bing;survey"
      },
      "geometry": {
        "type": "Point",
        "coordinates": [
          -17.4369906,
          14.757473
        ]
      },
      "id": "node/4323839223"
    },
    {
      "type": "Feature",
      "properties": {
        "@id": "node/4323839224",
        "bus": "yes",
        "highway": "bus_stop",
        "network": "Dakar Dem Dikk",
        "operator": "Dakar Dem Dikk",
        "public_transport": "platform",
        "shelter": "no",
        "source": "bing;survey"
      },
      "geometry": {
        "type": "Point",
        "coordinates": [
          -17.428799,
          14.757617
        ]
      },
      "id": "node/4323839224"
    },
    {
      "type": "Feature",
      "properties": {
        "@id": "node/4323839225",
        "bus": "yes",
        "highway": "bus_stop",
        "network": "Dakar Dem Dikk",
        "operator": "Dakar Dem Dikk",
        "public_transport": "platform",
        "shelter": "no",
        "source": "bing;survey"
      },
      "geometry": {
        "type": "Point",
        "coordinates": [
          -17.4656867,
          14.7584613
        ]
      },
      "id": "node/4323839225"
    },
    {
      "type": "Feature",
      "properties": {
        "@id": "node/4323839226",
        "bus": "yes",
        "highway": "bus_stop",
        "network": "Dakar Dem Dikk",
        "operator": "Dakar Dem Dikk",
        "public_transport": "platform",
        "shelter": "no",
        "source": "bing;survey"
      },
      "geometry": {
        "type": "Point",
        "coordinates": [
          -17.4655717,
          14.7585829
        ]
      },
      "id": "node/4323839226"
    },
    {
      "type": "Feature",
      "properties": {
        "@id": "node/4323839227",
        "bus": "yes",
        "highway": "bus_stop",
        "network": "Dakar Dem Dikk",
        "operator": "Dakar Dem Dikk",
        "public_transport": "platform",
        "shelter": "no",
        "source": "bing;survey"
      },
      "geometry": {
        "type": "Point",
        "coordinates": [
          -17.4291683,
          14.7586742
        ]
      },
      "id": "node/4323839227"
    },
    {
      "type": "Feature",
      "properties": {
        "@id": "node/4323839228",
        "bus": "yes",
        "highway": "bus_stop",
        "name": "Arrêt Chez Joe",
        "network": "Dakar Dem Dikk",
        "operator": "Dakar Dem Dikk",
        "public_transport": "platform",
        "ref": "Arrêt Chez Joe*",
        "shelter": "no",
        "source": "bing;survey"
      },
      "geometry": {
        "type": "Point",
        "coordinates": [
          -17.4484495,
          14.758819
        ]
      },
      "id": "node/4323839228"
    },
    {
      "type": "Feature",
      "properties": {
        "@id": "node/4323839229",
        "bus": "yes",
        "highway": "bus_stop",
        "network": "Dakar Dem Dikk",
        "operator": "Dakar Dem Dikk",
        "public_transport": "platform",
        "shelter": "no",
        "source": "bing;survey"
      },
      "geometry": {
        "type": "Point",
        "coordinates": [
          -17.4363713,
          14.7588649
        ]
      },
      "id": "node/4323839229"
    },
    {
      "type": "Feature",
      "properties": {
        "@id": "node/4323839230",
        "bench": "no",
        "bin": "no",
        "bus": "yes",
        "check_date:shelter": "2022-04-24",
        "highway": "bus_stop",
        "network": "Dakar Dem Dikk",
        "operator": "Dakar Dem Dikk",
        "public_transport": "platform",
        "shelter": "no"
      },
      "geometry": {
        "type": "Point",
        "coordinates": [
          -17.482319,
          14.7589183
        ]
      },
      "id": "node/4323839230"
    },
    {
      "type": "Feature",
      "properties": {
        "@id": "node/4323839231",
        "bus": "yes",
        "highway": "bus_stop",
        "name": "Arrêt DDD L23",
        "network": "Dakar Dem Dikk",
        "operator": "Dakar Dem Dikk",
        "public_transport": "platform",
        "ref": "Ligne 23",
        "shelter": "no",
        "source": "bing;survey"
      },
      "geometry": {
        "type": "Point",
        "coordinates": [
          -17.4508272,
          14.758949
        ]
      },
      "id": "node/4323839231"
    },
    {
      "type": "Feature",
      "properties": {
        "@id": "node/4323839232",
        "bus": "yes",
        "highway": "bus_stop",
        "name": "Arrêt Croisement BrioheD'orée Diamalaye",
        "network": "Dakar Dem Dikk",
        "operator": "Dakar Dem Dikk",
        "public_transport": "platform",
        "ref": "Ligne 23",
        "shelter": "no",
        "source": "bing;survey"
      },
      "geometry": {
        "type": "Point",
        "coordinates": [
          -17.4510514,
          14.7589589
        ]
      },
      "id": "node/4323839232"
    },
    {
      "type": "Feature",
      "properties": {
        "@id": "node/4323839233",
        "highway": "bus_stop",
        "name": "Arrêt école Dior",
        "network": "Dakar Dem Dikk",
        "operator": "Dakar Dem Dikk",
        "public_transport": "platform",
        "ref": "Arrêt école Dior",
        "shelter": "no",
        "source": "bing;survey"
      },
      "geometry": {
        "type": "Point",
        "coordinates": [
          -17.4471448,
          14.7590235
        ]
      },
      "id": "node/4323839233"
    },
    {
      "type": "Feature",
      "properties": {
        "@id": "node/4323839234",
        "bench": "no",
        "bin": "no",
        "check_date:shelter": "2022-04-24",
        "highway": "bus_stop",
        "network": "Dakar Dem Dikk",
        "operator": "Dakar Dem Dikk",
        "public_transport": "platform",
        "shelter": "no"
      },
      "geometry": {
        "type": "Point",
        "coordinates": [
          -17.4825116,
          14.7591249
        ]
      },
      "id": "node/4323839234"
    },
    {
      "type": "Feature",
      "properties": {
        "@id": "node/4323839235",
        "highway": "bus_stop",
        "network": "Dakar Dem Dikk",
        "operator": "Dakar Dem Dikk",
        "public_transport": "platform",
        "shelter": "no",
        "source": "bing;survey"
      },
      "geometry": {
        "type": "Point",
        "coordinates": [
          -17.4526044,
          14.7594648
        ]
      },
      "id": "node/4323839235"
    },
    {
      "type": "Feature",
      "properties": {
        "@id": "node/4323839236",
        "highway": "bus_stop",
        "name": "Arrêt  PA U20",
        "network": "Dakar Dem Dikk",
        "operator": "Dakar Dem Dikk",
        "public_transport": "platform",
        "ref": "Arrêt PA U20",
        "shelter": "no",
        "source": "bing;survey"
      },
      "geometry": {
        "type": "Point",
        "coordinates": [
          -17.4444913,
          14.7595475
        ]
      },
      "id": "node/4323839236"
    },
    {
      "type": "Feature",
      "properties": {
        "@id": "node/4323839237",
        "highway": "bus_stop",
        "network": "Dakar Dem Dikk",
        "operator": "Dakar Dem Dikk",
        "public_transport": "platform",
        "shelter": "no",
        "source": "bing;surve"
      },
      "geometry": {
        "type": "Point",
        "coordinates": [
          -17.4579692,
          14.7595621
        ]
      },
      "id": "node/4323839237"
    },
    {
      "type": "Feature",
      "properties": {
        "@id": "node/4323839238",
        "highway": "bus_stop",
        "network": "Dakar Dem Dikk",
        "operator": "Dakar Dem Dikk",
        "public_transport": "platform",
        "shelter": "no",
        "source": "bing;survey"
      },
      "geometry": {
        "type": "Point",
        "coordinates": [
          -17.4523611,
          14.7595631
        ]
      },
      "id": "node/4323839238"
    },
    {
      "type": "Feature",
      "properties": {
        "@id": "node/4323839239",
        "highway": "bus_stop",
        "name": "Arrêt PA U19",
        "network": "Dakar Dem Dikk",
        "operator": "Dakar Dem Dikk",
        "public_transport": "platform",
        "ref": "Ligne 23;Ligne 1",
        "shelter": "no",
        "source": "bing;survey"
      },
      "geometry": {
        "type": "Point",
        "coordinates": [
          -17.4482103,
          14.7604762
        ]
      },
      "id": "node/4323839239"
    },
    {
      "type": "Feature",
      "properties": {
        "@id": "node/4323839240",
        "highway": "bus_stop",
        "network": "Dakar Dem Dikk",
        "operator": "Dakar Dem Dikk",
        "public_transport": "platform",
        "shelter": "no",
        "source": "bing;survey"
      },
      "geometry": {
        "type": "Point",
        "coordinates": [
          -17.4629371,
          14.7596749
        ]
      },
      "id": "node/4323839240"
    },
    {
      "type": "Feature",
      "properties": {
        "@id": "node/4323839241",
        "highway": "bus_stop",
        "network": "Dakar Dem Dikk",
        "operator": "Dakar Dem Dikk",
        "public_transport": "platform",
        "shelter": "no",
        "source": "bing;survey"
      },
      "geometry": {
        "type": "Point",
        "coordinates": [
          -17.4614023,
          14.7596927
        ]
      },
      "id": "node/4323839241"
    },
    {
      "type": "Feature",
      "properties": {
        "@id": "node/4323839242",
        "highway": "bus_stop",
        "network": "Dakar Dem Dikk",
        "operator": "Dakar Dem Dikk",
        "public_transport": "platform",
        "shelter": "no",
        "source": "bing;surve"
      },
      "geometry": {
        "type": "Point",
        "coordinates": [
          -17.458577,
          14.7597215
        ]
      },
      "id": "node/4323839242"
    },
    {
      "type": "Feature",
      "properties": {
        "@id": "node/4323839243",
        "highway": "bus_stop",
        "network": "Dakar Dem Dikk",
        "operator": "Dakar Dem Dikk",
        "public_transport": "platform",
        "shelter": "no",
        "source": "bing;survey"
      },
      "geometry": {
        "type": "Point",
        "coordinates": [
          -17.4626912,
          14.75973
        ]
      },
      "id": "node/4323839243"
    },
    {
      "type": "Feature",
      "properties": {
        "@id": "node/4323839244",
        "highway": "bus_stop",
        "name": "Arrêt Parcelles U20",
        "network": "Dakar Dem Dikk",
        "operator": "Dakar Dem Dikk",
        "public_transport": "platform",
        "ref": "Arrêt Parcelles U20",
        "shelter": "no",
        "source": "bing;survey"
      },
      "geometry": {
        "type": "Point",
        "coordinates": [
          -17.4436344,
          14.7598113
        ]
      },
      "id": "node/4323839244"
    },
    {
      "type": "Feature",
      "properties": {
        "@id": "node/4323839245",
        "highway": "bus_stop",
        "name": "Arrêt Parcelles U17",
        "network": "Dakar Dem Dikk",
        "operator": "Dakar Dem Dikk",
        "public_transport": "platform",
        "ref": "Arrêt Parcelles U17",
        "shelter": "no",
        "source": "bing;survey"
      },
      "geometry": {
        "type": "Point",
        "coordinates": [
          -17.4412137,
          14.7601966
        ]
      },
      "id": "node/4323839245"
    },
    {
      "type": "Feature",
      "properties": {
        "@id": "node/4323839246",
        "bus": "yes",
        "highway": "bus_stop",
        "name": "Arrêt Parcelles U16",
        "network": "Dakar Dem Dikk",
        "operator": "Dakar Dem Dikk",
        "public_transport": "platform",
        "ref": "Arret Parcelles U16",
        "shelter": "no",
        "source": "bing;survey"
      },
      "geometry": {
        "type": "Point",
        "coordinates": [
          -17.4407327,
          14.7603778
        ]
      },
      "id": "node/4323839246"
    },
    {
      "type": "Feature",
      "properties": {
        "@id": "node/4323839247",
        "bus": "yes",
        "highway": "bus_stop",
        "network": "Dakar Dem Dikk",
        "operator": "Dakar Dem Dikk",
        "public_transport": "platform",
        "shelter": "no",
        "source": "bing;survey"
      },
      "geometry": {
        "type": "Point",
        "coordinates": [
          -17.4376822,
          14.7609468
        ]
      },
      "id": "node/4323839247"
    },
    {
      "type": "Feature",
      "properties": {
        "@id": "node/4323839248",
        "bus": "yes",
        "highway": "bus_stop",
        "network": "Dakar Dem Dikk",
        "operator": "Dakar Dem Dikk",
        "public_transport": "platform",
        "shelter": "no",
        "source": "bing;survey"
      },
      "geometry": {
        "type": "Point",
        "coordinates": [
          -17.4374258,
          14.7610729
        ]
      },
      "id": "node/4323839248"
    },
    {
      "type": "Feature",
      "properties": {
        "@id": "node/4323839249",
        "highway": "bus_stop",
        "name": "Arrêt PA U23",
        "network": "Dakar Dem Dikk",
        "operator": "Dakar Dem Dikk",
        "public_transport": "platform",
        "ref": "Ligne 23",
        "shelter": "no",
        "source": "bing;survey"
      },
      "geometry": {
        "type": "Point",
        "coordinates": [
          -17.4482508,
          14.7612249
        ]
      },
      "id": "node/4323839249"
    },
    {
      "type": "Feature",
      "properties": {
        "@id": "node/4323839250",
        "bus": "yes",
        "highway": "bus_stop",
        "network": "Dakar Dem Dikk",
        "operator": "Dakar Dem Dikk",
        "public_transport": "platform",
        "shelter": "no",
        "source": "bing;survey"
      },
      "geometry": {
        "type": "Point",
        "coordinates": [
          -17.4369089,
          14.761341
        ]
      },
      "id": "node/4323839250"
    },
    {
      "type": "Feature",
      "properties": {
        "@id": "node/4323839251",
        "bus": "yes",
        "highway": "bus_stop",
        "name": "Arrêt croisement Diamalaye-HLM Grand Medine",
        "network": "Dakar Dem Dikk",
        "operator": "Dakar Dem Dikk",
        "public_transport": "platform",
        "ref": "Ligne 23",
        "shelter": "no",
        "source": "bing;survey"
      },
      "geometry": {
        "type": "Point",
        "coordinates": [
          -17.4505563,
          14.7613501
        ]
      },
      "id": "node/4323839251"
    },
    {
      "type": "Feature",
      "properties": {
        "@id": "node/4323839252",
        "bus": "yes",
        "highway": "bus_stop",
        "network": "Dakar Dem Dikk",
        "operator": "Dakar Dem Dikk",
        "public_transport": "platform",
        "shelter": "no",
        "source": "bing;survey"
      },
      "geometry": {
        "type": "Point",
        "coordinates": [
          -17.4294346,
          14.7614477
        ]
      },
      "id": "node/4323839252"
    },
    {
      "type": "Feature",
      "properties": {
        "@id": "node/4323839253",
        "bus": "yes",
        "highway": "bus_stop",
        "network": "Dakar Dem Dikk",
        "operator": "Dakar Dem Dikk",
        "public_transport": "platform",
        "shelter": "no",
        "source": "bing;survey"
      },
      "geometry": {
        "type": "Point",
        "coordinates": [
          -17.4297053,
          14.7615654
        ]
      },
      "id": "node/4323839253"
    },
    {
      "type": "Feature",
      "properties": {
        "@id": "node/4323839254",
        "bus": "yes",
        "highway": "bus_stop",
        "name": "Arrêt Ecole Elementaire",
        "network": "Dakar Dem Dikk",
        "operator": "Dakar Dem Dikk",
        "public_transport": "platform",
        "ref": "Ligne 23",
        "shelter": "no",
        "source": "bing;surve"
      },
      "geometry": {
        "type": "Point",
        "coordinates": [
          -17.4496769,
          14.7615744
        ]
      },
      "id": "node/4323839254"
    },
    {
      "type": "Feature",
      "properties": {
        "@id": "node/4323839255",
        "highway": "bus_stop",
        "name": "ligne 23 DDD",
        "network": "Dakar Dem Dikk",
        "operator": "Dakar Dem Dikk",
        "public_transport": "platform",
        "ref": "Arrêt HLM Grand Médine",
        "shelter": "no",
        "source": "bing;surve"
      },
      "geometry": {
        "type": "Point",
        "coordinates": [
          -17.4488446,
          14.761637
        ]
      },
      "id": "node/4323839255"
    },
    {
      "type": "Feature",
      "properties": {
        "@id": "node/4323839256",
        "highway": "bus_stop",
        "network": "Dakar Dem Dikk",
        "operator": "Dakar Dem Dikk",
        "public_transport": "platform",
        "shelter": "no",
        "source": "bing;surve"
      },
      "geometry": {
        "type": "Point",
        "coordinates": [
          -17.4471612,
          14.7627153
        ]
      },
      "id": "node/4323839256"
    },
    {
      "type": "Feature",
      "properties": {
        "@id": "node/4323839257",
        "highway": "bus_stop",
        "network": "Dakar Dem Dikk",
        "operator": "Dakar Dem Dikk",
        "public_transport": "platform",
        "shelter": "no",
        "source": "bing;surve"
      },
      "geometry": {
        "type": "Point",
        "coordinates": [
          -17.4471032,
          14.7628108
        ]
      },
      "id": "node/4323839257"
    },
    {
      "type": "Feature",
      "properties": {
        "@id": "node/4323839258",
        "bus": "yes",
        "highway": "bus_stop",
        "network": "Dakar Dem Dikk",
        "operator": "Dakar Dem Dikk",
        "public_transport": "platform",
        "shelter": "no",
        "source": "bing;survey"
      },
      "geometry": {
        "type": "Point",
        "coordinates": [
          -17.4372684,
          14.763146
        ]
      },
      "id": "node/4323839258"
    },
    {
      "type": "Feature",
      "properties": {
        "@id": "node/4323839259",
        "bus": "yes",
        "highway": "bus_stop",
        "network": "Dakar Dem Dikk",
        "operator": "Dakar Dem Dikk",
        "public_transport": "platform",
        "shelter": "no",
        "source": "bing;survey"
      },
      "geometry": {
        "type": "Point",
        "coordinates": [
          -17.4374054,
          14.7632345
        ]
      },
      "id": "node/4323839259"
    },
    {
      "type": "Feature",
      "properties": {
        "@id": "node/4323839260",
        "highway": "bus_stop",
        "network": "Dakar Dem Dikk",
        "operator": "Dakar Dem Dikk",
        "public_transport": "platform",
        "shelter": "no",
        "source": "bing;surve"
      },
      "geometry": {
        "type": "Point",
        "coordinates": [
          -17.4437128,
          14.7634113
        ]
      },
      "id": "node/4323839260"
    },
    {
      "type": "Feature",
      "properties": {
        "@id": "node/4323839261",
        "highway": "bus_stop",
        "network": "Dakar Dem Dikk",
        "operator": "Dakar Dem Dikk",
        "public_transport": "platform",
        "shelter": "no",
        "source": "bing;surve"
      },
      "geometry": {
        "type": "Point",
        "coordinates": [
          -17.4437019,
          14.7635263
        ]
      },
      "id": "node/4323839261"
    },
    {
      "type": "Feature",
      "properties": {
        "@id": "node/4323839262",
        "highway": "bus_stop",
        "network": "Dakar Dem Dikk",
        "operator": "Dakar Dem Dikk",
        "public_transport": "platform",
        "shelter": "no",
        "source": "bing;surve"
      },
      "geometry": {
        "type": "Point",
        "coordinates": [
          -17.4400067,
          14.7641799
        ]
      },
      "id": "node/4323839262"
    },
    {
      "type": "Feature",
      "properties": {
        "@id": "node/4323839263",
        "highway": "bus_stop",
        "network": "Dakar Dem Dikk",
        "operator": "Dakar Dem Dikk",
        "public_transport": "platform",
        "shelter": "no",
        "source": "bing;surve"
      },
      "geometry": {
        "type": "Point",
        "coordinates": [
          -17.4400021,
          14.764266
        ]
      },
      "id": "node/4323839263"
    },
    {
      "type": "Feature",
      "properties": {
        "@id": "node/4323839264",
        "bus": "yes",
        "highway": "bus_stop",
        "network": "Dakar Dem Dikk",
        "operator": "Dakar Dem Dikk",
        "public_transport": "platform",
        "shelter": "no",
        "source": "bing;survey"
      },
      "geometry": {
        "type": "Point",
        "coordinates": [
          -17.4300026,
          14.7648269
        ]
      },
      "id": "node/4323839264"
    },
    {
      "type": "Feature",
      "properties": {
        "@id": "node/4323839265",
        "bus": "yes",
        "highway": "bus_stop",
        "network": "Dakar Dem Dikk",
        "operator": "Dakar Dem Dikk",
        "public_transport": "platform",
        "shelter": "no",
        "source": "bing;survey"
      },
      "geometry": {
        "type": "Point",
        "coordinates": [
          -17.4300858,
          14.7648655
        ]
      },
      "id": "node/4323839265"
    },
    {
      "type": "Feature",
      "properties": {
        "@id": "node/4323839266",
        "bus": "yes",
        "highway": "bus_stop",
        "network": "Dakar Dem Dikk",
        "operator": "Dakar Dem Dikk",
        "public_transport": "platform",
        "shelter": "no",
        "source": "bing;survey"
      },
      "geometry": {
        "type": "Point",
        "coordinates": [
          -17.4299093,
          14.7694006
        ]
      },
      "id": "node/4323839266"
    },
    {
      "type": "Feature",
      "properties": {
        "@id": "node/4323839267",
        "bus": "yes",
        "highway": "bus_stop",
        "network": "Dakar Dem Dikk",
        "operator": "Dakar Dem Dikk",
        "public_transport": "platform",
        "shelter": "no",
        "source": "bing;survey"
      },
      "geometry": {
        "type": "Point",
        "coordinates": [
          -17.4299974,
          14.7694395
        ]
      },
      "id": "node/4323839267"
    },
    {
      "type": "Feature",
      "properties": {
        "@id": "node/4323839268",
        "bus": "yes",
        "highway": "bus_stop",
        "network": "Dakar Dem Dikk",
        "operator": "Dakar Dem Dikk",
        "public_transport": "platform",
        "shelter": "no",
        "source": "bing;survey"
      },
      "geometry": {
        "type": "Point",
        "coordinates": [
          -17.4282784,
          14.7703529
        ]
      },
      "id": "node/4323839268"
    },
    {
      "type": "Feature",
      "properties": {
        "@id": "node/4323839269",
        "bus": "yes",
        "highway": "bus_stop",
        "network": "Dakar Dem Dikk",
        "operator": "Dakar Dem Dikk",
        "public_transport": "platform",
        "shelter": "no",
        "source": "bing;survey"
      },
      "geometry": {
        "type": "Point",
        "coordinates": [
          -17.4282768,
          14.7703948
        ]
      },
      "id": "node/4323839269"
    },
    {
      "type": "Feature",
      "properties": {
        "@id": "node/4323839270",
        "bus": "yes",
        "highway": "bus_stop",
        "network": "Dakar Dem Dikk",
        "operator": "Dakar Dem Dikk",
        "public_transport": "platform",
        "shelter": "no",
        "source": "bing;survey"
      },
      "geometry": {
        "type": "Point",
        "coordinates": [
          -17.4248349,
          14.7706098
        ]
      },
      "id": "node/4323839270"
    },
    {
      "type": "Feature",
      "properties": {
        "@id": "node/4323839271",
        "bus": "yes",
        "highway": "bus_stop",
        "network": "Dakar Dem Dikk",
        "operator": "Dakar Dem Dikk",
        "public_transport": "platform",
        "shelter": "no",
        "source": "bing;survey"
      },
      "geometry": {
        "type": "Point",
        "coordinates": [
          -17.424887,
          14.7706327
        ]
      },
      "id": "node/4323839271"
    },
    {
      "type": "Feature",
      "properties": {
        "@id": "node/4323839272",
        "bus": "yes",
        "highway": "bus_stop",
        "network": "Dakar Dem Dikk",
        "operator": "Dakar Dem Dikk",
        "public_transport": "platform",
        "shelter": "no",
        "source": "bing;survey"
      },
      "geometry": {
        "type": "Point",
        "coordinates": [
          -17.4230785,
          14.7709572
        ]
      },
      "id": "node/4323839272"
    },
    {
      "type": "Feature",
      "properties": {
        "@id": "node/4323839273",
        "bus": "yes",
        "highway": "bus_stop",
        "network": "Dakar Dem Dikk",
        "operator": "Dakar Dem Dikk",
        "public_transport": "platform",
        "shelter": "no",
        "source": "bing;survey"
      },
      "geometry": {
        "type": "Point",
        "coordinates": [
          -17.4227926,
          14.7711325
        ]
      },
      "id": "node/4323839273"
    },
    {
      "type": "Feature",
      "properties": {
        "@id": "node/4323839274",
        "bus": "yes",
        "highway": "bus_stop",
        "network": "Dakar Dem Dikk",
        "operator": "Dakar Dem Dikk",
        "public_transport": "platform",
        "shelter": "no",
        "source": "bing;survey"
      },
      "geometry": {
        "type": "Point",
        "coordinates": [
          -17.4212498,
          14.7723201
        ]
      },
      "id": "node/4323839274"
    },
    {
      "type": "Feature",
      "properties": {
        "@id": "node/4323839275",
        "bus": "yes",
        "highway": "bus_stop",
        "network": "Dakar Dem Dikk",
        "operator": "Dakar Dem Dikk",
        "public_transport": "platform",
        "shelter": "no",
        "source": "bing;survey"
      },
      "geometry": {
        "type": "Point",
        "coordinates": [
          -17.4210349,
          14.7725234
        ]
      },
      "id": "node/4323839275"
    },
    {
      "type": "Feature",
      "properties": {
        "@id": "node/4323839276",
        "bus": "yes",
        "highway": "bus_stop",
        "network": "Dakar Dem Dikk",
        "operator": "Dakar Dem Dikk",
        "public_transport": "platform",
        "shelter": "no",
        "source": "bing;survey"
      },
      "geometry": {
        "type": "Point",
        "coordinates": [
          -17.4194452,
          14.7730721
        ]
      },
      "id": "node/4323839276"
    },
    {
      "type": "Feature",
      "properties": {
        "@id": "node/4323839277",
        "bus": "yes",
        "highway": "bus_stop",
        "network": "Dakar Dem Dikk",
        "operator": "Dakar Dem Dikk",
        "public_transport": "platform",
        "shelter": "no",
        "source": "bing;survey"
      },
      "geometry": {
        "type": "Point",
        "coordinates": [
          -17.418291,
          14.7734182
        ]
      },
      "id": "node/4323839277"
    },
    {
      "type": "Feature",
      "properties": {
        "@id": "node/4328538789",
        "bus": "yes",
        "highway": "bus_stop",
        "name": "cinéma thiaroye",
        "public_transport": "platform"
      },
      "geometry": {
        "type": "Point",
        "coordinates": [
          -17.3850651,
          14.7443386
        ]
      },
      "id": "node/4328538789"
    },
    {
      "type": "Feature",
      "properties": {
        "@id": "node/4333867188",
        "bus": "yes",
        "highway": "bus_stop",
        "public_transport": "platform"
      },
      "geometry": {
        "type": "Point",
        "coordinates": [
          -17.4880224,
          14.7281264
        ]
      },
      "id": "node/4333867188"
    },
    {
      "type": "Feature",
      "properties": {
        "@id": "node/4363241075",
        "bus": "yes",
        "highway": "bus_stop",
        "network": "Dakar Dem Dikk",
        "operator": "Dakar Dem Dikk",
        "public_transport": "platform",
        "shelter": "no",
        "source": "bing;survey"
      },
      "geometry": {
        "type": "Point",
        "coordinates": [
          -17.4372388,
          14.6835741
        ]
      },
      "id": "node/4363241075"
    },
    {
      "type": "Feature",
      "properties": {
        "@id": "node/4363241076",
        "bus": "yes",
        "highway": "bus_stop",
        "network": "Dakar Dem Dikk",
        "operator": "Dakar Dem Dikk",
        "public_transport": "platform",
        "shelter": "no",
        "source": "bing;survey"
      },
      "geometry": {
        "type": "Point",
        "coordinates": [
          -17.4366379,
          14.6866177
        ]
      },
      "id": "node/4363241076"
    },
    {
      "type": "Feature",
      "properties": {
        "@id": "node/4363241077",
        "bench": "yes",
        "bus": "yes",
        "highway": "bus_stop",
        "network": "Dakar Dem Dikk",
        "operator": "Dakar Dem Dikk",
        "public_transport": "platform",
        "shelter": "yes",
        "source": "bing;survey"
      },
      "geometry": {
        "type": "Point",
        "coordinates": [
          -17.4360354,
          14.6874578
        ]
      },
      "id": "node/4363241077"
    },
    {
      "type": "Feature",
      "properties": {
        "@id": "node/4363241084",
        "bus": "yes",
        "highway": "bus_stop",
        "network": "Dakar Dem Dikk",
        "operator": "Dakar Dem Dikk",
        "public_transport": "platform",
        "shelter": "no",
        "source": "bing;survey"
      },
      "geometry": {
        "type": "Point",
        "coordinates": [
          -17.4445699,
          14.6978423
        ]
      },
      "id": "node/4363241084"
    },
    {
      "type": "Feature",
      "properties": {
        "@id": "node/4363241085",
        "bus": "yes",
        "highway": "bus_stop",
        "network": "Dakar Dem Dikk",
        "operator": "Dakar Dem Dikk",
        "public_transport": "platform",
        "shelter": "no",
        "source": "bing;survey"
      },
      "geometry": {
        "type": "Point",
        "coordinates": [
          -17.4385361,
          14.6978801
        ]
      },
      "id": "node/4363241085"
    },
    {
      "type": "Feature",
      "properties": {
        "@id": "node/4363241086",
        "bus": "yes",
        "highway": "bus_stop",
        "network": "Dakar Dem Dikk",
        "operator": "Dakar Dem Dikk",
        "public_transport": "platform",
        "shelter": "no",
        "source": "bing;survey"
      },
      "geometry": {
        "type": "Point",
        "coordinates": [
          -17.4390532,
          14.6980434
        ]
      },
      "id": "node/4363241086"
    },
    {
      "type": "Feature",
      "properties": {
        "@id": "node/4363241087",
        "bus": "yes",
        "highway": "bus_stop",
        "network": "Dakar Dem Dikk",
        "operator": "Dakar Dem Dikk",
        "public_transport": "platform",
        "shelter": "no",
        "source": "bing;survey"
      },
      "geometry": {
        "type": "Point",
        "coordinates": [
          -17.4687186,
          14.6986541
        ]
      },
      "id": "node/4363241087"
    },
    {
      "type": "Feature",
      "properties": {
        "@id": "node/4363241088",
        "bus": "yes",
        "highway": "bus_stop",
        "network": "Dakar Dem Dikk",
        "operator": "Dakar Dem Dikk",
        "public_transport": "platform",
        "shelter": "no",
        "source": "bing;survey"
      },
      "geometry": {
        "type": "Point",
        "coordinates": [
          -17.4368745,
          14.699719
        ]
      },
      "id": "node/4363241088"
    },
    {
      "type": "Feature",
      "properties": {
        "@id": "node/4363241789",
        "bus": "yes",
        "highway": "bus_stop",
        "network": "Dakar Dem Dikk",
        "operator": "Dakar Dem Dikk",
        "public_transport": "platform",
        "shelter": "no",
        "source": "bing;survey"
      },
      "geometry": {
        "type": "Point",
        "coordinates": [
          -17.4701113,
          14.6999576
        ]
      },
      "id": "node/4363241789"
    },
    {
      "type": "Feature",
      "properties": {
        "@id": "node/4363241790",
        "bench": "yes",
        "bin": "no",
        "bus": "yes",
        "highway": "bus_stop",
        "network": "Dakar Dem Dikk",
        "operator": "Dakar Dem Dikk",
        "public_transport": "platform",
        "shelter": "yes",
        "source": "bing;survey"
      },
      "geometry": {
        "type": "Point",
        "coordinates": [
          -17.4366309,
          14.700289
        ]
      },
      "id": "node/4363241790"
    },
    {
      "type": "Feature",
      "properties": {
        "@id": "node/4363241791",
        "bench": "no",
        "bin": "no",
        "bus": "yes",
        "highway": "bus_stop",
        "network": "Dakar Dem Dikk",
        "operator": "Dakar Dem Dikk",
        "public_transport": "platform",
        "shelter": "no",
        "source": "bing;survey"
      },
      "geometry": {
        "type": "Point",
        "coordinates": [
          -17.4688285,
          14.7010565
        ]
      },
      "id": "node/4363241791"
    },
    {
      "type": "Feature",
      "properties": {
        "@id": "node/4363241792",
        "bus": "yes",
        "highway": "bus_stop",
        "network": "Dakar Dem Dikk",
        "operator": "Dakar Dem Dikk",
        "public_transport": "platform",
        "shelter": "no",
        "source": "bing;survey"
      },
      "geometry": {
        "type": "Point",
        "coordinates": [
          -17.4730557,
          14.7022496
        ]
      },
      "id": "node/4363241792"
    },
    {
      "type": "Feature",
      "properties": {
        "@id": "node/4363241793",
        "bus": "yes",
        "departures_board": "no",
        "highway": "bus_stop",
        "name": "Deuxième porte Mermoz",
        "name:fr": "Deuxième porte Mermoz",
        "network": "Dakar Dem Dikk",
        "operator": "Dakar Dem Dikk",
        "public_transport": "platform",
        "shelter": "yes",
        "source": "bing;survey"
      },
      "geometry": {
        "type": "Point",
        "coordinates": [
          -17.4733993,
          14.7027722
        ]
      },
      "id": "node/4363241793"
    },
    {
      "type": "Feature",
      "properties": {
        "@id": "node/4363241795",
        "bus": "yes",
        "highway": "bus_stop",
        "network": "Dakar Dem Dikk",
        "operator": "Dakar Dem Dikk",
        "public_transport": "platform",
        "shelter": "no",
        "source": "bing;survey"
      },
      "geometry": {
        "type": "Point",
        "coordinates": [
          -17.4359178,
          14.7032422
        ]
      },
      "id": "node/4363241795"
    },
    {
      "type": "Feature",
      "properties": {
        "@id": "node/4363241796",
        "bus": "yes",
        "highway": "bus_stop",
        "network": "Dakar Dem Dikk",
        "operator": "Dakar Dem Dikk",
        "public_transport": "platform",
        "shelter": "no",
        "source": "bing;survey"
      },
      "geometry": {
        "type": "Point",
        "coordinates": [
          -17.4468801,
          14.7033062
        ]
      },
      "id": "node/4363241796"
    },
    {
      "type": "Feature",
      "properties": {
        "@id": "node/4363241797",
        "bus": "yes",
        "highway": "bus_stop",
        "network": "Dakar Dem Dikk",
        "operator": "Dakar Dem Dikk",
        "public_transport": "platform",
        "shelter": "no",
        "source": "bing;survey"
      },
      "geometry": {
        "type": "Point",
        "coordinates": [
          -17.4469904,
          14.7035585
        ]
      },
      "id": "node/4363241797"
    },
    {
      "type": "Feature",
      "properties": {
        "@id": "node/4363241798",
        "bus": "yes",
        "highway": "bus_stop",
        "network": "Dakar Dem Dikk",
        "operator": "Dakar Dem Dikk",
        "public_transport": "platform",
        "shelter": "no",
        "source": "bing;survey"
      },
      "geometry": {
        "type": "Point",
        "coordinates": [
          -17.4702192,
          14.7046508
        ]
      },
      "id": "node/4363241798"
    },
    {
      "type": "Feature",
      "properties": {
        "@id": "node/4363241799",
        "bus": "yes",
        "highway": "bus_stop",
        "network": "Dakar Dem Dikk",
        "operator": "Dakar Dem Dikk",
        "public_transport": "platform",
        "shelter": "no",
        "source": "bing;survey"
      },
      "geometry": {
        "type": "Point",
        "coordinates": [
          -17.4634205,
          14.704813
        ]
      },
      "id": "node/4363241799"
    },
    {
      "type": "Feature",
      "properties": {
        "@id": "node/4363241801",
        "bench": "yes",
        "bus": "yes",
        "highway": "bus_stop",
        "network": "Dakar Dem Dikk",
        "operator": "Dakar Dem Dikk",
        "public_transport": "platform",
        "shelter": "no",
        "source": "bing;survey"
      },
      "geometry": {
        "type": "Point",
        "coordinates": [
          -17.4699749,
          14.7055116
        ]
      },
      "id": "node/4363241801"
    },
    {
      "type": "Feature",
      "properties": {
        "@id": "node/4363241802",
        "bus": "yes",
        "highway": "bus_stop",
        "network": "Dakar Dem Dikk",
        "operator": "Dakar Dem Dikk",
        "public_transport": "platform",
        "shelter": "no",
        "source": "bing;survey"
      },
      "geometry": {
        "type": "Point",
        "coordinates": [
          -17.4519536,
          14.7057205
        ]
      },
      "id": "node/4363241802"
    },
    {
      "type": "Feature",
      "properties": {
        "@id": "node/4363241803",
        "bench": "no",
        "bus": "yes",
        "highway": "bus_stop",
        "network": "Dakar Dem Dikk",
        "operator": "Dakar Dem Dikk",
        "public_transport": "platform",
        "shelter": "no",
        "source": "bing;survey"
      },
      "geometry": {
        "type": "Point",
        "coordinates": [
          -17.4786676,
          14.7057375
        ]
      },
      "id": "node/4363241803"
    },
    {
      "type": "Feature",
      "properties": {
        "@id": "node/4363241805",
        "bench": "yes",
        "bus": "yes",
        "highway": "bus_stop",
        "network": "Dakar Dem Dikk",
        "operator": "Dakar Dem Dikk",
        "public_transport": "platform",
        "shelter": "yes",
        "source": "bing;survey"
      },
      "geometry": {
        "type": "Point",
        "coordinates": [
          -17.446671,
          14.7063809
        ]
      },
      "id": "node/4363241805"
    },
    {
      "type": "Feature",
      "properties": {
        "@id": "node/4363241806",
        "bench": "no",
        "bin": "no",
        "bus": "yes",
        "highway": "bus_stop",
        "network": "Dakar Dem Dikk",
        "operator": "Dakar Dem Dikk",
        "public_transport": "platform",
        "shelter": "no",
        "source": "bing;survey"
      },
      "geometry": {
        "type": "Point",
        "coordinates": [
          -17.465049,
          14.7066147
        ]
      },
      "id": "node/4363241806"
    },
    {
      "type": "Feature",
      "properties": {
        "@id": "node/4363241807",
        "bus": "yes",
        "highway": "bus_stop",
        "network": "Dakar Dem Dikk",
        "operator": "Dakar Dem Dikk",
        "public_transport": "platform",
        "shelter": "no",
        "source": "bing;survey"
      },
      "geometry": {
        "type": "Point",
        "coordinates": [
          -17.4468027,
          14.7067245
        ]
      },
      "id": "node/4363241807"
    },
    {
      "type": "Feature",
      "properties": {
        "@id": "node/4363241808",
        "bench": "yes",
        "highway": "bus_stop",
        "network": "Dakar Dem Dikk",
        "operator": "Dakar Dem Dikk",
        "public_transport": "platform",
        "shelter": "yes"
      },
      "geometry": {
        "type": "Point",
        "coordinates": [
          -17.4350647,
          14.707182
        ]
      },
      "id": "node/4363241808"
    },
    {
      "type": "Feature",
      "properties": {
        "@id": "node/4363241810",
        "bench": "no",
        "bus": "yes",
        "highway": "bus_stop",
        "network": "Dakar Dem Dikk",
        "operator": "Dakar Dem Dikk",
        "public_transport": "platform",
        "shelter": "no",
        "source": "bing;survey"
      },
      "geometry": {
        "type": "Point",
        "coordinates": [
          -17.4662402,
          14.7077655
        ]
      },
      "id": "node/4363241810"
    },
    {
      "type": "Feature",
      "properties": {
        "@id": "node/4363241811",
        "bench": "yes",
        "bus": "yes",
        "highway": "bus_stop",
        "operator": "GIE;Dakar Dem Dikk",
        "public_transport": "platform",
        "shelter": "yes"
      },
      "geometry": {
        "type": "Point",
        "coordinates": [
          -17.4593132,
          14.7079872
        ]
      },
      "id": "node/4363241811"
    },
    {
      "type": "Feature",
      "properties": {
        "@id": "node/4363241812",
        "bus": "yes",
        "highway": "bus_stop",
        "network": "Dakar Dem Dikk",
        "operator": "Dakar Dem Dikk",
        "public_transport": "platform",
        "shelter": "no",
        "source": "bing;survey"
      },
      "geometry": {
        "type": "Point",
        "coordinates": [
          -17.4807072,
          14.7082078
        ]
      },
      "id": "node/4363241812"
    },
    {
      "type": "Feature",
      "properties": {
        "@id": "node/4363241813",
        "bus": "yes",
        "highway": "bus_stop",
        "network": "Dakar Dem Dikk",
        "operator": "Dakar Dem Dikk",
        "public_transport": "platform",
        "shelter": "no",
        "source": "bing;survey"
      },
      "geometry": {
        "type": "Point",
        "coordinates": [
          -17.4528395,
          14.7083993
        ]
      },
      "id": "node/4363241813"
    },
    {
      "type": "Feature",
      "properties": {
        "@id": "node/4363241814",
        "bus": "yes",
        "highway": "bus_stop",
        "network": "Dakar Dem Dikk",
        "operator": "Dakar Dem Dikk",
        "public_transport": "platform",
        "shelter": "no",
        "source": "bing;survey"
      },
      "geometry": {
        "type": "Point",
        "coordinates": [
          -17.4813822,
          14.7087827
        ]
      },
      "id": "node/4363241814"
    },
    {
      "type": "Feature",
      "properties": {
        "@id": "node/4363241816",
        "bus": "yes",
        "highway": "bus_stop",
        "network": "Dakar Dem Dikk",
        "operator": "Dakar Dem Dikk",
        "public_transport": "platform",
        "shelter": "no",
        "source": "bing;survey"
      },
      "geometry": {
        "type": "Point",
        "coordinates": [
          -17.4712905,
          14.7090432
        ]
      },
      "id": "node/4363241816"
    },
    {
      "type": "Feature",
      "properties": {
        "@id": "node/4363241817",
        "bus": "yes",
        "highway": "bus_stop",
        "network": "Dakar Dem Dikk",
        "operator": "Dakar Dem Dikk",
        "public_transport": "platform",
        "shelter": "no",
        "source": "bing;survey"
      },
      "geometry": {
        "type": "Point",
        "coordinates": [
          -17.4708659,
          14.7092798
        ]
      },
      "id": "node/4363241817"
    },
    {
      "type": "Feature",
      "properties": {
        "@id": "node/4363241818",
        "bench": "yes",
        "bus": "yes",
        "highway": "bus_stop",
        "network": "Dakar Dem Dikk",
        "operator": "Dakar Dem Dikk",
        "public_transport": "platform",
        "shelter": "yes",
        "source": "bing;survey"
      },
      "geometry": {
        "type": "Point",
        "coordinates": [
          -17.4464776,
          14.7094342
        ]
      },
      "id": "node/4363241818"
    },
    {
      "type": "Feature",
      "properties": {
        "@id": "node/4363241821",
        "bench": "yes",
        "bin": "no",
        "bus": "yes",
        "highway": "bus_stop",
        "network": "Dakar Dem Dikk",
        "operator": "Dakar Dem Dikk",
        "public_transport": "platform",
        "shelter": "no",
        "source": "bing;survey"
      },
      "geometry": {
        "type": "Point",
        "coordinates": [
          -17.4807323,
          14.7106303
        ]
      },
      "id": "node/4363241821"
    },
    {
      "type": "Feature",
      "properties": {
        "@id": "node/4363241822",
        "bench": "yes",
        "bus": "yes",
        "highway": "bus_stop",
        "network": "Dakar Dem Dikk",
        "operator": "Dakar Dem Dikk",
        "public_transport": "platform",
        "shelter": "yes",
        "source": "bing;survey"
      },
      "geometry": {
        "type": "Point",
        "coordinates": [
          -17.4465294,
          14.7107288
        ]
      },
      "id": "node/4363241822"
    },
    {
      "type": "Feature",
      "properties": {
        "@id": "node/4363241823",
        "bus": "yes",
        "highway": "bus_stop",
        "network": "Dakar Dem Dikk",
        "operator": "Dakar Dem Dikk",
        "public_transport": "platform",
        "shelter": "no",
        "source": "bing;survey"
      },
      "geometry": {
        "type": "Point",
        "coordinates": [
          -17.4718828,
          14.7117859
        ]
      },
      "id": "node/4363241823"
    },
    {
      "type": "Feature",
      "properties": {
        "@id": "node/4363241824",
        "bench": "no",
        "bin": "no",
        "bus": "yes",
        "highway": "bus_stop",
        "network": "Dakar Dem Dikk",
        "operator": "Dakar Dem Dikk",
        "public_transport": "platform",
        "shelter": "no",
        "source": "bing;survey"
      },
      "geometry": {
        "type": "Point",
        "coordinates": [
          -17.4776326,
          14.7119073
        ]
      },
      "id": "node/4363241824"
    },
    {
      "type": "Feature",
      "properties": {
        "@id": "node/4363241825",
        "bench": "yes",
        "bin": "no",
        "bus": "yes",
        "highway": "bus_stop",
        "network": "Dakar Dem Dikk",
        "operator": "Dakar Dem Dikk",
        "public_transport": "platform",
        "shelter": "no",
        "source": "bing;survey"
      },
      "geometry": {
        "type": "Point",
        "coordinates": [
          -17.4774732,
          14.7122868
        ]
      },
      "id": "node/4363241825"
    },
    {
      "type": "Feature",
      "properties": {
        "@id": "node/4363241826",
        "bus": "yes",
        "highway": "bus_stop",
        "network": "Dakar Dem Dikk",
        "operator": "Dakar Dem Dikk",
        "public_transport": "platform",
        "shelter": "no",
        "source": "bing;survey"
      },
      "geometry": {
        "type": "Point",
        "coordinates": [
          -17.446282,
          14.7124355
        ]
      },
      "id": "node/4363241826"
    },
    {
      "type": "Feature",
      "properties": {
        "@id": "node/4363241828",
        "bus": "yes",
        "highway": "bus_stop",
        "network": "Dakar Dem Dikk",
        "operator": "Dakar Dem Dikk",
        "public_transport": "platform",
        "shelter": "no",
        "source": "bing;survey"
      },
      "geometry": {
        "type": "Point",
        "coordinates": [
          -17.4609466,
          14.7125995
        ]
      },
      "id": "node/4363241828"
    },
    {
      "type": "Feature",
      "properties": {
        "@id": "node/4363241829",
        "bus": "yes",
        "highway": "bus_stop",
        "network": "Dakar Dem Dikk",
        "operator": "Dakar Dem Dikk",
        "public_transport": "platform",
        "shelter": "no",
        "source": "bing;survey"
      },
      "geometry": {
        "type": "Point",
        "coordinates": [
          -17.4464024,
          14.7125868
        ]
      },
      "id": "node/4363241829"
    },
    {
      "type": "Feature",
      "properties": {
        "@id": "node/4363241830",
        "bus": "yes",
        "highway": "bus_stop",
        "network": "Dakar Dem Dikk",
        "operator": "Dakar Dem Dikk",
        "public_transport": "platform",
        "shelter": "no",
        "source": "bing;survey"
      },
      "geometry": {
        "type": "Point",
        "coordinates": [
          -17.4623919,
          14.7127505
        ]
      },
      "id": "node/4363241830"
    },
    {
      "type": "Feature",
      "properties": {
        "@id": "node/4363241831",
        "bus": "yes",
        "highway": "bus_stop",
        "network": "Dakar Dem Dikk",
        "operator": "Dakar Dem Dikk",
        "public_transport": "platform",
        "shelter": "no",
        "source": "bing;survey"
      },
      "geometry": {
        "type": "Point",
        "coordinates": [
          -17.4612136,
          14.7128349
        ]
      },
      "id": "node/4363241831"
    },
    {
      "type": "Feature",
      "properties": {
        "@id": "node/4363241832",
        "bus": "yes",
        "highway": "bus_stop",
        "network": "Dakar Dem Dikk",
        "operator": "Dakar Dem Dikk",
        "public_transport": "platform",
        "shelter": "no",
        "source": "bing;survey"
      },
      "geometry": {
        "type": "Point",
        "coordinates": [
          -17.4622302,
          14.7130246
        ]
      },
      "id": "node/4363241832"
    },
    {
      "type": "Feature",
      "properties": {
        "@id": "node/4363241834",
        "bench": "yes",
        "bus": "yes",
        "highway": "bus_stop",
        "network": "Dakar Dem Dikk",
        "operator": "Dakar Dem Dikk",
        "public_transport": "platform",
        "shelter": "yes",
        "source": "bing;survey"
      },
      "geometry": {
        "type": "Point",
        "coordinates": [
          -17.4551338,
          14.713857
        ]
      },
      "id": "node/4363241834"
    },
    {
      "type": "Feature",
      "properties": {
        "@id": "node/4363241835",
        "bus": "yes",
        "highway": "bus_stop",
        "network": "Dakar Dem Dikk",
        "operator": "Dakar Dem Dikk",
        "public_transport": "platform",
        "shelter": "no",
        "source": "bing;survey"
      },
      "geometry": {
        "type": "Point",
        "coordinates": [
          -17.4539967,
          14.7139766
        ]
      },
      "id": "node/4363241835"
    },
    {
      "type": "Feature",
      "properties": {
        "@id": "node/4363241836",
        "bus": "yes",
        "highway": "bus_stop",
        "network": "Dakar Dem Dikk",
        "operator": "Dakar Dem Dikk",
        "public_transport": "platform",
        "shelter": "no",
        "source": "bing;survey"
      },
      "geometry": {
        "type": "Point",
        "coordinates": [
          -17.4547329,
          14.7139824
        ]
      },
      "id": "node/4363241836"
    },
    {
      "type": "Feature",
      "properties": {
        "@id": "node/4363241837",
        "bus": "yes",
        "highway": "bus_stop",
        "network": "Dakar Dem Dikk",
        "operator": "Dakar Dem Dikk",
        "public_transport": "platform",
        "shelter": "no",
        "source": "bing;survey"
      },
      "geometry": {
        "type": "Point",
        "coordinates": [
          -17.4733954,
          14.7141799
        ]
      },
      "id": "node/4363241837"
    },
    {
      "type": "Feature",
      "properties": {
        "@id": "node/4363241838",
        "bus": "yes",
        "highway": "bus_stop",
        "network": "Dakar Dem Dikk",
        "operator": "Dakar Dem Dikk",
        "public_transport": "platform",
        "shelter": "no",
        "source": "bing;survey"
      },
      "geometry": {
        "type": "Point",
        "coordinates": [
          -17.473733,
          14.7142181
        ]
      },
      "id": "node/4363241838"
    },
    {
      "type": "Feature",
      "properties": {
        "@id": "node/4363241839",
        "bus": "yes",
        "highway": "bus_stop",
        "network": "Dakar Dem Dikk",
        "operator": "Dakar Dem Dikk",
        "public_transport": "platform",
        "shelter": "no",
        "source": "bing;survey"
      },
      "geometry": {
        "type": "Point",
        "coordinates": [
          -17.4819844,
          14.7146611
        ]
      },
      "id": "node/4363241839"
    },
    {
      "type": "Feature",
      "properties": {
        "@id": "node/4363241840",
        "bus": "yes",
        "highway": "bus_stop",
        "network": "Dakar Dem Dikk",
        "operator": "Dakar Dem Dikk",
        "public_transport": "platform",
        "shelter": "no",
        "source": "bing;survey"
      },
      "geometry": {
        "type": "Point",
        "coordinates": [
          -17.4531973,
          14.7151059
        ]
      },
      "id": "node/4363241840"
    },
    {
      "type": "Feature",
      "properties": {
        "@id": "node/4363241841",
        "bus": "yes",
        "highway": "bus_stop",
        "name": "Arret Terrain Sacre coeur",
        "network": "Dakar Dem Dikk",
        "operator": "Dakar Dem Dikk",
        "public_transport": "platform",
        "ref": "9",
        "route_ref": "9",
        "shelter": "no",
        "source": "bing;survey"
      },
      "geometry": {
        "type": "Point",
        "coordinates": [
          -17.4654538,
          14.715238
        ]
      },
      "id": "node/4363241841"
    },
    {
      "type": "Feature",
      "properties": {
        "@id": "node/4363241842",
        "bench": "yes",
        "bus": "yes",
        "highway": "bus_stop",
        "network": "Dakar Dem Dikk",
        "operator": "Dakar Dem Dikk",
        "public_transport": "platform",
        "shelter": "yes",
        "source": "bing;survey"
      },
      "geometry": {
        "type": "Point",
        "coordinates": [
          -17.4603043,
          14.7153309
        ]
      },
      "id": "node/4363241842"
    },
    {
      "type": "Feature",
      "properties": {
        "@id": "node/4363241843",
        "bus": "yes",
        "highway": "bus_stop",
        "network": "Dakar Dem Dikk",
        "operator": "Dakar Dem Dikk",
        "public_transport": "platform",
        "shelter": "no",
        "source": "bing;survey"
      },
      "geometry": {
        "type": "Point",
        "coordinates": [
          -17.465288,
          14.7155583
        ]
      },
      "id": "node/4363241843"
    },
    {
      "type": "Feature",
      "properties": {
        "@id": "node/4363241844",
        "bus": "yes",
        "highway": "bus_stop",
        "name": "Arret Sacre coeur - BEM",
        "network": "Dakar Dem Dikk",
        "operator": "Dakar Dem Dikk",
        "public_transport": "platform",
        "ref": "9;121",
        "route_ref": "9;121",
        "shelter": "no",
        "source": "bing;survey"
      },
      "geometry": {
        "type": "Point",
        "coordinates": [
          -17.4663872,
          14.7156395
        ]
      },
      "id": "node/4363241844"
    },
    {
      "type": "Feature",
      "properties": {
        "@id": "node/4363241845",
        "bench": "yes",
        "bus": "yes",
        "highway": "bus_stop",
        "network": "Dakar Dem Dikk",
        "operator": "Dakar Dem Dikk",
        "public_transport": "platform",
        "shelter": "yes",
        "source": "bing;survey"
      },
      "geometry": {
        "type": "Point",
        "coordinates": [
          -17.4830728,
          14.7156545
        ]
      },
      "id": "node/4363241845"
    },
    {
      "type": "Feature",
      "properties": {
        "@id": "node/4363241846",
        "bench": "yes",
        "bus": "yes",
        "highway": "bus_stop",
        "network": "Dakar Dem Dikk",
        "operator": "Dakar Dem Dikk",
        "public_transport": "platform",
        "shelter": "yes",
        "source": "bing;survey"
      },
      "geometry": {
        "type": "Point",
        "coordinates": [
          -17.4460939,
          14.7157229
        ]
      },
      "id": "node/4363241846"
    },
    {
      "type": "Feature",
      "properties": {
        "@id": "node/4363241847",
        "bus": "yes",
        "highway": "bus_stop",
        "network": "Dakar Dem Dikk",
        "operator": "Dakar Dem Dikk",
        "public_transport": "platform",
        "shelter": "no",
        "source": "bing;survey"
      },
      "geometry": {
        "type": "Point",
        "coordinates": [
          -17.4597468,
          14.71573
        ]
      },
      "id": "node/4363241847"
    },
    {
      "type": "Feature",
      "properties": {
        "@id": "node/4363241848",
        "bus": "yes",
        "highway": "bus_stop",
        "network": "Dakar Dem Dikk",
        "operator": "Dakar Dem Dikk",
        "public_transport": "platform",
        "shelter": "no",
        "source": "bing;survey"
      },
      "geometry": {
        "type": "Point",
        "coordinates": [
          -17.4704548,
          14.7159191
        ]
      },
      "id": "node/4363241848"
    },
    {
      "type": "Feature",
      "properties": {
        "@id": "node/4363241849",
        "bus": "yes",
        "highway": "bus_stop",
        "network": "Dakar Dem Dikk",
        "operator": "Dakar Dem Dikk",
        "public_transport": "platform",
        "shelter": "no",
        "source": "bing;survey"
      },
      "geometry": {
        "type": "Point",
        "coordinates": [
          -17.4700585,
          14.7160514
        ]
      },
      "id": "node/4363241849"
    },
    {
      "type": "Feature",
      "properties": {
        "@id": "node/4363241850",
        "bench": "yes",
        "bus": "yes",
        "highway": "bus_stop",
        "network": "Dakar Dem Dikk",
        "operator": "Dakar Dem Dikk",
        "public_transport": "platform",
        "shelter": "yes",
        "source": "bing;survey"
      },
      "geometry": {
        "type": "Point",
        "coordinates": [
          -17.4461722,
          14.7162015
        ]
      },
      "id": "node/4363241850"
    },
    {
      "type": "Feature",
      "properties": {
        "@id": "node/4363241851",
        "bus": "yes",
        "highway": "bus_stop",
        "name": "Arret sacré coeur - BEM",
        "network": "Dakar Dem Dikk",
        "operator": "Dakar Dem Dikk",
        "public_transport": "platform",
        "ref": "9",
        "route_ref": "9",
        "shelter": "no",
        "source": "bing;survey"
      },
      "geometry": {
        "type": "Point",
        "coordinates": [
          -17.4663856,
          14.7163545
        ]
      },
      "id": "node/4363241851"
    },
    {
      "type": "Feature",
      "properties": {
        "@id": "node/4363241852",
        "bus": "yes",
        "highway": "bus_stop",
        "network": "Dakar Dem Dikk",
        "operator": "Dakar Dem Dikk",
        "public_transport": "platform",
        "shelter": "no",
        "source": "bing;survey"
      },
      "geometry": {
        "type": "Point",
        "coordinates": [
          -17.4560585,
          14.7165293
        ]
      },
      "id": "node/4363241852"
    },
    {
      "type": "Feature",
      "properties": {
        "@id": "node/4363241853",
        "bus": "yes",
        "highway": "bus_stop",
        "name": "Arret College sacre coeur",
        "network": "Dakar Dem Dikk",
        "operator": "Dakar Dem Dikk",
        "public_transport": "platform",
        "ref": "9",
        "shelter": "no",
        "source": "bing;survey"
      },
      "geometry": {
        "type": "Point",
        "coordinates": [
          -17.4640648,
          14.7167429
        ]
      },
      "id": "node/4363241853"
    },
    {
      "type": "Feature",
      "properties": {
        "@id": "node/4363241854",
        "bus": "yes",
        "highway": "bus_stop",
        "network": "Dakar Dem Dikk",
        "operator": "Dakar Dem Dikk",
        "public_transport": "platform",
        "shelter": "no",
        "source": "bing;survey"
      },
      "geometry": {
        "type": "Point",
        "coordinates": [
          -17.4557191,
          14.7168467
        ]
      },
      "id": "node/4363241854"
    },
    {
      "type": "Feature",
      "properties": {
        "@id": "node/4363241855",
        "bench": "no",
        "bin": "no",
        "bus": "yes",
        "highway": "bus_stop",
        "network": "Dakar Dem Dikk",
        "operator": "Dakar Dem Dikk",
        "public_transport": "platform",
        "shelter": "no",
        "source": "bing;survey"
      },
      "geometry": {
        "type": "Point",
        "coordinates": [
          -17.4847422,
          14.7169689
        ]
      },
      "id": "node/4363241855"
    },
    {
      "type": "Feature",
      "properties": {
        "@id": "node/4363241856",
        "highway": "bus_stop",
        "network": "Dakar Dem Dikk",
        "operator": "Dakar Dem Dikk",
        "public_transport": "platform",
        "shelter": "no",
        "source": "bing;survey"
      },
      "geometry": {
        "type": "Point",
        "coordinates": [
          -17.4673452,
          14.7173775
        ]
      },
      "id": "node/4363241856"
    },
    {
      "type": "Feature",
      "properties": {
        "@id": "node/4363241857",
        "bus": "yes",
        "highway": "bus_stop",
        "network": "Dakar Dem Dikk",
        "operator": "Dakar Dem Dikk",
        "public_transport": "platform",
        "shelter": "no",
        "source": "bing;survey"
      },
      "geometry": {
        "type": "Point",
        "coordinates": [
          -17.4582692,
          14.7173654
        ]
      },
      "id": "node/4363241857"
    },
    {
      "type": "Feature",
      "properties": {
        "@id": "node/4363241858",
        "bus": "yes",
        "highway": "bus_stop",
        "network": "Dakar Dem Dikk",
        "operator": "Dakar Dem Dikk",
        "public_transport": "platform",
        "shelter": "no",
        "source": "bing;survey"
      },
      "geometry": {
        "type": "Point",
        "coordinates": [
          -17.4860079,
          14.7173997
        ]
      },
      "id": "node/4363241858"
    },
    {
      "type": "Feature",
      "properties": {
        "@id": "node/4363241859",
        "bus": "yes",
        "highway": "bus_stop",
        "network": "Dakar Dem Dikk",
        "operator": "Dakar Dem Dikk",
        "public_transport": "platform",
        "shelter": "no",
        "source": "bing;survey"
      },
      "geometry": {
        "type": "Point",
        "coordinates": [
          -17.4509834,
          14.7174249
        ]
      },
      "id": "node/4363241859"
    },
    {
      "type": "Feature",
      "properties": {
        "@id": "node/4363241860",
        "bus": "yes",
        "highway": "bus_stop",
        "network": "Dakar Dem Dikk",
        "operator": "Dakar Dem Dikk",
        "public_transport": "platform",
        "shelter": "no",
        "source": "bing;survey"
      },
      "geometry": {
        "type": "Point",
        "coordinates": [
          -17.4582746,
          14.7174878
        ]
      },
      "id": "node/4363241860"
    },
    {
      "type": "Feature",
      "properties": {
        "@id": "node/4363241861",
        "bus": "yes",
        "highway": "bus_stop",
        "network": "Dakar Dem Dikk",
        "operator": "Dakar Dem Dikk",
        "public_transport": "platform",
        "shelter": "no",
        "source": "bing;survey"
      },
      "geometry": {
        "type": "Point",
        "coordinates": [
          -17.4634261,
          14.7176779
        ]
      },
      "id": "node/4363241861"
    },
    {
      "type": "Feature",
      "properties": {
        "@id": "node/4363241862",
        "highway": "bus_stop",
        "network": "Dakar Dem Dikk",
        "operator": "Dakar Dem Dikk",
        "public_transport": "platform",
        "shelter": "no",
        "source": "bing;survey"
      },
      "geometry": {
        "type": "Point",
        "coordinates": [
          -17.4670066,
          14.7177996
        ]
      },
      "id": "node/4363241862"
    },
    {
      "type": "Feature",
      "properties": {
        "@id": "node/4363241863",
        "bench": "no",
        "bin": "no",
        "bus": "yes",
        "highway": "bus_stop",
        "network": "Dakar Dem Dikk",
        "operator": "Dakar Dem Dikk",
        "public_transport": "platform",
        "shelter": "no",
        "source": "bing;survey"
      },
      "geometry": {
        "type": "Point",
        "coordinates": [
          -17.4710771,
          14.7181804
        ]
      },
      "id": "node/4363241863"
    },
    {
      "type": "Feature",
      "properties": {
        "@id": "node/4363241864",
        "bus": "yes",
        "highway": "bus_stop",
        "network": "Dakar Dem Dikk",
        "operator": "Dakar Dem Dikk",
        "public_transport": "platform",
        "shelter": "no",
        "source": "bing;survey"
      },
      "geometry": {
        "type": "Point",
        "coordinates": [
          -17.4561966,
          14.7182202
        ]
      },
      "id": "node/4363241864"
    },
    {
      "type": "Feature",
      "properties": {
        "@id": "node/4363241865",
        "bus": "yes",
        "highway": "bus_stop",
        "network": "Dakar Dem Dikk",
        "operator": "Dakar Dem Dikk",
        "public_transport": "platform",
        "shelter": "no",
        "source": "bing;survey"
      },
      "geometry": {
        "type": "Point",
        "coordinates": [
          -17.4626316,
          14.7183385
        ]
      },
      "id": "node/4363241865"
    },
    {
      "type": "Feature",
      "properties": {
        "@id": "node/4363241866",
        "bus": "yes",
        "highway": "bus_stop",
        "network": "Dakar Dem Dikk",
        "operator": "Dakar Dem Dikk",
        "public_transport": "platform",
        "shelter": "no",
        "source": "bing;survey"
      },
      "geometry": {
        "type": "Point",
        "coordinates": [
          -17.4567156,
          14.718377
        ]
      },
      "id": "node/4363241866"
    },
    {
      "type": "Feature",
      "properties": {
        "@id": "node/4363241867",
        "highway": "bus_stop",
        "network": "Dakar Dem Dikk",
        "operator": "Dakar Dem Dikk",
        "public_transport": "platform",
        "shelter": "no",
        "source": "bing;survey"
      },
      "geometry": {
        "type": "Point",
        "coordinates": [
          -17.4327026,
          14.7184255
        ]
      },
      "id": "node/4363241867"
    },
    {
      "type": "Feature",
      "properties": {
        "@id": "node/4363241868",
        "bus": "yes",
        "highway": "bus_stop",
        "network": "Dakar Dem Dikk",
        "operator": "Dakar Dem Dikk",
        "public_transport": "platform",
        "shelter": "no",
        "source": "bing;survey"
      },
      "geometry": {
        "type": "Point",
        "coordinates": [
          -17.4503465,
          14.7184398
        ]
      },
      "id": "node/4363241868"
    },
    {
      "type": "Feature",
      "properties": {
        "@id": "node/4363241869",
        "bus": "yes",
        "highway": "bus_stop",
        "network": "Dakar Dem Dikk",
        "operator": "Dakar Dem Dikk",
        "public_transport": "platform",
        "shelter": "no",
        "source": "bing;survey"
      },
      "geometry": {
        "type": "Point",
        "coordinates": [
          -17.4883156,
          14.718557
        ]
      },
      "id": "node/4363241869"
    },
    {
      "type": "Feature",
      "properties": {
        "@id": "node/4363241870",
        "bus": "yes",
        "highway": "bus_stop",
        "network": "Dakar Dem Dikk",
        "operator": "Dakar Dem Dikk",
        "public_transport": "platform",
        "shelter": "no",
        "source": "bing;survey"
      },
      "geometry": {
        "type": "Point",
        "coordinates": [
          -17.4887147,
          14.7186436
        ]
      },
      "id": "node/4363241870"
    },
    {
      "type": "Feature",
      "properties": {
        "@id": "node/4363241871",
        "bus": "yes",
        "highway": "bus_stop",
        "network": "Dakar Dem Dikk",
        "operator": "Dakar Dem Dikk",
        "public_transport": "platform",
        "shelter": "no",
        "source": "bing;survey"
      },
      "geometry": {
        "type": "Point",
        "coordinates": [
          -17.4869451,
          14.7187632
        ]
      },
      "id": "node/4363241871"
    },
    {
      "type": "Feature",
      "properties": {
        "@id": "node/4363241872",
        "bus": "yes",
        "highway": "bus_stop",
        "network": "Dakar Dem Dikk",
        "operator": "Dakar Dem Dikk",
        "public_transport": "platform",
        "shelter": "no",
        "source": "bing;survey"
      },
      "geometry": {
        "type": "Point",
        "coordinates": [
          -17.4546501,
          14.7188566
        ]
      },
      "id": "node/4363241872"
    },
    {
      "type": "Feature",
      "properties": {
        "@id": "node/4363241873",
        "bus": "yes",
        "highway": "bus_stop",
        "network": "Dakar Dem Dikk",
        "operator": "Dakar Dem Dikk",
        "public_transport": "platform",
        "shelter": "no",
        "source": "bing;survey"
      },
      "geometry": {
        "type": "Point",
        "coordinates": [
          -17.4537142,
          14.7190723
        ]
      },
      "id": "node/4363241873"
    },
    {
      "type": "Feature",
      "properties": {
        "@id": "node/4363241874",
        "bus": "yes",
        "highway": "bus_stop",
        "network": "Dakar Dem Dikk",
        "operator": "Dakar Dem Dikk",
        "public_transport": "platform",
        "shelter": "no",
        "source": "bing;survey"
      },
      "geometry": {
        "type": "Point",
        "coordinates": [
          -17.4901402,
          14.7195085
        ]
      },
      "id": "node/4363241874"
    },
    {
      "type": "Feature",
      "properties": {
        "@id": "node/4363241875",
        "bus": "yes",
        "highway": "bus_stop",
        "name": "Arret 2 voies Sacré coeur",
        "network": "Dakar Dem Dikk",
        "operator": "Dakar Dem Dikk",
        "public_transport": "platform",
        "ref": "9",
        "route_ref": "9",
        "shelter": "no",
        "source": "bing;survey"
      },
      "geometry": {
        "type": "Point",
        "coordinates": [
          -17.4650039,
          14.7196363
        ]
      },
      "id": "node/4363241875"
    },
    {
      "type": "Feature",
      "properties": {
        "@id": "node/4363241876",
        "bus": "yes",
        "highway": "bus_stop",
        "network": "Dakar Dem Dikk",
        "operator": "Dakar Dem Dikk",
        "public_transport": "platform",
        "shelter": "no",
        "source": "bing;survey"
      },
      "geometry": {
        "type": "Point",
        "coordinates": [
          -17.4902944,
          14.7197868
        ]
      },
      "id": "node/4363241876"
    },
    {
      "type": "Feature",
      "properties": {
        "@id": "node/4363241878",
        "bus": "yes",
        "highway": "bus_stop",
        "name": "Arret 2 voies sacré coeur",
        "network": "Dakar Dem Dikk",
        "operator": "Dakar Dem Dikk",
        "public_transport": "platform",
        "ref": "9;121",
        "route_ref": "9;121",
        "shelter": "no",
        "source": "bing;survey"
      },
      "geometry": {
        "type": "Point",
        "coordinates": [
          -17.4650702,
          14.7199844
        ]
      },
      "id": "node/4363241878"
    },
    {
      "type": "Feature",
      "properties": {
        "@id": "node/4363241879",
        "bus": "yes",
        "highway": "bus_stop",
        "network": "Dakar Dem Dikk",
        "operator": "Dakar Dem Dikk",
        "public_transport": "platform",
        "shelter": "no",
        "source": "bing;survey"
      },
      "geometry": {
        "type": "Point",
        "coordinates": [
          -17.4468148,
          14.7201805
        ]
      },
      "id": "node/4363241879"
    },
    {
      "type": "Feature",
      "properties": {
        "@id": "node/4363241880",
        "bench": "yes",
        "bus": "yes",
        "highway": "bus_stop",
        "network": "Dakar Dem Dikk",
        "operator": "Dakar Dem Dikk",
        "public_transport": "platform",
        "shelter": "yes",
        "source": "bing;survey"
      },
      "geometry": {
        "type": "Point",
        "coordinates": [
          -17.4484049,
          14.7203631
        ]
      },
      "id": "node/4363241880"
    },
    {
      "type": "Feature",
      "properties": {
        "@id": "node/4363241881",
        "bus": "yes",
        "highway": "bus_stop",
        "network": "Dakar Dem Dikk",
        "operator": "Dakar Dem Dikk",
        "public_transport": "platform",
        "shelter": "no",
        "source": "bing;survey"
      },
      "geometry": {
        "type": "Point",
        "coordinates": [
          -17.4606305,
          14.7204943
        ]
      },
      "id": "node/4363241881"
    },
    {
      "type": "Feature",
      "properties": {
        "@id": "node/4363241883",
        "bus": "yes",
        "highway": "bus_stop",
        "network": "Dakar Dem Dikk",
        "operator": "Dakar Dem Dikk",
        "public_transport": "platform",
        "shelter": "no",
        "source": "bing;survey"
      },
      "geometry": {
        "type": "Point",
        "coordinates": [
          -17.4574043,
          14.7205659
        ]
      },
      "id": "node/4363241883"
    },
    {
      "type": "Feature",
      "properties": {
        "@id": "node/4363241884",
        "bus": "yes",
        "highway": "bus_stop",
        "network": "Dakar Dem Dikk",
        "operator": "Dakar Dem Dikk",
        "public_transport": "platform",
        "shelter": "no",
        "source": "bing;survey"
      },
      "geometry": {
        "type": "Point",
        "coordinates": [
          -17.4570177,
          14.7206161
        ]
      },
      "id": "node/4363241884"
    },
    {
      "type": "Feature",
      "properties": {
        "@id": "node/4363241885",
        "highway": "bus_stop",
        "network": "Dakar Dem Dikk",
        "operator": "Dakar Dem Dikk",
        "public_transport": "platform",
        "shelter": "no",
        "source": "bing;survey"
      },
      "geometry": {
        "type": "Point",
        "coordinates": [
          -17.4606429,
          14.7207755
        ]
      },
      "id": "node/4363241885"
    },
    {
      "type": "Feature",
      "properties": {
        "@id": "node/4363241887",
        "highway": "bus_stop",
        "network": "Dakar Dem Dikk",
        "operator": "Dakar Dem Dikk",
        "public_transport": "platform",
        "shelter": "no"
      },
      "geometry": {
        "type": "Point",
        "coordinates": [
          -17.4318413,
          14.7210135
        ]
      },
      "id": "node/4363241887"
    },
    {
      "type": "Feature",
      "properties": {
        "@id": "node/4363241888",
        "bus": "yes",
        "highway": "bus_stop",
        "network": "Dakar Dem Dikk",
        "operator": "Dakar Dem Dikk",
        "public_transport": "platform",
        "shelter": "no",
        "source": "bing;survey"
      },
      "geometry": {
        "type": "Point",
        "coordinates": [
          -17.485812,
          14.7209994
        ]
      },
      "id": "node/4363241888"
    },
    {
      "type": "Feature",
      "properties": {
        "@id": "node/4363242490",
        "bench": "yes",
        "bus": "yes",
        "highway": "bus_stop",
        "network": "Dakar Dem Dikk",
        "operator": "Dakar Dem Dikk",
        "public_transport": "platform",
        "shelter": "yes",
        "source": "bing;survey"
      },
      "geometry": {
        "type": "Point",
        "coordinates": [
          -17.4482308,
          14.7215217
        ]
      },
      "id": "node/4363242490"
    },
    {
      "type": "Feature",
      "properties": {
        "@id": "node/4363242491",
        "bus": "yes",
        "highway": "bus_stop",
        "network": "Dakar Dem Dikk",
        "operator": "Dakar Dem Dikk",
        "public_transport": "platform",
        "shelter": "no",
        "source": "bing;survey"
      },
      "geometry": {
        "type": "Point",
        "coordinates": [
          -17.4533231,
          14.7216275
        ]
      },
      "id": "node/4363242491"
    },
    {
      "type": "Feature",
      "properties": {
        "@id": "node/4363242492",
        "bus": "yes",
        "highway": "bus_stop",
        "network": "Dakar Dem Dikk",
        "operator": "Dakar Dem Dikk",
        "public_transport": "platform",
        "shelter": "no",
        "source": "bing;survey"
      },
      "geometry": {
        "type": "Point",
        "coordinates": [
          -17.4874542,
          14.7216835
        ]
      },
      "id": "node/4363242492"
    },
    {
      "type": "Feature",
      "properties": {
        "@id": "node/4363242493",
        "bus": "yes",
        "highway": "bus_stop",
        "network": "Dakar Dem Dikk",
        "operator": "Dakar Dem Dikk",
        "public_transport": "platform",
        "shelter": "no",
        "source": "bing;survey"
      },
      "geometry": {
        "type": "Point",
        "coordinates": [
          -17.487618,
          14.7220455
        ]
      },
      "id": "node/4363242493"
    },
    {
      "type": "Feature",
      "properties": {
        "@id": "node/4363242494",
        "bus": "yes",
        "highway": "bus_stop",
        "network": "Dakar Dem Dikk",
        "operator": "Dakar Dem Dikk",
        "public_transport": "platform",
        "shelter": "no",
        "source": "bing;survey"
      },
      "geometry": {
        "type": "Point",
        "coordinates": [
          -17.4365836,
          14.7221307
        ]
      },
      "id": "node/4363242494"
    },
    {
      "type": "Feature",
      "properties": {
        "@id": "node/4363242495",
        "bus": "yes",
        "highway": "bus_stop",
        "network": "Dakar Dem Dikk",
        "operator": "Dakar Dem Dikk",
        "public_transport": "platform",
        "shelter": "no",
        "source": "bing;survey"
      },
      "geometry": {
        "type": "Point",
        "coordinates": [
          -17.4504479,
          14.7221732
        ]
      },
      "id": "node/4363242495"
    },
    {
      "type": "Feature",
      "properties": {
        "@id": "node/4363242496",
        "bus": "yes",
        "highway": "bus_stop",
        "name": "Arret JVC",
        "network": "Dakar Dem Dikk",
        "operator": "Dakar Dem Dikk",
        "public_transport": "platform",
        "ref": "9",
        "route_ref": "9",
        "shelter": "no",
        "source": "bing;survey"
      },
      "geometry": {
        "type": "Point",
        "coordinates": [
          -17.463973,
          14.7222542
        ]
      },
      "id": "node/4363242496"
    },
    {
      "type": "Feature",
      "properties": {
        "@id": "node/4363242497",
        "bench": "yes",
        "bus": "yes",
        "highway": "bus_stop",
        "network": "Dakar Dem Dikk",
        "operator": "Dakar Dem Dikk",
        "public_transport": "platform",
        "shelter": "yes",
        "source": "bing;survey"
      },
      "geometry": {
        "type": "Point",
        "coordinates": [
          -17.4468173,
          14.7222251
        ]
      },
      "id": "node/4363242497"
    },
    {
      "type": "Feature",
      "properties": {
        "@id": "node/4363242498",
        "bus": "yes",
        "highway": "bus_stop",
        "network": "Dakar Dem Dikk",
        "operator": "Dakar Dem Dikk",
        "public_transport": "platform",
        "shelter": "no",
        "source": "bing;survey"
      },
      "geometry": {
        "type": "Point",
        "coordinates": [
          -17.4707385,
          14.7222886
        ]
      },
      "id": "node/4363242498"
    },
    {
      "type": "Feature",
      "properties": {
        "@id": "node/4363242499",
        "bus": "yes",
        "highway": "bus_stop",
        "network": "Dakar Dem Dikk",
        "operator": "Dakar Dem Dikk",
        "public_transport": "platform",
        "shelter": "no",
        "source": "bing;survey"
      },
      "geometry": {
        "type": "Point",
        "coordinates": [
          -17.4627003,
          14.7222878
        ]
      },
      "id": "node/4363242499"
    },
    {
      "type": "Feature",
      "properties": {
        "@id": "node/4363242500",
        "bus": "yes",
        "highway": "bus_stop",
        "name": "Arret JVC",
        "network": "Dakar Dem Dikk",
        "operator": "Dakar Dem Dikk",
        "public_transport": "platform",
        "ref": "9",
        "route_ref": "9",
        "shelter": "no",
        "source": "bing;survey"
      },
      "geometry": {
        "type": "Point",
        "coordinates": [
          -17.4638958,
          14.7223125
        ]
      },
      "id": "node/4363242500"
    },
    {
      "type": "Feature",
      "properties": {
        "@id": "node/4363242501",
        "bus": "yes",
        "highway": "bus_stop",
        "network": "Dakar Dem Dikk",
        "operator": "Dakar Dem Dikk",
        "public_transport": "platform",
        "shelter": "no",
        "source": "bing;survey"
      },
      "geometry": {
        "type": "Point",
        "coordinates": [
          -17.484492,
          14.7225027
        ]
      },
      "id": "node/4363242501"
    },
    {
      "type": "Feature",
      "properties": {
        "@id": "node/4363242502",
        "bus": "yes",
        "highway": "bus_stop",
        "network": "Dakar Dem Dikk",
        "operator": "Dakar Dem Dikk",
        "public_transport": "platform",
        "shelter": "no",
        "source": "bing;survey"
      },
      "geometry": {
        "type": "Point",
        "coordinates": [
          -17.4712087,
          14.7225643
        ]
      },
      "id": "node/4363242502"
    },
    {
      "type": "Feature",
      "properties": {
        "@id": "node/4363242503",
        "bus": "yes",
        "highway": "bus_stop",
        "network": "Dakar Dem Dikk",
        "operator": "Dakar Dem Dikk",
        "public_transport": "platform",
        "shelter": "no",
        "source": "bing;survey"
      },
      "geometry": {
        "type": "Point",
        "coordinates": [
          -17.4627602,
          14.7225642
        ]
      },
      "id": "node/4363242503"
    },
    {
      "type": "Feature",
      "properties": {
        "@id": "node/4363242504",
        "bus": "yes",
        "highway": "bus_stop",
        "network": "Dakar Dem Dikk",
        "operator": "Dakar Dem Dikk",
        "public_transport": "platform",
        "shelter": "no",
        "source": "bing;survey"
      },
      "geometry": {
        "type": "Point",
        "coordinates": [
          -17.4525252,
          14.7225869
        ]
      },
      "id": "node/4363242504"
    },
    {
      "type": "Feature",
      "properties": {
        "@id": "node/4363242506",
        "highway": "bus_stop",
        "network": "Dakar Dem Dikk",
        "operator": "Dakar Dem Dikk",
        "public_transport": "platform",
        "shelter": "no",
        "source": "bing;survey"
      },
      "geometry": {
        "type": "Point",
        "coordinates": [
          -17.455286,
          14.7228747
        ]
      },
      "id": "node/4363242506"
    },
    {
      "type": "Feature",
      "properties": {
        "@id": "node/4363242507",
        "bench": "yes",
        "bus": "yes",
        "highway": "bus_stop",
        "network": "Dakar Dem Dikk",
        "operator": "Dakar Dem Dikk",
        "public_transport": "platform",
        "shelter": "yes",
        "source": "bing;survey"
      },
      "geometry": {
        "type": "Point",
        "coordinates": [
          -17.4583504,
          14.7228925
        ]
      },
      "id": "node/4363242507"
    },
    {
      "type": "Feature",
      "properties": {
        "@id": "node/4363242508",
        "bus": "yes",
        "highway": "bus_stop",
        "network": "Dakar Dem Dikk",
        "operator": "Dakar Dem Dikk",
        "public_transport": "platform",
        "shelter": "no",
        "source": "bing;survey"
      },
      "geometry": {
        "type": "Point",
        "coordinates": [
          -17.4584512,
          14.722935
        ]
      },
      "id": "node/4363242508"
    },
    {
      "type": "Feature",
      "properties": {
        "@id": "node/4363242509",
        "bus": "yes",
        "highway": "bus_stop",
        "network": "Dakar Dem Dikk",
        "operator": "Dakar Dem Dikk",
        "public_transport": "platform",
        "shelter": "no"
      },
      "geometry": {
        "type": "Point",
        "coordinates": [
          -17.4463499,
          14.7232153
        ]
      },
      "id": "node/4363242509"
    },
    {
      "type": "Feature",
      "properties": {
        "@id": "node/4363242510",
        "bus": "yes",
        "highway": "bus_stop",
        "network": "Dakar Dem Dikk",
        "operator": "Dakar Dem Dikk",
        "public_transport": "platform",
        "shelter": "no",
        "source": "bing;survey"
      },
      "geometry": {
        "type": "Point",
        "coordinates": [
          -17.4308193,
          14.7232211
        ]
      },
      "id": "node/4363242510"
    },
    {
      "type": "Feature",
      "properties": {
        "@id": "node/4363242511",
        "bus": "yes",
        "highway": "bus_stop",
        "name": "Arret brioche dorée Liberté 6",
        "network": "Dakar Dem Dikk",
        "operator": "Dakar Dem Dikk",
        "public_transport": "platform",
        "ref": "9",
        "route_ref": "9",
        "shelter": "no",
        "source": "bing;survey"
      },
      "geometry": {
        "type": "Point",
        "coordinates": [
          -17.4652817,
          14.7233511
        ]
      },
      "id": "node/4363242511"
    },
    {
      "type": "Feature",
      "properties": {
        "@id": "node/4363242512",
        "bus": "yes",
        "highway": "bus_stop",
        "name": "Arret brioche dorée Liberté 6",
        "network": "Dakar Dem Dikk",
        "operator": "Dakar Dem Dikk",
        "public_transport": "platform",
        "ref": "9",
        "route_ref": "9",
        "shelter": "no",
        "source": "bing;survey"
      },
      "geometry": {
        "type": "Point",
        "coordinates": [
          -17.4652062,
          14.7233982
        ]
      },
      "id": "node/4363242512"
    },
    {
      "type": "Feature",
      "properties": {
        "@id": "node/4363242513",
        "bus": "yes",
        "highway": "bus_stop",
        "network": "Dakar Dem Dikk",
        "operator": "Dakar Dem Dikk",
        "public_transport": "platform",
        "shelter": "no",
        "source": "bing;survey"
      },
      "geometry": {
        "type": "Point",
        "coordinates": [
          -17.4529776,
          14.72347
        ]
      },
      "id": "node/4363242513"
    },
    {
      "type": "Feature",
      "properties": {
        "@id": "node/4363242514",
        "bus": "yes",
        "highway": "bus_stop",
        "name": "37",
        "network": "Dakar Dem Dikk",
        "operator": "Dakar Dem Dikk",
        "public_transport": "platform",
        "shelter": "no"
      },
      "geometry": {
        "type": "Point",
        "coordinates": [
          -17.4382866,
          14.7235614
        ]
      },
      "id": "node/4363242514"
    },
    {
      "type": "Feature",
      "properties": {
        "@id": "node/4363242515",
        "bus": "yes",
        "highway": "bus_stop",
        "network": "Dakar Dem Dikk",
        "operator": "Dakar Dem Dikk",
        "public_transport": "platform",
        "shelter": "no",
        "source": "bing;survey"
      },
      "geometry": {
        "type": "Point",
        "coordinates": [
          -17.4530524,
          14.7240811
        ]
      },
      "id": "node/4363242515"
    },
    {
      "type": "Feature",
      "properties": {
        "@id": "node/4363242516",
        "bus": "yes",
        "highway": "bus_stop",
        "network": "Dakar Dem Dikk",
        "operator": "Dakar Dem Dikk",
        "public_transport": "platform",
        "shelter": "no",
        "source": "bing;survey"
      },
      "geometry": {
        "type": "Point",
        "coordinates": [
          -17.4833228,
          14.7241496
        ]
      },
      "id": "node/4363242516"
    },
    {
      "type": "Feature",
      "properties": {
        "@id": "node/4363242517",
        "bus": "yes",
        "highway": "bus_stop",
        "network": "Dakar Dem Dikk",
        "operator": "Dakar Dem Dikk",
        "public_transport": "platform",
        "shelter": "no",
        "source": "bing;survey"
      },
      "geometry": {
        "type": "Point",
        "coordinates": [
          -17.4610569,
          14.7243526
        ]
      },
      "id": "node/4363242517"
    },
    {
      "type": "Feature",
      "properties": {
        "@id": "node/4363242519",
        "bus": "yes",
        "highway": "bus_stop",
        "network": "Dakar Dem Dikk",
        "operator": "Dakar Dem Dikk",
        "public_transport": "platform",
        "shelter": "no",
        "source": "bing;survey"
      },
      "geometry": {
        "type": "Point",
        "coordinates": [
          -17.4603588,
          14.7245668
        ]
      },
      "id": "node/4363242519"
    },
    {
      "type": "Feature",
      "properties": {
        "@id": "node/4363242520",
        "bus": "yes",
        "highway": "bus_stop",
        "network": "Dakar Dem Dikk",
        "operator": "Dakar Dem Dikk",
        "public_transport": "platform",
        "shelter": "no",
        "source": "bing;survey"
      },
      "geometry": {
        "type": "Point",
        "coordinates": [
          -17.4570776,
          14.7246076
        ]
      },
      "id": "node/4363242520"
    },
    {
      "type": "Feature",
      "properties": {
        "@id": "node/4363242521",
        "highway": "bus_stop",
        "network": "Dakar Dem Dikk",
        "operator": "Dakar Dem Dikk",
        "public_transport": "platform",
        "shelter": "no",
        "source": "bing;survey"
      },
      "geometry": {
        "type": "Point",
        "coordinates": [
          -17.4297204,
          14.7249815
        ]
      },
      "id": "node/4363242521"
    },
    {
      "type": "Feature",
      "properties": {
        "@id": "node/4363242522",
        "bus": "yes",
        "highway": "bus_stop",
        "network": "Dakar Dem Dikk",
        "operator": "Dakar Dem Dikk",
        "public_transport": "platform",
        "shelter": "no",
        "source": "bing;survey"
      },
      "geometry": {
        "type": "Point",
        "coordinates": [
          -17.4880605,
          14.7250754
        ]
      },
      "id": "node/4363242522"
    },
    {
      "type": "Feature",
      "properties": {
        "@id": "node/4363242523",
        "bus": "yes",
        "highway": "bus_stop",
        "network": "Dakar Dem Dikk",
        "operator": "Dakar Dem Dikk",
        "public_transport": "platform",
        "shelter": "no",
        "source": "bing;survey"
      },
      "geometry": {
        "type": "Point",
        "coordinates": [
          -17.4882418,
          14.7254762
        ]
      },
      "id": "node/4363242523"
    },
    {
      "type": "Feature",
      "properties": {
        "@id": "node/4363242524",
        "bench": "yes",
        "bus": "yes",
        "highway": "bus_stop",
        "network": "Dakar Dem Dikk",
        "operator": "Dakar Dem Dikk",
        "public_transport": "platform",
        "shelter": "yes",
        "source": "bing;survey"
      },
      "geometry": {
        "type": "Point",
        "coordinates": [
          -17.4448868,
          14.7255696
        ]
      },
      "id": "node/4363242524"
    },
    {
      "type": "Feature",
      "properties": {
        "@id": "node/4363242525",
        "bus": "yes",
        "highway": "bus_stop",
        "name": "Arret Pharmacie",
        "network": "Dakar Dem Dikk",
        "operator": "Dakar Dem Dikk",
        "public_transport": "platform",
        "shelter": "no",
        "source": "bing;survey"
      },
      "geometry": {
        "type": "Point",
        "coordinates": [
          -17.4827764,
          14.7256037
        ]
      },
      "id": "node/4363242525"
    },
    {
      "type": "Feature",
      "properties": {
        "@id": "node/4363242526",
        "highway": "bus_stop",
        "network": "Dakar Dem Dikk",
        "operator": "Dakar Dem Dikk",
        "public_transport": "platform",
        "shelter": "no",
        "source": "bing;survey"
      },
      "geometry": {
        "type": "Point",
        "coordinates": [
          -17.4294773,
          14.7256911
        ]
      },
      "id": "node/4363242526"
    },
    {
      "type": "Feature",
      "properties": {
        "@id": "node/4363242527",
        "highway": "bus_stop",
        "network": "Dakar Dem Dikk",
        "operator": "Dakar Dem Dikk",
        "public_transport": "platform",
        "shelter": "no",
        "source": "bing;survey"
      },
      "geometry": {
        "type": "Point",
        "coordinates": [
          -17.4526697,
          14.72577
        ]
      },
      "id": "node/4363242527"
    },
    {
      "type": "Feature",
      "properties": {
        "@id": "node/4363242528",
        "bus": "yes",
        "highway": "bus_stop",
        "name": "Arret Liberté 6",
        "network": "Dakar Dem Dikk",
        "operator": "Dakar Dem Dikk",
        "public_transport": "platform",
        "ref": "9",
        "route_ref": "9",
        "shelter": "no",
        "source": "bing;survey"
      },
      "geometry": {
        "type": "Point",
        "coordinates": [
          -17.4636853,
          14.7258135
        ]
      },
      "id": "node/4363242528"
    },
    {
      "type": "Feature",
      "properties": {
        "@id": "node/4363242529",
        "bus": "yes",
        "highway": "bus_stop",
        "name": "Arret Liberte 6",
        "network": "Dakar Dem Dikk",
        "operator": "Dakar Dem Dikk",
        "public_transport": "platform",
        "ref": "9",
        "route_ref": "9",
        "shelter": "no",
        "source": "bing;survey"
      },
      "geometry": {
        "type": "Point",
        "coordinates": [
          -17.4636752,
          14.7259445
        ]
      },
      "id": "node/4363242529"
    },
    {
      "type": "Feature",
      "properties": {
        "@id": "node/4363242530",
        "bench": "yes",
        "bus": "yes",
        "highway": "bus_stop",
        "network": "Dakar Dem Dikk",
        "operator": "Dakar Dem Dikk",
        "public_transport": "platform",
        "shelter": "yes"
      },
      "geometry": {
        "type": "Point",
        "coordinates": [
          -17.444648,
          14.7261725
        ]
      },
      "id": "node/4363242530"
    },
    {
      "type": "Feature",
      "properties": {
        "@id": "node/4363242531",
        "bus": "yes",
        "highway": "bus_stop",
        "network": "Dakar Dem Dikk",
        "operator": "Dakar Dem Dikk",
        "public_transport": "platform",
        "shelter": "no",
        "source": "bing;survey"
      },
      "geometry": {
        "type": "Point",
        "coordinates": [
          -17.4567227,
          14.7263712
        ]
      },
      "id": "node/4363242531"
    },
    {
      "type": "Feature",
      "properties": {
        "@id": "node/4363242532",
        "bench": "no",
        "bin": "no",
        "bus": "yes",
        "highway": "bus_stop",
        "name": "Arret Bus Mamelles",
        "network": "Dakar Dem Dikk",
        "notes": "217 and 218",
        "operator": "Dakar Dem Dikk",
        "public_transport": "platform",
        "shelter": "no"
      },
      "geometry": {
        "type": "Point",
        "coordinates": [
          -17.5012411,
          14.726695
        ]
      },
      "id": "node/4363242532"
    },
    {
      "type": "Feature",
      "properties": {
        "@id": "node/4363242533",
        "bus": "yes",
        "highway": "bus_stop",
        "network": "Dakar Dem Dikk",
        "operator": "Dakar Dem Dikk",
        "public_transport": "platform",
        "shelter": "no",
        "source": "bing;survey"
      },
      "geometry": {
        "type": "Point",
        "coordinates": [
          -17.4525677,
          14.7268825
        ]
      },
      "id": "node/4363242533"
    },
    {
      "type": "Feature",
      "properties": {
        "@id": "node/4363242534",
        "bus": "yes",
        "highway": "bus_stop",
        "name": "Arret Terrain liberté 6",
        "network": "Dakar Dem Dikk",
        "operator": "Dakar Dem Dikk",
        "public_transport": "platform",
        "ref": "Arret Terrain liberté 6",
        "route_ref": "9",
        "shelter": "no",
        "source": "bing;survey"
      },
      "geometry": {
        "type": "Point",
        "coordinates": [
          -17.4624771,
          14.7268979
        ]
      },
      "id": "node/4363242534"
    },
    {
      "type": "Feature",
      "properties": {
        "@id": "node/4363242536",
        "bus": "yes",
        "highway": "bus_stop",
        "network": "Dakar Dem Dikk",
        "operator": "Dakar Dem Dikk",
        "public_transport": "platform",
        "shelter": "no",
        "source": "bing;survey"
      },
      "geometry": {
        "type": "Point",
        "coordinates": [
          -17.4583123,
          14.7271221
        ]
      },
      "id": "node/4363242536"
    },
    {
      "type": "Feature",
      "properties": {
        "@id": "node/4363242537",
        "bus": "yes",
        "highway": "bus_stop",
        "network": "Dakar Dem Dikk",
        "operator": "Dakar Dem Dikk",
        "public_transport": "platform",
        "shelter": "no",
        "source": "bing;survey"
      },
      "geometry": {
        "type": "Point",
        "coordinates": [
          -17.4566865,
          14.7272561
        ]
      },
      "id": "node/4363242537"
    },
    {
      "type": "Feature",
      "properties": {
        "@id": "node/4363242538",
        "bus": "yes",
        "highway": "bus_stop",
        "network": "Dakar Dem Dikk",
        "operator": "Dakar Dem Dikk",
        "public_transport": "platform",
        "shelter": "no",
        "source": "bing;survey"
      },
      "geometry": {
        "type": "Point",
        "coordinates": [
          -17.458075,
          14.7276831
        ]
      },
      "id": "node/4363242538"
    },
    {
      "type": "Feature",
      "properties": {
        "@id": "node/4363242539",
        "highway": "bus_stop",
        "network": "Dakar Dem Dikk",
        "operator": "Dakar Dem Dikk",
        "public_transport": "platform",
        "shelter": "no",
        "source": "bing;survey"
      },
      "geometry": {
        "type": "Point",
        "coordinates": [
          -17.4516467,
          14.727741
        ]
      },
      "id": "node/4363242539"
    },
    {
      "type": "Feature",
      "properties": {
        "@id": "node/4363242540",
        "highway": "bus_stop",
        "network": "Dakar Dem Dikk",
        "operator": "Dakar Dem Dikk",
        "public_transport": "platform",
        "shelter": "no",
        "source": "bing;survey"
      },
      "geometry": {
        "type": "Point",
        "coordinates": [
          -17.4718998,
          14.7279226
        ]
      },
      "id": "node/4363242540"
    },
    {
      "type": "Feature",
      "properties": {
        "@id": "node/4363242541",
        "bench": "yes",
        "bus": "yes",
        "highway": "bus_stop",
        "network": "Dakar Dem Dikk",
        "operator": "Dakar Dem Dikk",
        "public_transport": "platform",
        "shelter": "yes",
        "source": "bing;survey"
      },
      "geometry": {
        "type": "Point",
        "coordinates": [
          -17.4556864,
          14.7282389
        ]
      },
      "id": "node/4363242541"
    },
    {
      "type": "Feature",
      "properties": {
        "@id": "node/4363242542",
        "bus": "yes",
        "highway": "bus_stop",
        "name": "Arrêt Avenue Fahd Ben Abdel Aziz",
        "network": "Dakar Dem Dikk",
        "operator": "Dakar Dem Dikk",
        "public_transport": "platform",
        "ref": "Ligne 23",
        "shelter": "no",
        "source": "bing;survey"
      },
      "geometry": {
        "type": "Point",
        "coordinates": [
          -17.455351,
          14.7284268
        ]
      },
      "id": "node/4363242542"
    },
    {
      "type": "Feature",
      "properties": {
        "@id": "node/4363242543",
        "bench": "yes",
        "bus": "yes",
        "highway": "bus_stop",
        "network": "Dakar Dem Dikk",
        "operator": "Dakar Dem Dikk",
        "public_transport": "platform",
        "shelter": "yes",
        "source": "bing;survey"
      },
      "geometry": {
        "type": "Point",
        "coordinates": [
          -17.4902847,
          14.7291084
        ]
      },
      "id": "node/4363242543"
    },
    {
      "type": "Feature",
      "properties": {
        "@id": "node/4363242544",
        "highway": "bus_stop",
        "network": "Dakar Dem Dikk",
        "operator": "Dakar Dem Dikk",
        "public_transport": "platform",
        "shelter": "no",
        "source": "bing;survey"
      },
      "geometry": {
        "type": "Point",
        "coordinates": [
          -17.4727569,
          14.7291693
        ]
      },
      "id": "node/4363242544"
    },
    {
      "type": "Feature",
      "properties": {
        "@id": "node/4363242545",
        "bus": "yes",
        "highway": "bus_stop",
        "network": "Dakar Dem Dikk",
        "operator": "Dakar Dem Dikk",
        "public_transport": "platform",
        "shelter": "no",
        "source": "bing;survey"
      },
      "geometry": {
        "type": "Point",
        "coordinates": [
          -17.4264541,
          14.7291907
        ]
      },
      "id": "node/4363242545"
    },
    {
      "type": "Feature",
      "properties": {
        "@id": "node/4363242546",
        "bus": "yes",
        "highway": "bus_stop",
        "network": "Dakar Dem Dikk",
        "operator": "Dakar Dem Dikk",
        "public_transport": "platform",
        "shelter": "no",
        "source": "bing;survey"
      },
      "geometry": {
        "type": "Point",
        "coordinates": [
          -17.425269,
          14.7298318
        ]
      },
      "id": "node/4363242546"
    },
    {
      "type": "Feature",
      "properties": {
        "@id": "node/4363242547",
        "bus": "yes",
        "highway": "bus_stop",
        "network": "Dakar Dem Dikk",
        "operator": "Dakar Dem Dikk",
        "public_transport": "platform",
        "shelter": "no",
        "source": "bing;survey"
      },
      "geometry": {
        "type": "Point",
        "coordinates": [
          -17.4991682,
          14.730068
        ]
      },
      "id": "node/4363242547"
    },
    {
      "type": "Feature",
      "properties": {
        "@id": "node/4363242548",
        "bus": "yes",
        "highway": "bus_stop",
        "network": "Dakar Dem Dikk",
        "operator": "Dakar Dem Dikk",
        "public_transport": "platform",
        "shelter": "no",
        "source": "bing;survey"
      },
      "geometry": {
        "type": "Point",
        "coordinates": [
          -17.4989676,
          14.730727
        ]
      },
      "id": "node/4363242548"
    },
    {
      "type": "Feature",
      "properties": {
        "@id": "node/4408426990",
        "highway": "bus_stop",
        "name": "Terminus 76",
        "name:fr": "Terminus 76",
        "operator": "Bus AFTU"
      },
      "geometry": {
        "type": "Point",
        "coordinates": [
          -17.468943,
          14.7400558
        ]
      },
      "id": "node/4408426990"
    },
    {
      "type": "Feature",
      "properties": {
        "@id": "node/4419421889",
        "bus": "yes",
        "highway": "bus_stop",
        "name": "Terminus 217 et 218",
        "name:fr": "Terminus 217 et 218",
        "operator": "Dakar Dem Dikk",
        "public_transport": "platform"
      },
      "geometry": {
        "type": "Point",
        "coordinates": [
          -17.3780703,
          14.7471089
        ]
      },
      "id": "node/4419421889"
    },
    {
      "type": "Feature",
      "properties": {
        "@id": "node/4485586689",
        "highway": "bus_stop",
        "name": "37"
      },
      "geometry": {
        "type": "Point",
        "coordinates": [
          -17.4264453,
          14.7008419
        ]
      },
      "id": "node/4485586689"
    },
    {
      "type": "Feature",
      "properties": {
        "@id": "node/4522814695",
        "bus": "yes",
        "highway": "bus_stop",
        "public_transport": "platform"
      },
      "geometry": {
        "type": "Point",
        "coordinates": [
          -17.453225,
          14.7352258
        ]
      },
      "id": "node/4522814695"
    },
    {
      "type": "Feature",
      "properties": {
        "@id": "node/4522822600",
        "bus": "yes",
        "highway": "bus_stop",
        "public_transport": "platform"
      },
      "geometry": {
        "type": "Point",
        "coordinates": [
          -17.4661979,
          14.7154215
        ]
      },
      "id": "node/4522822600"
    },
    {
      "type": "Feature",
      "properties": {
        "@id": "node/4522834294",
        "amenity": "bus_station",
        "bus": "yes",
        "name": "Garage Saloum saloum",
        "name:fr": "Garage Saloum saloum",
        "public_transport": "station"
      },
      "geometry": {
        "type": "Point",
        "coordinates": [
          -17.4506659,
          14.7311058
        ]
      },
      "id": "node/4522834294"
    },
    {
      "type": "Feature",
      "properties": {
        "@id": "node/4522834591",
        "bus": "yes",
        "highway": "bus_stop",
        "public_transport": "platform"
      },
      "geometry": {
        "type": "Point",
        "coordinates": [
          -17.4529162,
          14.7351869
        ]
      },
      "id": "node/4522834591"
    },
    {
      "type": "Feature",
      "properties": {
        "@id": "node/4666414391",
        "bus": "yes",
        "highway": "bus_stop",
        "name": "Terminus Parcelles-Assainies",
        "network": "Dakar Dem Dikk",
        "operator": "Dakar Dem Dikk",
        "public_transport": "platform",
        "short_name": "DDD"
      },
      "geometry": {
        "type": "Point",
        "coordinates": [
          -17.4394029,
          14.7603996
        ]
      },
      "id": "node/4666414391"
    },
    {
      "type": "Feature",
      "properties": {
        "@id": "node/4666415329",
        "bus": "yes",
        "public_transport": "stop_position"
      },
      "geometry": {
        "type": "Point",
        "coordinates": [
          -17.4393137,
          14.7604139
        ]
      },
      "id": "node/4666415329"
    },
    {
      "type": "Feature",
      "properties": {
        "@id": "node/4666430936",
        "bus": "yes",
        "public_transport": "stop_position"
      },
      "geometry": {
        "type": "Point",
        "coordinates": [
          -17.430652,
          14.6729515
        ]
      },
      "id": "node/4666430936"
    },
    {
      "type": "Feature",
      "properties": {
        "@id": "node/4666430937",
        "highway": "bus_stop",
        "name": "Port de Dakar",
        "network": "Dakar Dem Dikk",
        "operator": "Dakar Dem Dikk",
        "public_transport": "platform"
      },
      "geometry": {
        "type": "Point",
        "coordinates": [
          -17.4325478,
          14.6739709
        ]
      },
      "id": "node/4666430937"
    },
    {
      "type": "Feature",
      "properties": {
        "@id": "node/4666430938",
        "bus": "yes",
        "highway": "bus_stop",
        "name": "Hôtel de ville",
        "network": "Dakar Dem Dikk",
        "operator": "Dakar Dem Dikk",
        "public_transport": "platform"
      },
      "geometry": {
        "type": "Point",
        "coordinates": [
          -17.4321923,
          14.6718059
        ]
      },
      "id": "node/4666430938"
    },
    {
      "type": "Feature",
      "properties": {
        "@id": "node/4666430939",
        "bench": "no",
        "bus": "yes",
        "highway": "bus_stop",
        "name": "Place de l’Indépendance",
        "network": "Dakar Dem Dikk",
        "operator": "Dakar Dem Dikk",
        "public_transport": "platform",
        "shelter": "no"
      },
      "geometry": {
        "type": "Point",
        "coordinates": [
          -17.4315741,
          14.6695126
        ]
      },
      "id": "node/4666430939"
    },
    {
      "type": "Feature",
      "properties": {
        "@id": "node/4666430940",
        "highway": "bus_stop",
        "network": "Dakar Dem Dikk",
        "operator": "Dakar Dem Dikk",
        "public_transport": "platform"
      },
      "geometry": {
        "type": "Point",
        "coordinates": [
          -17.4326022,
          14.6695142
        ]
      },
      "id": "node/4666430940"
    },
    {
      "type": "Feature",
      "properties": {
        "@id": "node/4666430941",
        "bus": "yes",
        "highway": "bus_stop",
        "network": "Dakar Dem Dikk",
        "operator": "Dakar Dem Dikk",
        "public_transport": "platform"
      },
      "geometry": {
        "type": "Point",
        "coordinates": [
          -17.4330474,
          14.6694418
        ]
      },
      "id": "node/4666430941"
    },
    {
      "type": "Feature",
      "properties": {
        "@id": "node/4666430942",
        "bench": "no",
        "bin": "no",
        "bus": "yes",
        "highway": "bus_stop",
        "lit": "yes",
        "name": "Alybaba",
        "network": "Dakar Dem Dikk",
        "operator": "Dakar Dem Dikk",
        "public_transport": "platform",
        "shelter": "no"
      },
      "geometry": {
        "type": "Point",
        "coordinates": [
          -17.4345883,
          14.6694574
        ]
      },
      "id": "node/4666430942"
    },
    {
      "type": "Feature",
      "properties": {
        "@id": "node/4666430943",
        "bench": "no",
        "bin": "no",
        "bus": "yes",
        "highway": "bus_stop",
        "network": "Dakar Dem Dikk",
        "operator": "Dakar Dem Dikk",
        "public_transport": "platform",
        "shelter": "yes"
      },
      "geometry": {
        "type": "Point",
        "coordinates": [
          -17.4361145,
          14.6692576
        ]
      },
      "id": "node/4666430943"
    },
    {
      "type": "Feature",
      "properties": {
        "@id": "node/4666430944",
        "bench": "yes",
        "bin": "no",
        "bus": "yes",
        "highway": "bus_stop",
        "lit": "yes",
        "name": "Ville",
        "network": "Dakar Dem Dikk",
        "operator": "Dakar Dem Dikk",
        "public_transport": "platform",
        "shelter": "yes"
      },
      "geometry": {
        "type": "Point",
        "coordinates": [
          -17.4386278,
          14.6691169
        ]
      },
      "id": "node/4666430944"
    },
    {
      "type": "Feature",
      "properties": {
        "@id": "node/4666430945",
        "bench": "no",
        "bus": "yes",
        "highway": "bus_stop",
        "network": "Dakar Dem Dikk",
        "operator": "Dakar Dem Dikk",
        "public_transport": "platform",
        "shelter": "no"
      },
      "geometry": {
        "type": "Point",
        "coordinates": [
          -17.4402706,
          14.6705731
        ]
      },
      "id": "node/4666430945"
    },
    {
      "type": "Feature",
      "properties": {
        "@id": "node/4666430946",
        "bench": "yes",
        "bin": "no",
        "bus": "yes",
        "highway": "bus_stop",
        "name": "Arrêt El Malick",
        "network": "Dakar Dem Dikk",
        "operator": "Dakar Dem Dikk",
        "public_transport": "platform",
        "shelter": "yes"
      },
      "geometry": {
        "type": "Point",
        "coordinates": [
          -17.4404423,
          14.671611
        ]
      },
      "id": "node/4666430946"
    },
    {
      "type": "Feature",
      "properties": {
        "@id": "node/4666430947",
        "bench": "no",
        "bin": "no",
        "bus": "yes",
        "highway": "bus_stop",
        "network": "Dakar Dem Dikk",
        "operator": "Dakar Dem Dikk",
        "public_transport": "platform",
        "shelter": "no"
      },
      "geometry": {
        "type": "Point",
        "coordinates": [
          -17.4433605,
          14.6748817
        ]
      },
      "id": "node/4666430947"
    },
    {
      "type": "Feature",
      "properties": {
        "@id": "node/4666430948",
        "bench": "no",
        "bin": "no",
        "bus": "yes",
        "highway": "bus_stop",
        "name": "Ville",
        "network": "Dakar Dem Dikk",
        "operator": "Dakar Dem Dikk",
        "public_transport": "platform",
        "shelter": "no"
      },
      "geometry": {
        "type": "Point",
        "coordinates": [
          -17.4439707,
          14.6756718
        ]
      },
      "id": "node/4666430948"
    },
    {
      "type": "Feature",
      "properties": {
        "@id": "node/4666430949",
        "bench": "no",
        "bin": "no",
        "bus": "yes",
        "highway": "bus_stop",
        "name": "Polyclinique",
        "network": "Dakar Dem Dikk",
        "operator": "Dakar Dem Dikk",
        "public_transport": "platform",
        "shelter": "no"
      },
      "geometry": {
        "type": "Point",
        "coordinates": [
          -17.4463337,
          14.6779668
        ]
      },
      "id": "node/4666430949"
    },
    {
      "type": "Feature",
      "properties": {
        "@id": "node/4666430950",
        "bus": "yes",
        "highway": "bus_stop",
        "name": "Stade",
        "network": "Dakar Dem Dikk",
        "operator": "Dakar Dem Dikk",
        "public_transport": "platform"
      },
      "geometry": {
        "type": "Point",
        "coordinates": [
          -17.4471505,
          14.6784889
        ]
      },
      "id": "node/4666430950"
    },
    {
      "type": "Feature",
      "properties": {
        "@id": "node/4666430951",
        "bench": "no",
        "bin": "no",
        "bus": "yes",
        "highway": "bus_stop",
        "name": "Marché Tilène",
        "network": "Dakar Dem Dikk",
        "operator": "Dakar Dem Dikk",
        "public_transport": "platform",
        "shelter": "no"
      },
      "geometry": {
        "type": "Point",
        "coordinates": [
          -17.4481891,
          14.6794172
        ]
      },
      "id": "node/4666430951"
    },
    {
      "type": "Feature",
      "properties": {
        "@id": "node/4666430952",
        "bus": "yes",
        "highway": "bus_stop",
        "name": "Marché Tilène",
        "network": "Dakar Dem Dikk",
        "operator": "Dakar Dem Dikk",
        "public_transport": "platform"
      },
      "geometry": {
        "type": "Point",
        "coordinates": [
          -17.4485358,
          14.6799822
        ]
      },
      "id": "node/4666430952"
    },
    {
      "type": "Feature",
      "properties": {
        "@id": "node/4666430953",
        "bench": "no",
        "bin": "no",
        "bus": "yes",
        "highway": "bus_stop",
        "name": "Marché Tilène",
        "network": "Dakar Dem Dikk",
        "operator": "Dakar Dem Dikk",
        "public_transport": "platform",
        "shelter": "no"
      },
      "geometry": {
        "type": "Point",
        "coordinates": [
          -17.4502967,
          14.6814319
        ]
      },
      "id": "node/4666430953"
    },
    {
      "type": "Feature",
      "properties": {
        "@id": "node/4666430954",
        "bus": "yes",
        "highway": "bus_stop",
        "name": "Marché Tilène",
        "network": "Dakar Dem Dikk",
        "operator": "Dakar Dem Dikk",
        "public_transport": "platform"
      },
      "geometry": {
        "type": "Point",
        "coordinates": [
          -17.4507748,
          14.6820994
        ]
      },
      "id": "node/4666430954"
    },
    {
      "type": "Feature",
      "properties": {
        "@id": "node/4666430955",
        "bus": "yes",
        "highway": "bus_stop",
        "name": "Medina",
        "network": "Dakar Dem Dikk",
        "operator": "Dakar Dem Dikk",
        "public_transport": "platform"
      },
      "geometry": {
        "type": "Point",
        "coordinates": [
          -17.4524284,
          14.6833902
        ]
      },
      "id": "node/4666430955"
    },
    {
      "type": "Feature",
      "properties": {
        "@id": "node/4666430956",
        "bus": "yes",
        "highway": "bus_stop",
        "name": "Medina",
        "network": "Dakar Dem Dikk",
        "operator": "Dakar Dem Dikk",
        "public_transport": "platform"
      },
      "geometry": {
        "type": "Point",
        "coordinates": [
          -17.4525605,
          14.6837606
        ]
      },
      "id": "node/4666430956"
    },
    {
      "type": "Feature",
      "properties": {
        "@id": "node/4666430957",
        "bench": "yes",
        "bin": "yes",
        "bus": "yes",
        "highway": "bus_stop",
        "lit": "yes",
        "name": "SAHM",
        "network": "Dakar Dem Dikk",
        "operator": "Dakar Dem Dikk",
        "public_transport": "platform",
        "shelter": "yes"
      },
      "geometry": {
        "type": "Point",
        "coordinates": [
          -17.4542992,
          14.6856378
        ]
      },
      "id": "node/4666430957"
    },
    {
      "type": "Feature",
      "properties": {
        "@id": "node/4666430958",
        "bench": "no",
        "bin": "no",
        "bus": "yes",
        "highway": "bus_stop",
        "lit": "yes",
        "name": "Eglise Saint Joseph",
        "network": "Dakar Dem Dikk",
        "operator": "Dakar Dem Dikk",
        "public_transport": "platform",
        "shelter": "no"
      },
      "geometry": {
        "type": "Point",
        "coordinates": [
          -17.4554847,
          14.6864512
        ]
      },
      "id": "node/4666430958"
    },
    {
      "type": "Feature",
      "properties": {
        "@id": "node/4666430959",
        "bus": "yes",
        "highway": "bus_stop",
        "name": "Manguiers",
        "network": "Dakar Dem Dikk",
        "operator": "Dakar Dem Dikk",
        "public_transport": "platform"
      },
      "geometry": {
        "type": "Point",
        "coordinates": [
          -17.4568862,
          14.6880625
        ]
      },
      "id": "node/4666430959"
    },
    {
      "type": "Feature",
      "properties": {
        "@id": "node/4666430960",
        "bus": "yes",
        "highway": "bus_stop",
        "name": "Manguiers",
        "network": "Dakar Dem Dikk",
        "operator": "Dakar Dem Dikk",
        "public_transport": "platform"
      },
      "geometry": {
        "type": "Point",
        "coordinates": [
          -17.4577499,
          14.6890347
        ]
      },
      "id": "node/4666430960"
    },
    {
      "type": "Feature",
      "properties": {
        "@id": "node/4666430961",
        "bench": "yes",
        "bin": "no",
        "bus": "yes",
        "highway": "bus_stop",
        "lit": "yes",
        "name": "Arret Bus Aftu",
        "network": "Dakar Dem Dikk",
        "operator": "Dakar Dem Dikk",
        "public_transport": "platform",
        "shelter": "yes"
      },
      "geometry": {
        "type": "Point",
        "coordinates": [
          -17.4589622,
          14.6907153
        ]
      },
      "id": "node/4666430961"
    },
    {
      "type": "Feature",
      "properties": {
        "@id": "node/4666430962",
        "bench": "no",
        "bin": "no",
        "bus": "yes",
        "highway": "bus_stop",
        "lit": "no",
        "name": "Arret Bus Aftu",
        "network": "Dakar Dem Dikk",
        "operator": "Dakar Dem Dikk",
        "public_transport": "platform",
        "shelter": "no"
      },
      "geometry": {
        "type": "Point",
        "coordinates": [
          -17.4597119,
          14.6910578
        ]
      },
      "id": "node/4666430962"
    },
    {
      "type": "Feature",
      "properties": {
        "@id": "node/4666430963",
        "bus": "yes",
        "highway": "bus_stop",
        "name": "UCAD",
        "network": "Dakar Dem Dikk",
        "operator": "Dakar Dem Dikk",
        "public_transport": "platform"
      },
      "geometry": {
        "type": "Point",
        "coordinates": [
          -17.4620743,
          14.6932398
        ]
      },
      "id": "node/4666430963"
    },
    {
      "type": "Feature",
      "properties": {
        "@id": "node/4666430964",
        "bus": "yes",
        "highway": "bus_stop",
        "name": "UCAD",
        "network": "Dakar Dem Dikk",
        "operator": "Dakar Dem Dikk",
        "public_transport": "platform"
      },
      "geometry": {
        "type": "Point",
        "coordinates": [
          -17.4621614,
          14.6930841
        ]
      },
      "id": "node/4666430964"
    },
    {
      "type": "Feature",
      "properties": {
        "@id": "node/4678698156",
        "disused": "yes",
        "public_transport": "stop_position",
        "railway": "station",
        "train": "yes"
      },
      "geometry": {
        "type": "Point",
        "coordinates": [
          -17.1517652,
          14.7407952
        ]
      },
      "id": "node/4678698156"
    },
    {
      "type": "Feature",
      "properties": {
        "@id": "node/4683236343",
        "bus": "yes",
        "highway": "bus_stop",
        "name": "ZAC Mbao",
        "public_transport": "platform"
      },
      "geometry": {
        "type": "Point",
        "coordinates": [
          -17.3021447,
          14.7304126
        ]
      },
      "id": "node/4683236343"
    },
    {
      "type": "Feature",
      "properties": {
        "@id": "node/4683261826",
        "bus": "yes",
        "highway": "bus_stop",
        "name": "Keur Mbaye Fall Centre",
        "public_transport": "stop_position"
      },
      "geometry": {
        "type": "Point",
        "coordinates": [
          -17.3186298,
          14.7462473
        ]
      },
      "id": "node/4683261826"
    },
    {
      "type": "Feature",
      "properties": {
        "@id": "node/4684726469",
        "bus": "yes",
        "highway": "bus_stop",
        "name": "SIPS",
        "public_transport": "stop_position"
      },
      "geometry": {
        "type": "Point",
        "coordinates": [
          -17.391191,
          14.7431906
        ]
      },
      "id": "node/4684726469"
    },
    {
      "type": "Feature",
      "properties": {
        "@id": "node/4684869853",
        "bus": "yes",
        "highway": "bus_stop",
        "network": "Dakar Dem Dikk",
        "operator": "Dakar Dem Dikk",
        "public_transport": "platform",
        "route_ref": "12;15;16B;232",
        "shelter": "no"
      },
      "geometry": {
        "type": "Point",
        "coordinates": [
          -17.4091304,
          14.7381331
        ]
      },
      "id": "node/4684869853"
    },
    {
      "type": "Feature",
      "properties": {
        "@id": "node/4684869869",
        "bus": "yes",
        "highway": "bus_stop",
        "network": "Dakar Dem Dikk",
        "operator": "Dakar Dem Dikk",
        "public_transport": "platform",
        "route_ref": "12;15;16B;232",
        "shelter": "no"
      },
      "geometry": {
        "type": "Point",
        "coordinates": [
          -17.4065535,
          14.7385715
        ]
      },
      "id": "node/4684869869"
    },
    {
      "type": "Feature",
      "properties": {
        "@id": "node/4684979090",
        "bus": "yes",
        "description": "Croisement Tivavouane Peulh Arrêt de bus (74, 69, 81)",
        "highway": "bus_stop",
        "name": "Croisement tivavouane Peulh",
        "name:en": "Tivavouane Peulh Crossing",
        "name:fr": "Croisement tivavouane Peulh",
        "operator": "Tata",
        "public_transport": "platform"
      },
      "geometry": {
        "type": "Point",
        "coordinates": [
          -17.2945284,
          14.786355
        ]
      },
      "id": "node/4684979090"
    },
    {
      "type": "Feature",
      "properties": {
        "@id": "node/4684989789",
        "bus": "yes",
        "description": "Arrêt de bus Tata (bus 69, 74, 81)",
        "highway": "bus_stop",
        "name": "Route de Tivavouane Peulh",
        "name:en": "Tivavouane Peulh Road",
        "name:fr": "Route de Tivavouane Peulh",
        "public_transport": "platform"
      },
      "geometry": {
        "type": "Point",
        "coordinates": [
          -17.2930219,
          14.7892196
        ]
      },
      "id": "node/4684989789"
    },
    {
      "type": "Feature",
      "properties": {
        "@id": "node/4685081386",
        "name": "Baux Maraîchers",
        "operator": "Dakar-Bamako-Ferroviaire",
        "public_transport": "stop_position",
        "railway": "halt",
        "train": "yes"
      },
      "geometry": {
        "type": "Point",
        "coordinates": [
          -17.4035181,
          14.7396223
        ]
      },
      "id": "node/4685081386"
    },
    {
      "type": "Feature",
      "properties": {
        "@id": "node/4690360002",
        "bus": "yes",
        "highway": "bus_stop",
        "network": "Dakar Dem Dikk",
        "operator": "Dakar Dem Dikk",
        "public_transport": "platform",
        "shelter": "no",
        "source": "bing;survey"
      },
      "geometry": {
        "type": "Point",
        "coordinates": [
          -17.4359454,
          14.6972263
        ]
      },
      "id": "node/4690360002"
    },
    {
      "type": "Feature",
      "properties": {
        "@id": "node/4690360036",
        "bus": "yes",
        "highway": "bus_stop",
        "network": "Dakar Dem Dikk",
        "operator": "Dakar Dem Dikk",
        "public_transport": "platform",
        "shelter": "no",
        "source": "bing;survey"
      },
      "geometry": {
        "type": "Point",
        "coordinates": [
          -17.43604,
          14.6973736
        ]
      },
      "id": "node/4690360036"
    },
    {
      "type": "Feature",
      "properties": {
        "@id": "node/4691106990",
        "amenity": "bus_station",
        "name": "Gare routière de patte d'oie",
        "public_transport": "station"
      },
      "geometry": {
        "type": "Point",
        "coordinates": [
          -17.4498217,
          14.7450212
        ]
      },
      "id": "node/4691106990"
    },
    {
      "type": "Feature",
      "properties": {
        "@id": "node/4692127339",
        "bus": "yes",
        "public_transport": "stop_position"
      },
      "geometry": {
        "type": "Point",
        "coordinates": [
          -17.4930438,
          14.732494
        ]
      },
      "id": "node/4692127339"
    },
    {
      "type": "Feature",
      "properties": {
        "@id": "node/4697157995",
        "bench": "no",
        "bin": "no",
        "bus": "yes",
        "highway": "bus_stop",
        "operator": "dakar-dem-dikk",
        "public_transport": "platform",
        "shelter": "no",
        "source": "survey"
      },
      "geometry": {
        "type": "Point",
        "coordinates": [
          -17.4328434,
          14.6729843
        ]
      },
      "id": "node/4697157995"
    },
    {
      "type": "Feature",
      "properties": {
        "@id": "node/4697157996",
        "bus": "yes",
        "highway": "bus_stop",
        "operator": "dakar-dem-dikk",
        "public_transport": "platform",
        "source": "survey"
      },
      "geometry": {
        "type": "Point",
        "coordinates": [
          -17.4360339,
          14.6750023
        ]
      },
      "id": "node/4697157996"
    },
    {
      "type": "Feature",
      "properties": {
        "@id": "node/4697157997",
        "bus": "yes",
        "highway": "bus_stop",
        "operator": "dakar-dem-dikk",
        "public_transport": "platform",
        "source": "survey"
      },
      "geometry": {
        "type": "Point",
        "coordinates": [
          -17.4388467,
          14.6756332
        ]
      },
      "id": "node/4697157997"
    },
    {
      "type": "Feature",
      "properties": {
        "@id": "node/4697157998",
        "bus": "yes",
        "highway": "bus_stop",
        "operator": "dakar-dem-dikk",
        "public_transport": "platform",
        "source": "survey"
      },
      "geometry": {
        "type": "Point",
        "coordinates": [
          -17.4388825,
          14.6756893
        ]
      },
      "id": "node/4697157998"
    },
    {
      "type": "Feature",
      "properties": {
        "@id": "node/4697157999",
        "bus": "yes",
        "highway": "bus_stop",
        "operator": "Dakar-dem-dikk",
        "public_transport": "platform",
        "source": "survey"
      },
      "geometry": {
        "type": "Point",
        "coordinates": [
          -17.4419173,
          14.6780394
        ]
      },
      "id": "node/4697157999"
    },
    {
      "type": "Feature",
      "properties": {
        "@id": "node/4697158000",
        "bus": "yes",
        "highway": "bus_stop",
        "operator": "dakar-dem-dikk",
        "public_transport": "platform",
        "source": "survey"
      },
      "geometry": {
        "type": "Point",
        "coordinates": [
          -17.444821,
          14.6810538
        ]
      },
      "id": "node/4697158000"
    },
    {
      "type": "Feature",
      "properties": {
        "@id": "node/4697158001",
        "bus": "yes",
        "highway": "bus_stop",
        "operator": "dakar-dem-dikk",
        "public_transport": "platform",
        "source": "survey"
      },
      "geometry": {
        "type": "Point",
        "coordinates": [
          -17.4467334,
          14.682665
        ]
      },
      "id": "node/4697158001"
    },
    {
      "type": "Feature",
      "properties": {
        "@id": "node/4697158002",
        "bus": "yes",
        "highway": "bus_stop",
        "operator": "dakar-dem-dikk",
        "public_transport": "platform",
        "source": "survey"
      },
      "geometry": {
        "type": "Point",
        "coordinates": [
          -17.4470795,
          14.6829158
        ]
      },
      "id": "node/4697158002"
    },
    {
      "type": "Feature",
      "properties": {
        "@id": "node/4697158003",
        "bus": "yes",
        "highway": "bus_stop",
        "operator": "Dakar-dem-dikk",
        "public_transport": "platform",
        "source": "survey"
      },
      "geometry": {
        "type": "Point",
        "coordinates": [
          -17.4484583,
          14.6843202
        ]
      },
      "id": "node/4697158003"
    },
    {
      "type": "Feature",
      "properties": {
        "@id": "node/4697158004",
        "bus": "yes",
        "highway": "bus_stop",
        "operator": "Dakar-dem-dikk",
        "public_transport": "platform",
        "source": "survey"
      },
      "geometry": {
        "type": "Point",
        "coordinates": [
          -17.4489326,
          14.6846977
        ]
      },
      "id": "node/4697158004"
    },
    {
      "type": "Feature",
      "properties": {
        "@id": "node/4697158005",
        "bus": "yes",
        "highway": "bus_stop",
        "operator": "Dakar-dem-dikk",
        "public_transport": "platform",
        "source": "survey"
      },
      "geometry": {
        "type": "Point",
        "coordinates": [
          -17.4506671,
          14.6864249
        ]
      },
      "id": "node/4697158005"
    },
    {
      "type": "Feature",
      "properties": {
        "@id": "node/4697158006",
        "bus": "yes",
        "highway": "bus_stop",
        "operator": "Dakar-dem-dikk",
        "public_transport": "platform",
        "source": "survey"
      },
      "geometry": {
        "type": "Point",
        "coordinates": [
          -17.451003,
          14.6866592
        ]
      },
      "id": "node/4697158006"
    },
    {
      "type": "Feature",
      "properties": {
        "@id": "node/4697158007",
        "bench": "no",
        "bin": "no",
        "bus": "yes",
        "highway": "bus_stop",
        "name": "121",
        "operator": "dakar-dem-dikk",
        "public_transport": "platform",
        "shelter": "no",
        "source": "survey"
      },
      "geometry": {
        "type": "Point",
        "coordinates": [
          -17.4523333,
          14.6893964
        ]
      },
      "id": "node/4697158007"
    },
    {
      "type": "Feature",
      "properties": {
        "@id": "node/4697158008",
        "bench": "no",
        "bin": "no",
        "bus": "yes",
        "highway": "bus_stop",
        "lit": "no",
        "name": "DDD 121",
        "operator": "dakar-dem-dikk",
        "public_transport": "platform",
        "shelter": "no",
        "source": "survey"
      },
      "geometry": {
        "type": "Point",
        "coordinates": [
          -17.4540848,
          14.6929237
        ]
      },
      "id": "node/4697158008"
    },
    {
      "type": "Feature",
      "properties": {
        "@id": "node/4697158009",
        "bench": "no",
        "bin": "no",
        "bus": "yes",
        "highway": "bus_stop",
        "operator": "dakar-dem-dikk",
        "public_transport": "platform",
        "shelter": "no",
        "source": "survey"
      },
      "geometry": {
        "type": "Point",
        "coordinates": [
          -17.4533848,
          14.6952652
        ]
      },
      "id": "node/4697158009"
    },
    {
      "type": "Feature",
      "properties": {
        "@id": "node/4697158010",
        "bus": "yes",
        "highway": "bus_stop",
        "name": "Tata",
        "network": "Dakar Dem Dikk",
        "operator": "GIE",
        "public_transport": "platform",
        "route_ref": "31"
      },
      "geometry": {
        "type": "Point",
        "coordinates": [
          -17.4545716,
          14.7006292
        ]
      },
      "id": "node/4697158010"
    },
    {
      "type": "Feature",
      "properties": {
        "@id": "node/4697158011",
        "bus": "yes",
        "highway": "bus_stop",
        "operator": "dakar-dem-dikk",
        "public_transport": "platform",
        "source": "survey"
      },
      "geometry": {
        "type": "Point",
        "coordinates": [
          -17.4572002,
          14.7036608
        ]
      },
      "id": "node/4697158011"
    },
    {
      "type": "Feature",
      "properties": {
        "@id": "node/4697843990",
        "bus": "yes",
        "highway": "bus_stop",
        "name": "Arret de bus Dakar dem Dikk",
        "name:fr": "Arret de bus Dakar dem Dikk",
        "public_transport": "platform"
      },
      "geometry": {
        "type": "Point",
        "coordinates": [
          -17.435394,
          14.7427341
        ]
      },
      "id": "node/4697843990"
    },
    {
      "type": "Feature",
      "properties": {
        "@id": "node/4697854889",
        "bus": "yes",
        "highway": "bus_stop",
        "name": "Arret de bus Dakar dem dikk",
        "name:fr": "Arret de bus Dakar dem dikk",
        "operator": "dakar dem dikk",
        "public_transport": "platform"
      },
      "geometry": {
        "type": "Point",
        "coordinates": [
          -17.4259186,
          14.7449355
        ]
      },
      "id": "node/4697854889"
    },
    {
      "type": "Feature",
      "properties": {
        "@id": "node/4697855389",
        "bus": "yes",
        "highway": "bus_stop",
        "name": "Arret de bus Tata",
        "name:fr": "Arret de bus Tata",
        "operator": "Tata",
        "public_transport": "platform"
      },
      "geometry": {
        "type": "Point",
        "coordinates": [
          -17.4351768,
          14.742768
        ]
      },
      "id": "node/4697855389"
    },
    {
      "type": "Feature",
      "properties": {
        "@id": "node/4700720784",
        "amenity": "ferry_terminal",
        "ferry": "yes",
        "name": "Dakar",
        "public_transport": "stop_position",
        "website": "https://www.portdakar.sn/nos-services/trafic-passager/dakar-goree",
        "wheelchair": "yes",
        "wikimedia_commons": "File:20240107 093159 horaires de la chaloupe Dakar Île de Gorée.jpg"
      },
      "geometry": {
        "type": "Point",
        "coordinates": [
          -17.4305435,
          14.6745396
        ]
      },
      "id": "node/4700720784"
    },
    {
      "type": "Feature",
      "properties": {
        "@id": "node/4701929393",
        "bus": "yes",
        "highway": "bus_stop",
        "network": "Dakar Dem Dikk",
        "operator": "Dakar Dem Dikk",
        "public_transport": "platform",
        "shelter": "no"
      },
      "geometry": {
        "type": "Point",
        "coordinates": [
          -17.4321964,
          14.6928647
        ]
      },
      "id": "node/4701929393"
    },
    {
      "type": "Feature",
      "properties": {
        "@id": "node/4701929452",
        "bench": "yes",
        "bus": "yes",
        "highway": "bus_stop",
        "network": "Dakar Dem Dikk",
        "operator": "Dakar Dem Dikk",
        "public_transport": "platform",
        "shelter": "yes"
      },
      "geometry": {
        "type": "Point",
        "coordinates": [
          -17.4324795,
          14.6922887
        ]
      },
      "id": "node/4701929452"
    },
    {
      "type": "Feature",
      "properties": {
        "@id": "node/4703625101",
        "amenity": "ferry_terminal",
        "check_date": "2025-02-10",
        "ferry": "yes",
        "name": "Île de Ngor",
        "public_transport": "stop_position"
      },
      "geometry": {
        "type": "Point",
        "coordinates": [
          -17.5118366,
          14.755604
        ]
      },
      "id": "node/4703625101"
    },
    {
      "type": "Feature",
      "properties": {
        "@id": "node/4704772330",
        "bus": "yes",
        "highway": "bus_stop",
        "public_transport": "platform",
        "route_ref": "15;16B"
      },
      "geometry": {
        "type": "Point",
        "coordinates": [
          -17.4332636,
          14.7177365
        ]
      },
      "id": "node/4704772330"
    },
    {
      "type": "Feature",
      "properties": {
        "@id": "node/4706167986",
        "bus": "yes",
        "highway": "bus_stop",
        "network": "Dakar Dem Dikk",
        "operator": "Dakar Dem Dikk",
        "public_transport": "platform",
        "shelter": "no",
        "source": "bing;survey"
      },
      "geometry": {
        "type": "Point",
        "coordinates": [
          -17.4320887,
          14.6946909
        ]
      },
      "id": "node/4706167986"
    },
    {
      "type": "Feature",
      "properties": {
        "@id": "node/4706172218",
        "bus": "yes",
        "highway": "bus_stop",
        "network": "Dakar Dem Dikk",
        "operator": "Dakar Dem Dikk",
        "public_transport": "platform",
        "shelter": "no",
        "source": "bing;survey"
      },
      "geometry": {
        "type": "Point",
        "coordinates": [
          -17.4318502,
          14.6943947
        ]
      },
      "id": "node/4706172218"
    },
    {
      "type": "Feature",
      "properties": {
        "@id": "node/4719975389",
        "bench": "no",
        "bin": "no",
        "bus": "yes",
        "highway": "bus_stop",
        "public_transport": "platform",
        "shelter": "no"
      },
      "geometry": {
        "type": "Point",
        "coordinates": [
          -17.5022927,
          14.7511909
        ]
      },
      "id": "node/4719975389"
    },
    {
      "type": "Feature",
      "properties": {
        "@id": "node/4719975489",
        "bus": "yes",
        "highway": "bus_stop",
        "public_transport": "platform"
      },
      "geometry": {
        "type": "Point",
        "coordinates": [
          -17.5023916,
          14.7509778
        ]
      },
      "id": "node/4719975489"
    },
    {
      "type": "Feature",
      "properties": {
        "@id": "node/4725034237",
        "bench": "no",
        "highway": "bus_stop",
        "name": "Terminus 74 et 81",
        "network": "74-81"
      },
      "geometry": {
        "type": "Point",
        "coordinates": [
          -17.2608595,
          14.8107202
        ]
      },
      "id": "node/4725034237"
    },
    {
      "type": "Feature",
      "properties": {
        "@id": "node/4733980625",
        "bus": "yes",
        "highway": "bus_stop",
        "public_transport": "platform"
      },
      "geometry": {
        "type": "Point",
        "coordinates": [
          -17.4558199,
          14.7330019
        ]
      },
      "id": "node/4733980625"
    },
    {
      "type": "Feature",
      "properties": {
        "@id": "node/4733995121",
        "bus": "yes",
        "highway": "bus_stop",
        "public_transport": "platform"
      },
      "geometry": {
        "type": "Point",
        "coordinates": [
          -17.4547518,
          14.7339152
        ]
      },
      "id": "node/4733995121"
    },
    {
      "type": "Feature",
      "properties": {
        "@id": "node/4741882132",
        "bench": "no",
        "bus": "yes",
        "highway": "bus_stop",
        "name": "47",
        "name:fr": "47",
        "public_transport": "platform",
        "shelter": "no"
      },
      "geometry": {
        "type": "Point",
        "coordinates": [
          -17.5241334,
          14.7450271
        ]
      },
      "id": "node/4741882132"
    },
    {
      "type": "Feature",
      "properties": {
        "@id": "node/4743908226",
        "bus": "yes",
        "highway": "bus_stop",
        "name": "Gare Dakar Dem Dikk",
        "name:fr": "Gare Dakar Dem Dikk",
        "operator": "Dakar Dem Dikk",
        "public_transport": "platform"
      },
      "geometry": {
        "type": "Point",
        "coordinates": [
          -17.3361847,
          14.7937159
        ]
      },
      "id": "node/4743908226"
    },
    {
      "type": "Feature",
      "properties": {
        "@id": "node/4744719732",
        "bus": "yes",
        "highway": "bus_stop",
        "name": "3, 47, 61",
        "name:fr": "3, 47, 61",
        "public_transport": "platform"
      },
      "geometry": {
        "type": "Point",
        "coordinates": [
          -17.511669,
          14.7429653
        ]
      },
      "id": "node/4744719732"
    },
    {
      "type": "Feature",
      "properties": {
        "@id": "node/4744745521",
        "bus": "yes",
        "highway": "bus_stop",
        "name": "217, 218",
        "name:fr": "217, 218",
        "public_transport": "platform"
      },
      "geometry": {
        "type": "Point",
        "coordinates": [
          -17.5112728,
          14.742592
        ]
      },
      "id": "node/4744745521"
    },
    {
      "type": "Feature",
      "properties": {
        "@id": "node/4744772223",
        "bus": "yes",
        "highway": "bus_stop",
        "name": "47",
        "name:fr": "47",
        "public_transport": "platform"
      },
      "geometry": {
        "type": "Point",
        "coordinates": [
          -17.5106769,
          14.7373891
        ]
      },
      "id": "node/4744772223"
    },
    {
      "type": "Feature",
      "properties": {
        "@id": "node/4747526721",
        "bus": "yes",
        "highway": "bus_stop",
        "name": "Arrêt bus rond point Ngor",
        "name:fr": "Arrêt bus rond point Ngor",
        "public_transport": "platform"
      },
      "geometry": {
        "type": "Point",
        "coordinates": [
          -17.5143999,
          14.7489389
        ]
      },
      "id": "node/4747526721"
    },
    {
      "type": "Feature",
      "properties": {
        "@id": "node/4754514478",
        "bench": "no",
        "bin": "no",
        "highway": "bus_stop",
        "name": "Port de Dakar",
        "network": "Dakar Dem Dikk",
        "operator": "Dakar Dem Dikk",
        "public_transport": "platform",
        "shelter": "no"
      },
      "geometry": {
        "type": "Point",
        "coordinates": [
          -17.4320345,
          14.6742772
        ]
      },
      "id": "node/4754514478"
    },
    {
      "type": "Feature",
      "properties": {
        "@id": "node/4754514479",
        "bus": "yes",
        "highway": "bus_stop",
        "name": "Patisen",
        "network": "Dakar Dem Dikk",
        "operator": "Dakar Dem Dikk",
        "public_transport": "platform"
      },
      "geometry": {
        "type": "Point",
        "coordinates": [
          -17.4306741,
          14.6728723
        ]
      },
      "id": "node/4754514479"
    },
    {
      "type": "Feature",
      "properties": {
        "@id": "node/4754535243",
        "highway": "bus_stop",
        "network": "Dakar Dem Dikk",
        "operator": "Dakar Dem Dikk",
        "public_transport": "platform",
        "source": "survey;bing;Dakar Dem Dikk"
      },
      "geometry": {
        "type": "Point",
        "coordinates": [
          -17.4324653,
          14.6741073
        ]
      },
      "id": "node/4754535243"
    },
    {
      "type": "Feature",
      "properties": {
        "@id": "node/4754553915",
        "bus": "yes",
        "highway": "bus_stop",
        "network": "Dakar Dem Dikk",
        "operator": "Dakar Dem Dikk",
        "public_transport": "platform",
        "source": "survey;bing;Dakar Dem Dikk"
      },
      "geometry": {
        "type": "Point",
        "coordinates": [
          -17.4785904,
          14.7059066
        ]
      },
      "id": "node/4754553915"
    },
    {
      "type": "Feature",
      "properties": {
        "@id": "node/4754561629",
        "bus": "yes",
        "highway": "bus_stop",
        "name": "Arrêt Clémenceau",
        "network": "Dakar Dem Dikk",
        "operator": "Dakar Dem Dikk",
        "public_transport": "platform",
        "source": "survey;bing;Dakar Dem Dikk"
      },
      "geometry": {
        "type": "Point",
        "coordinates": [
          -17.4369275,
          14.6616769
        ]
      },
      "id": "node/4754561629"
    },
    {
      "type": "Feature",
      "properties": {
        "@id": "node/4754561630",
        "bus": "yes",
        "highway": "bus_stop",
        "network": "Dakar Dem Dikk",
        "operator": "Dakar Dem Dikk",
        "public_transport": "platform",
        "source": "survey;bing;Dakar Dem Dikk"
      },
      "geometry": {
        "type": "Point",
        "coordinates": [
          -17.4353858,
          14.6577489
        ]
      },
      "id": "node/4754561630"
    },
    {
      "type": "Feature",
      "properties": {
        "@id": "node/4754568562",
        "bus": "yes",
        "highway": "bus_stop",
        "network": "Dakar Dem Dikk",
        "operator": "Dakar Dem Dikk",
        "public_transport": "platform",
        "source": "survey;bing;Dakar Dem Dikk"
      },
      "geometry": {
        "type": "Point",
        "coordinates": [
          -17.4371501,
          14.6619157
        ]
      },
      "id": "node/4754568562"
    },
    {
      "type": "Feature",
      "properties": {
        "@id": "node/4754571946",
        "bus": "yes",
        "highway": "bus_stop",
        "name": "Arret Hopital Principal",
        "network": "Dakar Dem Dikk",
        "operator": "Dakar Dem Dikk",
        "public_transport": "platform"
      },
      "geometry": {
        "type": "Point",
        "coordinates": [
          -17.4349547,
          14.6625583
        ]
      },
      "id": "node/4754571946"
    },
    {
      "type": "Feature",
      "properties": {
        "@id": "node/4754571947",
        "bus": "yes",
        "highway": "bus_stop",
        "network": "Dakar Dem Dikk",
        "operator": "Dakar Dem Dikk",
        "public_transport": "platform",
        "source": "survey;bing;Dakar Dem Dikk"
      },
      "geometry": {
        "type": "Point",
        "coordinates": [
          -17.4351713,
          14.662483
        ]
      },
      "id": "node/4754571947"
    },
    {
      "type": "Feature",
      "properties": {
        "@id": "node/4754577377",
        "bus": "yes",
        "highway": "bus_stop",
        "network": "Dakar Dem Dikk",
        "operator": "Dakar Dem Dikk",
        "public_transport": "platform",
        "source": "survey;bing;Dakar Dem Dikk"
      },
      "geometry": {
        "type": "Point",
        "coordinates": [
          -17.4447005,
          14.6781277
        ]
      },
      "id": "node/4754577377"
    },
    {
      "type": "Feature",
      "properties": {
        "@id": "node/4754577378",
        "bus": "yes",
        "highway": "bus_stop",
        "network": "Dakar Dem Dikk",
        "operator": "Dakar Dem Dikk",
        "public_transport": "platform",
        "source": "survey;bing;Dakar Dem Dikk"
      },
      "geometry": {
        "type": "Point",
        "coordinates": [
          -17.4448185,
          14.6781381
        ]
      },
      "id": "node/4754577378"
    },
    {
      "type": "Feature",
      "properties": {
        "@id": "node/4754581034",
        "bus": "yes",
        "highway": "bus_stop",
        "network": "Dakar Dem Dikk",
        "operator": "Dakar Dem Dikk",
        "public_transport": "platform",
        "source": "survey;bing;Dakar Dem Dikk"
      },
      "geometry": {
        "type": "Point",
        "coordinates": [
          -17.4448933,
          14.6840752
        ]
      },
      "id": "node/4754581034"
    },
    {
      "type": "Feature",
      "properties": {
        "@id": "node/4754581040",
        "bus": "yes",
        "highway": "bus_stop",
        "network": "Dakar Dem Dikk",
        "operator": "Dakar Dem Dikk",
        "public_transport": "platform",
        "source": "survey;bing;Dakar Dem Dikk"
      },
      "geometry": {
        "type": "Point",
        "coordinates": [
          -17.4460989,
          14.6881643
        ]
      },
      "id": "node/4754581040"
    },
    {
      "type": "Feature",
      "properties": {
        "@id": "node/4754585100",
        "bus": "yes",
        "highway": "bus_stop",
        "network": "Dakar Dem Dikk",
        "operator": "Dakar Dem Dikk",
        "public_transport": "platform",
        "source": "survey;bing;Dakar Dem Dikk"
      },
      "geometry": {
        "type": "Point",
        "coordinates": [
          -17.4466514,
          14.6892547
        ]
      },
      "id": "node/4754585100"
    },
    {
      "type": "Feature",
      "properties": {
        "@id": "node/4754586063",
        "bus": "yes",
        "highway": "bus_stop",
        "network": "Dakar Dem Dikk",
        "operator": "Dakar Dem Dikk",
        "public_transport": "platform",
        "source": "survey;bing;Dakar Dem Dikk"
      },
      "geometry": {
        "type": "Point",
        "coordinates": [
          -17.4476821,
          14.6923086
        ]
      },
      "id": "node/4754586063"
    },
    {
      "type": "Feature",
      "properties": {
        "@id": "node/4754586087",
        "bus": "yes",
        "highway": "bus_stop",
        "name": "Gare Palais 2",
        "network": "Dakar Dem Dikk",
        "operator": "Dakar Dem Dikk",
        "public_transport": "platform"
      },
      "geometry": {
        "type": "Point",
        "coordinates": [
          -17.433433,
          14.652875
        ]
      },
      "id": "node/4754586087"
    },
    {
      "type": "Feature",
      "properties": {
        "@id": "node/4754586185",
        "bus": "yes",
        "highway": "bus_stop",
        "network": "Dakar Dem Dikk",
        "operator": "Dakar Dem Dikk",
        "public_transport": "platform",
        "source": "survey;bing;Dakar Dem Dikk"
      },
      "geometry": {
        "type": "Point",
        "coordinates": [
          -17.4506466,
          14.695937
        ]
      },
      "id": "node/4754586185"
    },
    {
      "type": "Feature",
      "properties": {
        "@id": "node/4754586186",
        "bus": "yes",
        "highway": "bus_stop",
        "network": "Dakar Dem Dikk",
        "operator": "Dakar Dem Dikk",
        "public_transport": "platform",
        "source": "survey;bing;Dakar Dem Dikk"
      },
      "geometry": {
        "type": "Point",
        "coordinates": [
          -17.4501665,
          14.6955841
        ]
      },
      "id": "node/4754586186"
    },
    {
      "type": "Feature",
      "properties": {
        "@id": "node/4754588023",
        "bus": "yes",
        "highway": "bus_stop",
        "network": "Dakar Dem Dikk",
        "operator": "Dakar Dem Dikk",
        "public_transport": "platform",
        "source": "survey;bing;Dakar Dem Dikk"
      },
      "geometry": {
        "type": "Point",
        "coordinates": [
          -17.4479469,
          14.6929663
        ]
      },
      "id": "node/4754588023"
    },
    {
      "type": "Feature",
      "properties": {
        "@id": "node/4754590203",
        "bus": "yes",
        "highway": "bus_stop",
        "network": "Dakar Dem Dikk",
        "operator": "Dakar Dem Dikk",
        "public_transport": "platform",
        "source": "survey;bing;Dakar Dem Dikk"
      },
      "geometry": {
        "type": "Point",
        "coordinates": [
          -17.4528018,
          14.6984972
        ]
      },
      "id": "node/4754590203"
    },
    {
      "type": "Feature",
      "properties": {
        "@id": "node/4754600310",
        "bus": "yes",
        "highway": "bus_stop",
        "network": "Dakar Dem Dikk",
        "operator": "Dakar Dem Dikk",
        "public_transport": "platform",
        "source": "survey;bing;Dakar Dem Dikk"
      },
      "geometry": {
        "type": "Point",
        "coordinates": [
          -17.4530898,
          14.701131
        ]
      },
      "id": "node/4754600310"
    },
    {
      "type": "Feature",
      "properties": {
        "@id": "node/4754600893",
        "bus": "yes",
        "highway": "bus_stop",
        "network": "Dakar Dem Dikk",
        "operator": "Dakar Dem Dikk",
        "public_transport": "platform",
        "source": "survey;bing;Dakar Dem Dikk"
      },
      "geometry": {
        "type": "Point",
        "coordinates": [
          -17.453022,
          14.7014135
        ]
      },
      "id": "node/4754600893"
    },
    {
      "type": "Feature",
      "properties": {
        "@id": "node/4754607771",
        "bus": "yes",
        "highway": "bus_stop",
        "network": "Dakar Dem Dikk",
        "operator": "Dakar Dem Dikk",
        "public_transport": "platform",
        "source": "survey;bing;Dakar Dem Dikk",
        "survey:date": "2014"
      },
      "geometry": {
        "type": "Point",
        "coordinates": [
          -17.4357569,
          14.6583678
        ]
      },
      "id": "node/4754607771"
    },
    {
      "type": "Feature",
      "properties": {
        "@id": "node/4754619722",
        "bus": "yes",
        "highway": "bus_stop",
        "network": "Dakar Dem Dikk",
        "operator": "Dakar Dem Dikk",
        "public_transport": "platform",
        "source": "survey;bing;Dakar Dem Dikk",
        "survey:date": "2014"
      },
      "geometry": {
        "type": "Point",
        "coordinates": [
          -17.4372243,
          14.6658079
        ]
      },
      "id": "node/4754619722"
    },
    {
      "type": "Feature",
      "properties": {
        "@id": "node/4754633611",
        "bench": "yes",
        "bin": "no",
        "bus": "yes",
        "highway": "bus_stop",
        "network": "Dakar Dem Dikk",
        "operator": "Dakar Dem Dikk",
        "public_transport": "platform",
        "shelter": "yes",
        "source": "survey;bing;Dakar Dem Dikk",
        "survey:date": "2014"
      },
      "geometry": {
        "type": "Point",
        "coordinates": [
          -17.4395961,
          14.6664995
        ]
      },
      "id": "node/4754633611"
    },
    {
      "type": "Feature",
      "properties": {
        "@id": "node/4754647800",
        "bus": "yes",
        "highway": "bus_stop",
        "network": "Dakar Dem Dikk",
        "operator": "Dakar Dem Dikk",
        "public_transport": "platform",
        "source": "survey;bing;Dakar Dem Dikk",
        "survey:date": "2014"
      },
      "geometry": {
        "type": "Point",
        "coordinates": [
          -17.436093,
          14.6653104
        ]
      },
      "id": "node/4754647800"
    },
    {
      "type": "Feature",
      "properties": {
        "@id": "node/4754647801",
        "bus": "yes",
        "highway": "bus_stop",
        "network": "Dakar Dem Dikk",
        "operator": "Dakar Dem Dikk",
        "public_transport": "platform",
        "source": "survey;bing;Dakar Dem Dikk",
        "survey:date": "2014"
      },
      "geometry": {
        "type": "Point",
        "coordinates": [
          -17.4370024,
          14.6668421
        ]
      },
      "id": "node/4754647801"
    },
    {
      "type": "Feature",
      "properties": {
        "@id": "node/4754647802",
        "bus": "yes",
        "highway": "bus_stop",
        "network": "Dakar Dem Dikk",
        "operator": "Dakar Dem Dikk",
        "public_transport": "platform",
        "source": "survey;bing;Dakar Dem Dikk",
        "survey:date": "2014"
      },
      "geometry": {
        "type": "Point",
        "coordinates": [
          -17.4530551,
          14.6850066
        ]
      },
      "id": "node/4754647802"
    },
    {
      "type": "Feature",
      "properties": {
        "@id": "node/4754647803",
        "bus": "yes",
        "highway": "bus_stop",
        "network": "Dakar Dem Dikk",
        "operator": "Dakar Dem Dikk",
        "public_transport": "platform",
        "source": "survey;bing;Dakar Dem Dikk",
        "survey:date": "2014"
      },
      "geometry": {
        "type": "Point",
        "coordinates": [
          -17.4530967,
          14.6855599
        ]
      },
      "id": "node/4754647803"
    },
    {
      "type": "Feature",
      "properties": {
        "@id": "node/4754647804",
        "bus": "yes",
        "highway": "bus_stop",
        "network": "Dakar Dem Dikk",
        "operator": "Dakar Dem Dikk",
        "public_transport": "platform",
        "source": "survey;bing;Dakar Dem Dikk",
        "survey:date": "2014"
      },
      "geometry": {
        "type": "Point",
        "coordinates": [
          -17.4507672,
          14.6893354
        ]
      },
      "id": "node/4754647804"
    },
    {
      "type": "Feature",
      "properties": {
        "@id": "node/4754647805",
        "bus": "yes",
        "highway": "bus_stop",
        "network": "Dakar Dem Dikk",
        "operator": "Dakar Dem Dikk",
        "public_transport": "platform",
        "source": "survey;bing;Dakar Dem Dikk",
        "survey:date": "2014"
      },
      "geometry": {
        "type": "Point",
        "coordinates": [
          -17.4501972,
          14.6903928
        ]
      },
      "id": "node/4754647805"
    },
    {
      "type": "Feature",
      "properties": {
        "@id": "node/4754647807",
        "bus": "yes",
        "highway": "bus_stop",
        "network": "Dakar Dem Dikk",
        "operator": "Dakar Dem Dikk",
        "public_transport": "platform",
        "source": "survey;bing;Dakar Dem Dikk",
        "survey:date": "2014"
      },
      "geometry": {
        "type": "Point",
        "coordinates": [
          -17.4498676,
          14.691956
        ]
      },
      "id": "node/4754647807"
    },
    {
      "type": "Feature",
      "properties": {
        "@id": "node/4754647808",
        "bus": "yes",
        "highway": "bus_stop",
        "network": "Dakar Dem Dikk",
        "operator": "Dakar Dem Dikk",
        "public_transport": "platform",
        "source": "survey;bing;Dakar Dem Dikk",
        "survey:date": "2014"
      },
      "geometry": {
        "type": "Point",
        "coordinates": [
          -17.4516661,
          14.6926515
        ]
      },
      "id": "node/4754647808"
    },
    {
      "type": "Feature",
      "properties": {
        "@id": "node/4754647809",
        "bus": "yes",
        "highway": "bus_stop",
        "network": "Dakar Dem Dikk",
        "operator": "Dakar Dem Dikk",
        "public_transport": "platform",
        "source": "survey;bing;Dakar Dem Dikk",
        "survey:date": "2014"
      },
      "geometry": {
        "type": "Point",
        "coordinates": [
          -17.4529079,
          14.6932871
        ]
      },
      "id": "node/4754647809"
    },
    {
      "type": "Feature",
      "properties": {
        "@id": "node/4754647810",
        "bus": "yes",
        "highway": "bus_stop",
        "network": "Dakar Dem Dikk",
        "operator": "Dakar Dem Dikk",
        "public_transport": "platform",
        "source": "survey;bing;Dakar Dem Dikk",
        "survey:date": "2014"
      },
      "geometry": {
        "type": "Point",
        "coordinates": [
          -17.4532445,
          14.6933481
        ]
      },
      "id": "node/4754647810"
    },
    {
      "type": "Feature",
      "properties": {
        "@id": "node/4754647811",
        "bus": "yes",
        "highway": "bus_stop",
        "network": "Dakar Dem Dikk",
        "operator": "Dakar Dem Dikk",
        "public_transport": "platform",
        "source": "survey;bing;Dakar Dem Dikk",
        "survey:date": "2014"
      },
      "geometry": {
        "type": "Point",
        "coordinates": [
          -17.454821,
          14.6948195
        ]
      },
      "id": "node/4754647811"
    },
    {
      "type": "Feature",
      "properties": {
        "@id": "node/4754647812",
        "bus": "yes",
        "highway": "bus_stop",
        "network": "Dakar Dem Dikk",
        "operator": "Dakar Dem Dikk",
        "public_transport": "platform",
        "source": "survey;bing;Dakar Dem Dikk",
        "survey:date": "2014"
      },
      "geometry": {
        "type": "Point",
        "coordinates": [
          -17.4556646,
          14.6954331
        ]
      },
      "id": "node/4754647812"
    },
    {
      "type": "Feature",
      "properties": {
        "@id": "node/4754647813",
        "bus": "yes",
        "highway": "bus_stop",
        "network": "Dakar Dem Dikk",
        "operator": "Dakar Dem Dikk",
        "public_transport": "platform",
        "source": "survey;bing;Dakar Dem Dikk",
        "survey:date": "2014"
      },
      "geometry": {
        "type": "Point",
        "coordinates": [
          -17.4557175,
          14.6959941
        ]
      },
      "id": "node/4754647813"
    },
    {
      "type": "Feature",
      "properties": {
        "@id": "node/4754647814",
        "bus": "yes",
        "highway": "bus_stop",
        "network": "Dakar Dem Dikk",
        "operator": "Dakar Dem Dikk",
        "public_transport": "platform",
        "source": "survey;bing;Dakar Dem Dikk",
        "survey:date": "2014"
      },
      "geometry": {
        "type": "Point",
        "coordinates": [
          -17.4580444,
          14.6983771
        ]
      },
      "id": "node/4754647814"
    },
    {
      "type": "Feature",
      "properties": {
        "@id": "node/4754647815",
        "bus": "yes",
        "highway": "bus_stop",
        "network": "Dakar Dem Dikk",
        "operator": "Dakar Dem Dikk",
        "public_transport": "platform",
        "source": "survey;bing;Dakar Dem Dikk",
        "survey:date": "2014"
      },
      "geometry": {
        "type": "Point",
        "coordinates": [
          -17.4577453,
          14.6985043
        ]
      },
      "id": "node/4754647815"
    },
    {
      "type": "Feature",
      "properties": {
        "@id": "node/4754647816",
        "bus": "yes",
        "highway": "bus_stop",
        "network": "Dakar Dem Dikk",
        "operator": "Dakar Dem Dikk",
        "public_transport": "platform",
        "source": "survey;bing;Dakar Dem Dikk",
        "survey:date": "2014"
      },
      "geometry": {
        "type": "Point",
        "coordinates": [
          -17.4595799,
          14.700057
        ]
      },
      "id": "node/4754647816"
    },
    {
      "type": "Feature",
      "properties": {
        "@id": "node/4754647817",
        "bus": "yes",
        "highway": "bus_stop",
        "network": "Dakar Dem Dikk",
        "operator": "Dakar Dem Dikk",
        "public_transport": "platform",
        "source": "survey;bing;Dakar Dem Dikk",
        "survey:date": "2014"
      },
      "geometry": {
        "type": "Point",
        "coordinates": [
          -17.4592876,
          14.7002335
        ]
      },
      "id": "node/4754647817"
    },
    {
      "type": "Feature",
      "properties": {
        "@id": "node/4754647818",
        "bench": "yes",
        "bus": "yes",
        "highway": "bus_stop",
        "network": "Dakar Dem Dikk",
        "operator": "Dakar Dem Dikk",
        "public_transport": "platform",
        "shelter": "yes",
        "source": "survey;bing;Dakar Dem Dikk",
        "survey:date": "2014"
      },
      "geometry": {
        "type": "Point",
        "coordinates": [
          -17.4616694,
          14.7023881
        ]
      },
      "id": "node/4754647818"
    },
    {
      "type": "Feature",
      "properties": {
        "@id": "node/4754647819",
        "bench": "no",
        "bus": "yes",
        "highway": "bus_stop",
        "network": "Dakar Dem Dikk",
        "operator": "Dakar Dem Dikk",
        "public_transport": "platform",
        "shelter": "no",
        "source": "survey;bing;Dakar Dem Dikk",
        "survey:date": "2014"
      },
      "geometry": {
        "type": "Point",
        "coordinates": [
          -17.4619885,
          14.7032118
        ]
      },
      "id": "node/4754647819"
    },
    {
      "type": "Feature",
      "properties": {
        "@id": "node/4754647820",
        "bus": "yes",
        "highway": "bus_stop",
        "network": "Dakar Dem Dikk",
        "operator": "Dakar Dem Dikk",
        "public_transport": "platform",
        "source": "survey;bing;Dakar Dem Dikk",
        "survey:date": "2014"
      },
      "geometry": {
        "type": "Point",
        "coordinates": [
          -17.4634597,
          14.7048148
        ]
      },
      "id": "node/4754647820"
    },
    {
      "type": "Feature",
      "properties": {
        "@id": "node/4754647821",
        "bus": "yes",
        "highway": "bus_stop",
        "network": "Dakar Dem Dikk",
        "operator": "Dakar Dem Dikk",
        "public_transport": "platform",
        "shelter": "no",
        "source": "bing;survey"
      },
      "geometry": {
        "type": "Point",
        "coordinates": [
          -17.4642489,
          14.7052827
        ]
      },
      "id": "node/4754647821"
    },
    {
      "type": "Feature",
      "properties": {
        "@id": "node/4754667202",
        "bus": "yes",
        "highway": "bus_stop",
        "network": "Dakar Dem Dikk",
        "operator": "Dakar Dem Dikk",
        "public_transport": "platform",
        "source": "survey;bing;Dakar Dem Dikk",
        "survey:date": "2014"
      },
      "geometry": {
        "type": "Point",
        "coordinates": [
          -17.4533793,
          14.7208777
        ]
      },
      "id": "node/4754667202"
    },
    {
      "type": "Feature",
      "properties": {
        "@id": "node/4754667203",
        "bus": "yes",
        "highway": "bus_stop",
        "network": "Dakar Dem Dikk",
        "operator": "Dakar Dem Dikk",
        "public_transport": "platform",
        "source": "survey;bing;Dakar Dem Dikk",
        "survey:date": "2014"
      },
      "geometry": {
        "type": "Point",
        "coordinates": [
          -17.4588631,
          14.7086102
        ]
      },
      "id": "node/4754667203"
    },
    {
      "type": "Feature",
      "properties": {
        "@id": "node/4754667204",
        "bus": "yes",
        "highway": "bus_stop",
        "network": "Dakar Dem Dikk",
        "operator": "Dakar Dem Dikk",
        "public_transport": "platform",
        "source": "survey;bing;Dakar Dem Dikk",
        "survey:date": "2014"
      },
      "geometry": {
        "type": "Point",
        "coordinates": [
          -17.4612274,
          14.7057843
        ]
      },
      "id": "node/4754667204"
    },
    {
      "type": "Feature",
      "properties": {
        "@id": "node/4754667205",
        "bus": "yes",
        "highway": "bus_stop",
        "network": "Dakar Dem Dikk",
        "operator": "Dakar Dem Dikk",
        "public_transport": "platform",
        "source": "survey;bing;Dakar Dem Dikk",
        "survey:date": "2014"
      },
      "geometry": {
        "type": "Point",
        "coordinates": [
          -17.4616801,
          14.7054951
        ]
      },
      "id": "node/4754667205"
    },
    {
      "type": "Feature",
      "properties": {
        "@id": "node/4754667206",
        "bus": "yes",
        "highway": "bus_stop",
        "network": "Dakar Dem Dikk",
        "operator": "Dakar Dem Dikk",
        "public_transport": "platform",
        "source": "survey;bing;Dakar Dem Dikk",
        "survey:date": "2014"
      },
      "geometry": {
        "type": "Point",
        "coordinates": [
          -17.4638989,
          14.702795
        ]
      },
      "id": "node/4754667206"
    },
    {
      "type": "Feature",
      "properties": {
        "@id": "node/4754667207",
        "bus": "yes",
        "highway": "bus_stop",
        "network": "Dakar Dem Dikk",
        "operator": "Dakar Dem Dikk",
        "public_transport": "platform",
        "source": "survey;bing;Dakar Dem Dikk",
        "survey:date": "2014"
      },
      "geometry": {
        "type": "Point",
        "coordinates": [
          -17.4647277,
          14.7020193
        ]
      },
      "id": "node/4754667207"
    },
    {
      "type": "Feature",
      "properties": {
        "@id": "node/4754667208",
        "bus": "yes",
        "highway": "bus_stop",
        "network": "Dakar Dem Dikk",
        "operator": "Dakar Dem Dikk",
        "public_transport": "platform",
        "source": "survey;bing;Dakar Dem Dikk",
        "survey:date": "2014"
      },
      "geometry": {
        "type": "Point",
        "coordinates": [
          -17.4659562,
          14.7004795
        ]
      },
      "id": "node/4754667208"
    },
    {
      "type": "Feature",
      "properties": {
        "@id": "node/4754667209",
        "bus": "yes",
        "highway": "bus_stop",
        "network": "Dakar Dem Dikk",
        "operator": "Dakar Dem Dikk",
        "public_transport": "platform",
        "source": "survey;bing;Dakar Dem Dikk",
        "survey:date": "2014"
      },
      "geometry": {
        "type": "Point",
        "coordinates": [
          -17.4668621,
          14.6996337
        ]
      },
      "id": "node/4754667209"
    },
    {
      "type": "Feature",
      "properties": {
        "@id": "node/4754667210",
        "bus": "yes",
        "highway": "bus_stop",
        "network": "Dakar Dem Dikk",
        "operator": "Dakar Dem Dikk",
        "public_transport": "platform",
        "source": "survey;bing;Dakar Dem Dikk",
        "survey:date": "2014"
      },
      "geometry": {
        "type": "Point",
        "coordinates": [
          -17.4671048,
          14.6980712
        ]
      },
      "id": "node/4754667210"
    },
    {
      "type": "Feature",
      "properties": {
        "@id": "node/4754667211",
        "bus": "yes",
        "highway": "bus_stop",
        "network": "Dakar Dem Dikk",
        "operator": "Dakar Dem Dikk",
        "public_transport": "platform",
        "source": "survey;bing;Dakar Dem Dikk",
        "survey:date": "2014"
      },
      "geometry": {
        "type": "Point",
        "coordinates": [
          -17.4666133,
          14.6960521
        ]
      },
      "id": "node/4754667211"
    },
    {
      "type": "Feature",
      "properties": {
        "@id": "node/4754667212",
        "bus": "yes",
        "highway": "bus_stop",
        "network": "Dakar Dem Dikk",
        "operator": "Dakar Dem Dikk",
        "public_transport": "platform",
        "source": "survey;bing;Dakar Dem Dikk",
        "survey:date": "2014"
      },
      "geometry": {
        "type": "Point",
        "coordinates": [
          -17.4665875,
          14.6958983
        ]
      },
      "id": "node/4754667212"
    },
    {
      "type": "Feature",
      "properties": {
        "@id": "node/4754667213",
        "bus": "yes",
        "highway": "bus_stop",
        "network": "Dakar Dem Dikk",
        "operator": "Dakar Dem Dikk",
        "public_transport": "platform",
        "source": "survey;bing;Dakar Dem Dikk",
        "survey:date": "2014"
      },
      "geometry": {
        "type": "Point",
        "coordinates": [
          -17.4688691,
          14.6938795
        ]
      },
      "id": "node/4754667213"
    },
    {
      "type": "Feature",
      "properties": {
        "@id": "node/4754667214",
        "bus": "yes",
        "highway": "bus_stop",
        "network": "Dakar Dem Dikk",
        "operator": "Dakar Dem Dikk",
        "public_transport": "platform",
        "source": "survey;bing;Dakar Dem Dikk",
        "survey:date": "2014"
      },
      "geometry": {
        "type": "Point",
        "coordinates": [
          -17.4688215,
          14.6938354
        ]
      },
      "id": "node/4754667214"
    },
    {
      "type": "Feature",
      "properties": {
        "@id": "node/4754667215",
        "bus": "yes",
        "highway": "bus_stop",
        "network": "Dakar Dem Dikk",
        "operator": "Dakar Dem Dikk",
        "public_transport": "platform",
        "source": "survey;bing;Dakar Dem Dikk",
        "survey:date": "2014"
      },
      "geometry": {
        "type": "Point",
        "coordinates": [
          -17.4721454,
          14.6926935
        ]
      },
      "id": "node/4754667215"
    },
    {
      "type": "Feature",
      "properties": {
        "@id": "node/4754667216",
        "bus": "yes",
        "highway": "bus_stop",
        "network": "Dakar Dem Dikk",
        "operator": "Dakar Dem Dikk",
        "public_transport": "platform",
        "source": "survey;bing;Dakar Dem Dikk",
        "survey:date": "2014"
      },
      "geometry": {
        "type": "Point",
        "coordinates": [
          -17.4725343,
          14.6924963
        ]
      },
      "id": "node/4754667216"
    },
    {
      "type": "Feature",
      "properties": {
        "@id": "node/4754667217",
        "bench": "yes",
        "bus": "yes",
        "highway": "bus_stop",
        "network": "Dakar Dem Dikk",
        "operator": "Dakar Dem Dikk",
        "public_transport": "platform",
        "shelter": "yes",
        "source": "survey;bing;Dakar Dem Dikk",
        "survey:date": "2014"
      },
      "geometry": {
        "type": "Point",
        "coordinates": [
          -17.4688235,
          14.6845856
        ]
      },
      "id": "node/4754667217"
    },
    {
      "type": "Feature",
      "properties": {
        "@id": "node/4754667218",
        "bench": "yes",
        "bin": "no",
        "bus": "yes",
        "highway": "bus_stop",
        "network": "Dakar Dem Dikk",
        "operator": "Dakar Dem Dikk",
        "public_transport": "platform",
        "shelter": "yes",
        "source": "survey;bing;Dakar Dem Dikk",
        "survey:date": "2014"
      },
      "geometry": {
        "type": "Point",
        "coordinates": [
          -17.4684252,
          14.6842742
        ]
      },
      "id": "node/4754667218"
    },
    {
      "type": "Feature",
      "properties": {
        "@id": "node/4754667219",
        "bench": "yes",
        "bin": "yes",
        "highway": "bus_stop",
        "lit": "yes",
        "name": "Arrêt autobus DDD 10",
        "network": "Dakar Dem Dikk",
        "operator": "Dakar Dem Dikk",
        "public_transport": "platform",
        "shelter": "yes",
        "source": "survey;bing;Dakar Dem Dikk",
        "survey:date": "2014"
      },
      "geometry": {
        "type": "Point",
        "coordinates": [
          -17.4655512,
          14.6775748
        ]
      },
      "id": "node/4754667219"
    },
    {
      "type": "Feature",
      "properties": {
        "@id": "node/4754667220",
        "bench": "yes",
        "bin": "yes",
        "bus": "yes",
        "highway": "bus_stop",
        "lit": "no",
        "name:signed": "no",
        "network": "Dakar Dem Dikk",
        "operator": "Dakar Dem Dikk",
        "public_transport": "platform",
        "shelter": "yes",
        "source": "survey;bing;Dakar Dem Dikk",
        "survey:date": "2014"
      },
      "geometry": {
        "type": "Point",
        "coordinates": [
          -17.4625806,
          14.678841
        ]
      },
      "id": "node/4754667220"
    },
    {
      "type": "Feature",
      "properties": {
        "@id": "node/4754669021",
        "bench": "yes",
        "bin": "no",
        "bus": "yes",
        "highway": "bus_stop",
        "lit": "no",
        "name:signed": "no",
        "network": "Dakar Dem Dikk",
        "operator": "Dakar Dem Dikk",
        "public_transport": "platform",
        "shelter": "yes",
        "source": "survey;bing;Dakar Dem Dikk",
        "survey:date": "2014"
      },
      "geometry": {
        "type": "Point",
        "coordinates": [
          -17.4620898,
          14.6790006
        ]
      },
      "id": "node/4754669021"
    },
    {
      "type": "Feature",
      "properties": {
        "@id": "node/4754669022",
        "highway": "bus_stop",
        "network": "Dakar Dem Dikk",
        "operator": "Dakar Dem Dikk",
        "public_transport": "platform",
        "shelter": "yes",
        "source": "survey;bing;Dakar Dem Dikk",
        "survey:date": "2014"
      },
      "geometry": {
        "type": "Point",
        "coordinates": [
          -17.4536515,
          14.6758935
        ]
      },
      "id": "node/4754669022"
    },
    {
      "type": "Feature",
      "properties": {
        "@id": "node/4754669023",
        "bench": "yes",
        "highway": "bus_stop",
        "network": "Dakar Dem Dikk",
        "operator": "Dakar Dem Dikk",
        "public_transport": "platform",
        "shelter": "yes",
        "source": "survey;bing;Dakar Dem Dikk",
        "survey:date": "2014"
      },
      "geometry": {
        "type": "Point",
        "coordinates": [
          -17.4534437,
          14.6753006
        ]
      },
      "id": "node/4754669023"
    },
    {
      "type": "Feature",
      "properties": {
        "@id": "node/4754669024",
        "bench": "yes",
        "bin": "no",
        "bus": "yes",
        "highway": "bus_stop",
        "network": "Dakar Dem Dikk",
        "operator": "Dakar Dem Dikk",
        "public_transport": "platform",
        "shelter": "yes",
        "source": "survey;bing;Dakar Dem Dikk",
        "survey:date": "2014"
      },
      "geometry": {
        "type": "Point",
        "coordinates": [
          -17.4473806,
          14.6719994
        ]
      },
      "id": "node/4754669024"
    },
    {
      "type": "Feature",
      "properties": {
        "@id": "node/4754669025",
        "bench": "yes",
        "bin": "no",
        "bus": "yes",
        "highway": "bus_stop",
        "lit": "no",
        "network": "Dakar Dem Dikk",
        "operator": "Dakar Dem Dikk",
        "public_transport": "platform",
        "shelter": "yes",
        "source": "survey;bing;Dakar Dem Dikk",
        "survey:date": "2014"
      },
      "geometry": {
        "type": "Point",
        "coordinates": [
          -17.4469943,
          14.6718379
        ]
      },
      "id": "node/4754669025"
    },
    {
      "type": "Feature",
      "properties": {
        "@id": "node/4755184494",
        "bus": "yes",
        "highway": "bus_stop",
        "network": "Dakar Dem Dikk",
        "operator": "Dakar Dem Dikk",
        "public_transport": "platform",
        "source": "survey;bing;Dakar Dem Dikk"
      },
      "geometry": {
        "type": "Point",
        "coordinates": [
          -17.455225,
          14.6810801
        ]
      },
      "id": "node/4755184494"
    },
    {
      "type": "Feature",
      "properties": {
        "@id": "node/4755184495",
        "bus": "yes",
        "highway": "bus_stop",
        "network": "Dakar Dem Dikk",
        "operator": "Dakar Dem Dikk",
        "public_transport": "platform",
        "source": "survey;bing;Dakar Dem Dikk"
      },
      "geometry": {
        "type": "Point",
        "coordinates": [
          -17.4542447,
          14.6833349
        ]
      },
      "id": "node/4755184495"
    },
    {
      "type": "Feature",
      "properties": {
        "@id": "node/4755184496",
        "bench": "no",
        "bin": "no",
        "bus": "yes",
        "highway": "bus_stop",
        "network": "Dakar Dem Dikk",
        "operator": "Dakar Dem Dikk",
        "public_transport": "platform",
        "shelter": "no"
      },
      "geometry": {
        "type": "Point",
        "coordinates": [
          -17.4603326,
          14.6915549
        ]
      },
      "id": "node/4755184496"
    },
    {
      "type": "Feature",
      "properties": {
        "@id": "node/4755184497",
        "bench": "yes",
        "bin": "no",
        "bus": "yes",
        "highway": "bus_stop",
        "network": "Dakar Dem Dikk",
        "operator": "Dakar Dem Dikk",
        "public_transport": "platform",
        "shelter": "no",
        "source": "survey;bing;Dakar Dem Dikk"
      },
      "geometry": {
        "type": "Point",
        "coordinates": [
          -17.4656057,
          14.6959684
        ]
      },
      "id": "node/4755184497"
    },
    {
      "type": "Feature",
      "properties": {
        "@id": "node/4755184498",
        "bus": "yes",
        "highway": "bus_stop",
        "network": "Dakar Dem Dikk",
        "operator": "Dakar Dem Dikk",
        "public_transport": "platform"
      },
      "geometry": {
        "type": "Point",
        "coordinates": [
          -17.4561271,
          14.7117265
        ]
      },
      "id": "node/4755184498"
    },
    {
      "type": "Feature",
      "properties": {
        "@id": "node/4755189937",
        "bench": "no",
        "bus": "yes",
        "highway": "bus_stop",
        "network": "Dakar Dem Dikk",
        "operator": "Dakar Dem Dikk",
        "public_transport": "platform",
        "shelter": "no",
        "source": "survey;bing;Dakar Dem Dikk"
      },
      "geometry": {
        "type": "Point",
        "coordinates": [
          -17.4380198,
          14.6659395
        ]
      },
      "id": "node/4755189937"
    },
    {
      "type": "Feature",
      "properties": {
        "@id": "node/4755189938",
        "bench": "no",
        "bus": "yes",
        "highway": "bus_stop",
        "network": "Dakar Dem Dikk",
        "operator": "Dakar Dem Dikk",
        "public_transport": "platform",
        "shelter": "no"
      },
      "geometry": {
        "type": "Point",
        "coordinates": [
          -17.4392884,
          14.6678778
        ]
      },
      "id": "node/4755189938"
    },
    {
      "type": "Feature",
      "properties": {
        "@id": "node/4755189939",
        "bus": "yes",
        "highway": "bus_stop",
        "network": "Dakar Dem Dikk",
        "operator": "Dakar Dem Dikk",
        "public_transport": "platform",
        "source": "survey;bing;Dakar Dem Dikk"
      },
      "geometry": {
        "type": "Point",
        "coordinates": [
          -17.4471111,
          14.6759812
        ]
      },
      "id": "node/4755189939"
    },
    {
      "type": "Feature",
      "properties": {
        "@id": "node/4755189940",
        "bus": "yes",
        "highway": "bus_stop",
        "network": "Dakar Dem Dikk",
        "operator": "Dakar Dem Dikk",
        "public_transport": "platform",
        "source": "survey;bing;Dakar Dem Dikk"
      },
      "geometry": {
        "type": "Point",
        "coordinates": [
          -17.4498221,
          14.6749524
        ]
      },
      "id": "node/4755189940"
    },
    {
      "type": "Feature",
      "properties": {
        "@id": "node/4755189941",
        "bus": "yes",
        "highway": "bus_stop",
        "network": "Dakar Dem Dikk",
        "operator": "Dakar Dem Dikk",
        "public_transport": "platform",
        "source": "survey;bing;Dakar Dem Dikk"
      },
      "geometry": {
        "type": "Point",
        "coordinates": [
          -17.4510352,
          14.6761317
        ]
      },
      "id": "node/4755189941"
    },
    {
      "type": "Feature",
      "properties": {
        "@id": "node/4755189942",
        "bench": "no",
        "bin": "no",
        "bus": "yes",
        "highway": "bus_stop",
        "lit": "no",
        "name": "Arrêt autobus DDD 23-20",
        "network": "Dakar Dem Dikk",
        "operator": "Dakar Dem Dikk",
        "public_transport": "platform",
        "shelter": "yes",
        "source": "survey;bing;Dakar Dem Dikk"
      },
      "geometry": {
        "type": "Point",
        "coordinates": [
          -17.452843,
          14.6778533
        ]
      },
      "id": "node/4755189942"
    },
    {
      "type": "Feature",
      "properties": {
        "@id": "node/4755189943",
        "bus": "yes",
        "highway": "bus_stop",
        "network": "Dakar Dem Dikk",
        "operator": "Dakar Dem Dikk",
        "public_transport": "platform",
        "source": "survey;bing;Dakar Dem Dikk"
      },
      "geometry": {
        "type": "Point",
        "coordinates": [
          -17.4547566,
          14.6796911
        ]
      },
      "id": "node/4755189943"
    },
    {
      "type": "Feature",
      "properties": {
        "@id": "node/4755191563",
        "bus": "yes",
        "highway": "bus_stop",
        "network": "Dakar Dem Dikk",
        "operator": "Dakar Dem Dikk",
        "public_transport": "platform",
        "source": "survey;bing;Dakar Dem Dikk"
      },
      "geometry": {
        "type": "Point",
        "coordinates": [
          -17.4369495,
          14.6664818
        ]
      },
      "id": "node/4755191563"
    },
    {
      "type": "Feature",
      "properties": {
        "@id": "node/4755191564",
        "bench": "no",
        "bin": "no",
        "bus": "yes",
        "highway": "bus_stop",
        "network": "Dakar Dem Dikk",
        "operator": "Dakar Dem Dikk",
        "public_transport": "platform",
        "shelter": "no",
        "source": "survey;bing;Dakar Dem Dikk"
      },
      "geometry": {
        "type": "Point",
        "coordinates": [
          -17.4354636,
          14.6652129
        ]
      },
      "id": "node/4755191564"
    },
    {
      "type": "Feature",
      "properties": {
        "@id": "node/4755215627",
        "highway": "bus_stop",
        "name": "Arrêt DDD Av Roi Fahd Ben Abdel Aziz",
        "network": "Dakar Dem Dikk",
        "operator": "Dakar Dem Dikk",
        "public_transport": "platform",
        "ref": "Ligne 23",
        "source": "survey;bing;Dakar Dem Dikk"
      },
      "geometry": {
        "type": "Point",
        "coordinates": [
          -17.4504062,
          14.7277425
        ]
      },
      "id": "node/4755215627"
    },
    {
      "type": "Feature",
      "properties": {
        "@id": "node/4755215628",
        "bus": "yes",
        "highway": "bus_stop",
        "network": "Dakar Dem Dikk",
        "operator": "Dakar Dem Dikk",
        "public_transport": "platform",
        "source": "survey;bing;Dakar Dem Dikk"
      },
      "geometry": {
        "type": "Point",
        "coordinates": [
          -17.4471915,
          14.7273015
        ]
      },
      "id": "node/4755215628"
    },
    {
      "type": "Feature",
      "properties": {
        "@id": "node/4755215629",
        "bench": "yes",
        "bin": "no",
        "bus": "yes",
        "highway": "bus_stop",
        "network": "Dakar Dem Dikk",
        "operator": "Dakar Dem Dikk",
        "public_transport": "platform",
        "shelter": "yes",
        "source": "survey;bing;Dakar Dem Dikk"
      },
      "geometry": {
        "type": "Point",
        "coordinates": [
          -17.4550759,
          14.6809811
        ]
      },
      "id": "node/4755215629"
    },
    {
      "type": "Feature",
      "properties": {
        "@id": "node/4755215630",
        "highway": "bus_stop",
        "network": "Dakar Dem Dikk",
        "operator": "Dakar Dem Dikk",
        "public_transport": "platform",
        "source": "survey;bing;Dakar Dem Dikk"
      },
      "geometry": {
        "type": "Point",
        "coordinates": [
          -17.4538474,
          14.678904
        ]
      },
      "id": "node/4755215630"
    },
    {
      "type": "Feature",
      "properties": {
        "@id": "node/4755215631",
        "bench": "no",
        "bin": "no",
        "bus": "yes",
        "highway": "bus_stop",
        "lit": "no",
        "name": "Arrêt autobus DDD 23-18",
        "network": "Dakar Dem Dikk",
        "operator": "Dakar Dem Dikk",
        "public_transport": "platform",
        "shelter": "yes",
        "source": "survey;bing;Dakar Dem Dikk"
      },
      "geometry": {
        "type": "Point",
        "coordinates": [
          -17.4516198,
          14.6768192
        ]
      },
      "id": "node/4755215631"
    },
    {
      "type": "Feature",
      "properties": {
        "@id": "node/4755215632",
        "bench": "no",
        "bus": "yes",
        "highway": "bus_stop",
        "network": "Dakar Dem Dikk",
        "operator": "Dakar Dem Dikk",
        "public_transport": "platform",
        "shelter": "yes",
        "source": "survey;bing;Dakar Dem Dikk"
      },
      "geometry": {
        "type": "Point",
        "coordinates": [
          -17.4497369,
          14.6750367
        ]
      },
      "id": "node/4755215632"
    },
    {
      "type": "Feature",
      "properties": {
        "@id": "node/4755215633",
        "bus": "yes",
        "highway": "bus_stop",
        "network": "Dakar Dem Dikk",
        "operator": "Dakar Dem Dikk",
        "public_transport": "platform",
        "source": "survey;bing;Dakar Dem Dikk"
      },
      "geometry": {
        "type": "Point",
        "coordinates": [
          -17.4469186,
          14.6762954
        ]
      },
      "id": "node/4755215633"
    },
    {
      "type": "Feature",
      "properties": {
        "@id": "node/4757628171",
        "bus": "yes",
        "highway": "bus_stop",
        "name": "Terminus Liberté 6",
        "network": "Dakar Dem Dikk",
        "operator": "Dakar Dem Dikk",
        "public_transport": "stop_position",
        "ref": "9",
        "route_ref": "9"
      },
      "geometry": {
        "type": "Point",
        "coordinates": [
          -17.4602533,
          14.7274063
        ]
      },
      "id": "node/4757628171"
    },
    {
      "type": "Feature",
      "properties": {
        "@id": "node/4758219965",
        "bus": "yes",
        "highway": "bus_stop",
        "network": "Dakar Dem Dikk",
        "operator": "Dakar Dem Dikk",
        "public_transport": "platform",
        "source": "survey;bing;Dakar Dem Dikk"
      },
      "geometry": {
        "type": "Point",
        "coordinates": [
          -17.4441582,
          14.6825892
        ]
      },
      "id": "node/4758219965"
    },
    {
      "type": "Feature",
      "properties": {
        "@id": "node/4758221432",
        "bench": "yes",
        "bin": "no",
        "bus": "yes",
        "highway": "bus_stop",
        "network": "Dakar Dem Dikk",
        "operator": "Dakar Dem Dikk",
        "public_transport": "platform",
        "shelter": "yes",
        "source": "survey;bing;Dakar Dem Dikk"
      },
      "geometry": {
        "type": "Point",
        "coordinates": [
          -17.4389448,
          14.669142
        ]
      },
      "id": "node/4758221432"
    },
    {
      "type": "Feature",
      "properties": {
        "@id": "node/4758221433",
        "bus": "yes",
        "highway": "bus_stop",
        "network": "Dakar Dem Dikk",
        "operator": "Dakar Dem Dikk",
        "public_transport": "platform",
        "source": "survey;bing;Dakar Dem Dikk"
      },
      "geometry": {
        "type": "Point",
        "coordinates": [
          -17.4439633,
          14.6813279
        ]
      },
      "id": "node/4758221433"
    },
    {
      "type": "Feature",
      "properties": {
        "@id": "node/4758230178",
        "bench": "yes",
        "bus": "yes",
        "highway": "bus_stop",
        "network": "Dakar Dem Dikk",
        "operator": "Dakar Dem Dikk",
        "public_transport": "platform",
        "shelter": "yes",
        "source": "bing;survey"
      },
      "geometry": {
        "type": "Point",
        "coordinates": [
          -17.455044,
          14.7138995
        ]
      },
      "id": "node/4758230178"
    },
    {
      "type": "Feature",
      "properties": {
        "@id": "node/4758267167",
        "bus": "yes",
        "highway": "bus_stop",
        "network": "Dakar Dem Dikk",
        "operator": "Dakar Dem Dikk",
        "public_transport": "platform",
        "source": "survey;bing;Dakar Dem Dikk"
      },
      "geometry": {
        "type": "Point",
        "coordinates": [
          -17.4586364,
          14.6940657
        ]
      },
      "id": "node/4758267167"
    },
    {
      "type": "Feature",
      "properties": {
        "@id": "node/4758270571",
        "bus": "yes",
        "highway": "bus_stop",
        "network": "Dakar Dem Dikk",
        "operator": "Dakar Dem Dikk",
        "public_transport": "platform",
        "source": "survey;bing;Dakar Dem Dikk"
      },
      "geometry": {
        "type": "Point",
        "coordinates": [
          -17.4570875,
          14.69669
        ]
      },
      "id": "node/4758270571"
    },
    {
      "type": "Feature",
      "properties": {
        "@id": "node/4758271801",
        "bus": "yes",
        "highway": "bus_stop",
        "network": "Dakar Dem Dikk",
        "operator": "Dakar Dem Dikk",
        "public_transport": "platform",
        "source": "survey;bing;Dakar Dem Dikk"
      },
      "geometry": {
        "type": "Point",
        "coordinates": [
          -17.4549337,
          14.6989174
        ]
      },
      "id": "node/4758271801"
    },
    {
      "type": "Feature",
      "properties": {
        "@id": "node/4758273792",
        "bus": "yes",
        "highway": "bus_stop",
        "network": "Dakar Dem Dikk",
        "operator": "Dakar Dem Dikk",
        "public_transport": "platform",
        "source": "survey;bing;Dakar Dem Dikk"
      },
      "geometry": {
        "type": "Point",
        "coordinates": [
          -17.4550876,
          14.7013778
        ]
      },
      "id": "node/4758273792"
    },
    {
      "type": "Feature",
      "properties": {
        "@id": "node/4758287878",
        "bench": "no",
        "bus": "yes",
        "highway": "bus_stop",
        "network": "Dakar Dem Dikk",
        "operator": "Dakar Dem Dikk",
        "public_transport": "platform",
        "shelter": "yes",
        "source": "survey;bing;Dakar Dem Dikk"
      },
      "geometry": {
        "type": "Point",
        "coordinates": [
          -17.4701018,
          14.7560389
        ]
      },
      "id": "node/4758287878"
    },
    {
      "type": "Feature",
      "properties": {
        "@id": "node/4803658321",
        "bench": "no",
        "bus": "yes",
        "highway": "bus_stop",
        "name": "Tata",
        "public_transport": "platform",
        "shelter": "no"
      },
      "geometry": {
        "type": "Point",
        "coordinates": [
          -17.4568327,
          14.7069057
        ]
      },
      "id": "node/4803658321"
    },
    {
      "type": "Feature",
      "properties": {
        "@id": "node/4813706381",
        "bus": "yes",
        "highway": "bus_stop",
        "name": "Arrêt Mini Bus",
        "public_transport": "platform"
      },
      "geometry": {
        "type": "Point",
        "coordinates": [
          -17.3780684,
          14.7804417
        ]
      },
      "id": "node/4813706381"
    },
    {
      "type": "Feature",
      "properties": {
        "@id": "node/4818848417",
        "bus": "yes",
        "highway": "bus_stop",
        "name": "ARRET LPA",
        "network": "DAKAR DEM DIK",
        "operator": "DAKAR DEM DIK",
        "public_transport": "platform",
        "ref": "L5"
      },
      "geometry": {
        "type": "Point",
        "coordinates": [
          -17.4244938,
          14.7624239
        ]
      },
      "id": "node/4818848417"
    },
    {
      "type": "Feature",
      "properties": {
        "@id": "node/4820934697",
        "bus": "yes",
        "highway": "bus_stop",
        "public_transport": "platform"
      },
      "geometry": {
        "type": "Point",
        "coordinates": [
          -17.3778391,
          14.7805052
        ]
      },
      "id": "node/4820934697"
    },
    {
      "type": "Feature",
      "properties": {
        "@id": "node/4825582737",
        "bench": "yes",
        "bin": "yes",
        "bus": "yes",
        "highway": "bus_stop",
        "name": "DDD 4",
        "network": "Dakar Dem Dikk",
        "operator": "Dakar Dem Dikk",
        "public_transport": "platform",
        "shelter": "yes",
        "source": "survey;bing;Dakar Dem Dikk",
        "survey:date": "2014"
      },
      "geometry": {
        "type": "Point",
        "coordinates": [
          -17.4515247,
          14.6885044
        ]
      },
      "id": "node/4825582737"
    },
    {
      "type": "Feature",
      "properties": {
        "@id": "node/4831129044",
        "bus": "yes",
        "highway": "bus_stop",
        "name": "Aret bus 30 36 37 41",
        "public_transport": "platform"
      },
      "geometry": {
        "type": "Point",
        "coordinates": [
          -17.3776013,
          14.7806167
        ]
      },
      "id": "node/4831129044"
    },
    {
      "type": "Feature",
      "properties": {
        "@id": "node/4832795946",
        "name": "Garage",
        "public_transport": "station"
      },
      "geometry": {
        "type": "Point",
        "coordinates": [
          -17.3729956,
          14.7813775
        ]
      },
      "id": "node/4832795946"
    },
    {
      "type": "Feature",
      "properties": {
        "@id": "node/4832807049",
        "bus": "yes",
        "highway": "bus_stop",
        "name": "Horaire Casamance",
        "public_transport": "platform"
      },
      "geometry": {
        "type": "Point",
        "coordinates": [
          -17.3717717,
          14.781227
        ]
      },
      "id": "node/4832807049"
    },
    {
      "type": "Feature",
      "properties": {
        "@id": "node/4834645626",
        "bus": "yes",
        "highway": "bus_stop",
        "name": "Arre mini bus ligne 32",
        "public_transport": "platform"
      },
      "geometry": {
        "type": "Point",
        "coordinates": [
          -17.372804,
          14.7850163
        ]
      },
      "id": "node/4834645626"
    },
    {
      "type": "Feature",
      "properties": {
        "@id": "node/4834724053",
        "bus": "yes",
        "highway": "bus_stop",
        "name": "2D",
        "public_transport": "platform"
      },
      "geometry": {
        "type": "Point",
        "coordinates": [
          -17.372703,
          14.7827753
        ]
      },
      "id": "node/4834724053"
    },
    {
      "type": "Feature",
      "properties": {
        "@id": "node/4834725205",
        "bus": "yes",
        "highway": "bus_stop",
        "name": "Tata",
        "public_transport": "platform"
      },
      "geometry": {
        "type": "Point",
        "coordinates": [
          -17.3726621,
          14.7829281
        ]
      },
      "id": "node/4834725205"
    },
    {
      "type": "Feature",
      "properties": {
        "@id": "node/4834725206",
        "bus": "yes",
        "highway": "bus_stop",
        "name": "Terminus tata 32",
        "public_transport": "platform"
      },
      "geometry": {
        "type": "Point",
        "coordinates": [
          -17.373001,
          14.7822247
        ]
      },
      "id": "node/4834725206"
    },
    {
      "type": "Feature",
      "properties": {
        "@id": "node/4848144683",
        "bus": "yes",
        "highway": "bus_stop",
        "name": "Arret Baye Niass",
        "public_transport": "platform"
      },
      "geometry": {
        "type": "Point",
        "coordinates": [
          -17.3834459,
          14.7684535
        ]
      },
      "id": "node/4848144683"
    },
    {
      "type": "Feature",
      "properties": {
        "@id": "node/4860786408",
        "highway": "bus_stop"
      },
      "geometry": {
        "type": "Point",
        "coordinates": [
          -17.4085806,
          14.7495028
        ]
      },
      "id": "node/4860786408"
    },
    {
      "type": "Feature",
      "properties": {
        "@id": "node/4861631605",
        "bus": "yes",
        "description": "Destination Petersen",
        "highway": "bus_stop",
        "name": "Terminus 50",
        "public_transport": "platform"
      },
      "geometry": {
        "type": "Point",
        "coordinates": [
          -17.336568,
          14.7948504
        ]
      },
      "id": "node/4861631605"
    },
    {
      "type": "Feature",
      "properties": {
        "@id": "node/4874822083",
        "bus": "yes",
        "highway": "bus_stop",
        "public_transport": "platform"
      },
      "geometry": {
        "type": "Point",
        "coordinates": [
          -17.4491853,
          14.7467942
        ]
      },
      "id": "node/4874822083"
    },
    {
      "type": "Feature",
      "properties": {
        "@id": "node/4885614232",
        "bus": "yes",
        "highway": "bus_stop",
        "public_transport": "platform"
      },
      "geometry": {
        "type": "Point",
        "coordinates": [
          -17.3324102,
          14.7936718
        ]
      },
      "id": "node/4885614232"
    },
    {
      "type": "Feature",
      "properties": {
        "@id": "node/4887972387",
        "bus": "yes",
        "highway": "bus_stop",
        "name": "Arret Mini Bus 24-33-46-70-27-41",
        "public_transport": "platform"
      },
      "geometry": {
        "type": "Point",
        "coordinates": [
          -17.3867737,
          14.7708388
        ]
      },
      "id": "node/4887972387"
    },
    {
      "type": "Feature",
      "properties": {
        "@id": "node/4892592362",
        "bus": "yes",
        "highway": "bus_stop",
        "name": "Arrêt de bus DDD 2E",
        "public_transport": "platform"
      },
      "geometry": {
        "type": "Point",
        "coordinates": [
          -17.3844963,
          14.7726082
        ]
      },
      "id": "node/4892592362"
    },
    {
      "type": "Feature",
      "properties": {
        "@id": "node/4936121883",
        "amenity": "bus_station",
        "bus": "yes",
        "name": "Garage bus 50",
        "public_transport": "station"
      },
      "geometry": {
        "type": "Point",
        "coordinates": [
          -17.3390422,
          14.8047867
        ]
      },
      "id": "node/4936121883"
    },
    {
      "type": "Feature",
      "properties": {
        "@id": "node/4936159619",
        "bus": "yes",
        "highway": "bus_stop",
        "note": "Arrêt car rapide",
        "public_transport": "platform"
      },
      "geometry": {
        "type": "Point",
        "coordinates": [
          -17.3364473,
          14.7936287
        ]
      },
      "id": "node/4936159619"
    },
    {
      "type": "Feature",
      "properties": {
        "@id": "node/5038866763",
        "bus": "yes",
        "highway": "bus_stop",
        "public_transport": "platform"
      },
      "geometry": {
        "type": "Point",
        "coordinates": [
          -17.3868138,
          14.7709948
        ]
      },
      "id": "node/5038866763"
    },
    {
      "type": "Feature",
      "properties": {
        "@id": "node/5038866772",
        "bus": "yes",
        "highway": "bus_stop",
        "name": "ARRET DIAL MBAYE",
        "network": "DAKAR DEM DIK",
        "operator": "DAKAR DEM DIK",
        "public_transport": "platform",
        "ref": "L5"
      },
      "geometry": {
        "type": "Point",
        "coordinates": [
          -17.3913507,
          14.774946
        ]
      },
      "id": "node/5038866772"
    },
    {
      "type": "Feature",
      "properties": {
        "@id": "node/5038866774",
        "bus": "yes",
        "highway": "bus_stop",
        "name": "ARRET DIAL MBAYE",
        "network": "DAKAR DEM DIK",
        "operator": "DAKAR DEM DIK",
        "public_transport": "platform",
        "ref": "L5"
      },
      "geometry": {
        "type": "Point",
        "coordinates": [
          -17.3930217,
          14.776318
        ]
      },
      "id": "node/5038866774"
    },
    {
      "type": "Feature",
      "properties": {
        "@id": "node/5038866775",
        "bus": "yes",
        "highway": "bus_stop",
        "name": "ARRET TERMINUS GUEDIAWAYE",
        "network": "DDD DAKAR DEM DIK",
        "operator": "DDD DAKAR DEM DIK",
        "public_transport": "platform",
        "ref": "L5;L12"
      },
      "geometry": {
        "type": "Point",
        "coordinates": [
          -17.3887409,
          14.7731189
        ]
      },
      "id": "node/5038866775"
    },
    {
      "type": "Feature",
      "properties": {
        "@id": "node/5038866776",
        "bus": "yes",
        "highway": "bus_stop",
        "name": "ARRET PHARMACIE TERMINUS GUEDIAWAYE",
        "network": "DAKAR DEM DIK",
        "operator": "DAKAR DEM DIK",
        "public_transport": "platform",
        "ref": "L5"
      },
      "geometry": {
        "type": "Point",
        "coordinates": [
          -17.3888201,
          14.7734146
        ]
      },
      "id": "node/5038866776"
    },
    {
      "type": "Feature",
      "properties": {
        "@id": "node/5038866789",
        "bus": "yes",
        "highway": "bus_stop",
        "name": "ARRET MALIBU",
        "network": "DAKAR DEM DIK",
        "operator": "DAKAR DEM DIK",
        "public_transport": "platform",
        "ref": "L5"
      },
      "geometry": {
        "type": "Point",
        "coordinates": [
          -17.4081038,
          14.7752884
        ]
      },
      "id": "node/5038866789"
    },
    {
      "type": "Feature",
      "properties": {
        "@id": "node/5044774507",
        "bus": "yes",
        "highway": "bus_stop",
        "network": "Dakar Dem Dikk",
        "operator": "Dakar Dem Dikk",
        "public_transport": "platform",
        "source": "survey;bing;Dakar Dem Dikk",
        "survey:date": "2014"
      },
      "geometry": {
        "type": "Point",
        "coordinates": [
          -17.4503472,
          14.6907051
        ]
      },
      "id": "node/5044774507"
    },
    {
      "type": "Feature",
      "properties": {
        "@id": "node/5044774508",
        "bus": "yes",
        "highway": "bus_stop",
        "network": "Dakar Dem Dikk",
        "operator": "Dakar Dem Dikk",
        "public_transport": "platform"
      },
      "geometry": {
        "type": "Point",
        "coordinates": [
          -17.4644913,
          14.7106418
        ]
      },
      "id": "node/5044774508"
    },
    {
      "type": "Feature",
      "properties": {
        "@id": "node/5044842334",
        "bus": "yes",
        "highway": "bus_stop",
        "operator": "GIE;Dakar Dem Dikk",
        "public_transport": "platform"
      },
      "geometry": {
        "type": "Point",
        "coordinates": [
          -17.4529279,
          14.698919
        ]
      },
      "id": "node/5044842334"
    },
    {
      "type": "Feature",
      "properties": {
        "@id": "node/5049073080",
        "name": "Terminus L8 Aéroport",
        "public_transport": "platform",
        "tactile_paving": "no",
        "wheelchair": "no"
      },
      "geometry": {
        "type": "Point",
        "coordinates": [
          -17.4894464,
          14.7456071
        ]
      },
      "id": "node/5049073080"
    },
    {
      "type": "Feature",
      "properties": {
        "@id": "node/5049073085",
        "bus": "yes",
        "highway": "bus_stop",
        "public_transport": "platform"
      },
      "geometry": {
        "type": "Point",
        "coordinates": [
          -17.4686124,
          14.7547732
        ]
      },
      "id": "node/5049073085"
    },
    {
      "type": "Feature",
      "properties": {
        "@id": "node/5049073086",
        "bus": "yes",
        "highway": "bus_stop",
        "operator": "Dakar Dem Dikk",
        "public_transport": "platform",
        "source": "OSMTracker",
        "tactile_paving": "no",
        "wheelchair": "no"
      },
      "geometry": {
        "type": "Point",
        "coordinates": [
          -17.4671451,
          14.7536121
        ]
      },
      "id": "node/5049073086"
    },
    {
      "type": "Feature",
      "properties": {
        "@id": "node/5049073087",
        "highway": "bus_stop"
      },
      "geometry": {
        "type": "Point",
        "coordinates": [
          -17.4640869,
          14.7498647
        ]
      },
      "id": "node/5049073087"
    },
    {
      "type": "Feature",
      "properties": {
        "@id": "node/5049073089",
        "highway": "bus_stop",
        "shelter": "no"
      },
      "geometry": {
        "type": "Point",
        "coordinates": [
          -17.4507444,
          14.7444676
        ]
      },
      "id": "node/5049073089"
    },
    {
      "type": "Feature",
      "properties": {
        "@id": "node/5049073090",
        "highway": "bus_stop"
      },
      "geometry": {
        "type": "Point",
        "coordinates": [
          -17.4487941,
          14.7417683
        ]
      },
      "id": "node/5049073090"
    },
    {
      "type": "Feature",
      "properties": {
        "@id": "node/5049073091",
        "highway": "bus_stop"
      },
      "geometry": {
        "type": "Point",
        "coordinates": [
          -17.445329,
          14.73861
        ]
      },
      "id": "node/5049073091"
    },
    {
      "type": "Feature",
      "properties": {
        "@id": "node/5049073092",
        "bus": "yes",
        "highway": "bus_stop",
        "public_transport": "platform"
      },
      "geometry": {
        "type": "Point",
        "coordinates": [
          -17.4452116,
          14.7367004
        ]
      },
      "id": "node/5049073092"
    },
    {
      "type": "Feature",
      "properties": {
        "@id": "node/5049073093",
        "bus": "yes",
        "highway": "bus_stop",
        "public_transport": "platform"
      },
      "geometry": {
        "type": "Point",
        "coordinates": [
          -17.446129,
          14.7339169
        ]
      },
      "id": "node/5049073093"
    },
    {
      "type": "Feature",
      "properties": {
        "@id": "node/5049073094",
        "bus": "yes",
        "highway": "bus_stop",
        "public_transport": "platform"
      },
      "geometry": {
        "type": "Point",
        "coordinates": [
          -17.4462101,
          14.7314026
        ]
      },
      "id": "node/5049073094"
    },
    {
      "type": "Feature",
      "properties": {
        "@id": "node/5049073095",
        "bus": "yes",
        "highway": "bus_stop",
        "public_transport": "platform"
      },
      "geometry": {
        "type": "Point",
        "coordinates": [
          -17.4449079,
          14.7269571
        ]
      },
      "id": "node/5049073095"
    },
    {
      "type": "Feature",
      "properties": {
        "@id": "node/5049073096",
        "bus": "yes",
        "highway": "bus_stop",
        "public_transport": "platform"
      },
      "geometry": {
        "type": "Point",
        "coordinates": [
          -17.4449495,
          14.7254619
        ]
      },
      "id": "node/5049073096"
    },
    {
      "type": "Feature",
      "properties": {
        "@id": "node/5049073097",
        "bus": "yes",
        "highway": "bus_stop",
        "public_transport": "platform"
      },
      "geometry": {
        "type": "Point",
        "coordinates": [
          -17.4469961,
          14.7221885
        ]
      },
      "id": "node/5049073097"
    },
    {
      "type": "Feature",
      "properties": {
        "@id": "node/5049073098",
        "bus": "yes",
        "highway": "bus_stop",
        "public_transport": "platform"
      },
      "geometry": {
        "type": "Point",
        "coordinates": [
          -17.4504292,
          14.7181901
        ]
      },
      "id": "node/5049073098"
    },
    {
      "type": "Feature",
      "properties": {
        "@id": "node/5049073099",
        "bus": "yes",
        "highway": "bus_stop",
        "public_transport": "platform"
      },
      "geometry": {
        "type": "Point",
        "coordinates": [
          -17.4523091,
          14.7160071
        ]
      },
      "id": "node/5049073099"
    },
    {
      "type": "Feature",
      "properties": {
        "@id": "node/5049073100",
        "highway": "bus_stop"
      },
      "geometry": {
        "type": "Point",
        "coordinates": [
          -17.4539263,
          14.7142267
        ]
      },
      "id": "node/5049073100"
    },
    {
      "type": "Feature",
      "properties": {
        "@id": "node/5049096052",
        "bus": "yes",
        "highway": "bus_stop",
        "network": "Dakar Dem Dik",
        "operator": "Dakar Dem Dikk",
        "public_transport": "platform",
        "source": "survey;Bing;Odette"
      },
      "geometry": {
        "type": "Point",
        "coordinates": [
          -17.4335872,
          14.6527633
        ]
      },
      "id": "node/5049096052"
    },
    {
      "type": "Feature",
      "properties": {
        "@id": "node/5049096068",
        "bench": "yes",
        "bin": "yes",
        "bus": "yes",
        "highway": "bus_stop",
        "network": "Dakar Dem Dikk",
        "operator": "Dakar Dem Dikk",
        "public_transport": "platform",
        "shelter": "no"
      },
      "geometry": {
        "type": "Point",
        "coordinates": [
          -17.4605516,
          14.6929156
        ]
      },
      "id": "node/5049096068"
    },
    {
      "type": "Feature",
      "properties": {
        "@id": "node/5049096069",
        "bus": "yes",
        "highway": "bus_stop",
        "network": "Dakar Dem Dikk",
        "operator": "Dakar Dem Dikk",
        "public_transport": "platform"
      },
      "geometry": {
        "type": "Point",
        "coordinates": [
          -17.4578189,
          14.6956291
        ]
      },
      "id": "node/5049096069"
    },
    {
      "type": "Feature",
      "properties": {
        "@id": "node/5049096072",
        "bus": "yes",
        "highway": "bus_stop",
        "network": "Dakar Dem Dikk",
        "operator": "Dakar Dem Dikk",
        "public_transport": "platform",
        "shelter": "no"
      },
      "geometry": {
        "type": "Point",
        "coordinates": [
          -17.4592542,
          14.7061291
        ]
      },
      "id": "node/5049096072"
    },
    {
      "type": "Feature",
      "properties": {
        "@id": "node/5049096076",
        "bus": "yes",
        "highway": "bus_stop",
        "network": "Dakar Dem Dikk",
        "operator": "Dakar Dem Dikk",
        "public_transport": "platform"
      },
      "geometry": {
        "type": "Point",
        "coordinates": [
          -17.451052,
          14.7175222
        ]
      },
      "id": "node/5049096076"
    },
    {
      "type": "Feature",
      "properties": {
        "@id": "node/5049096077",
        "bus": "yes",
        "highway": "bus_stop",
        "network": "Dakar Dem Dikk",
        "operator": "Dakar Dem Dikk",
        "public_transport": "platform"
      },
      "geometry": {
        "type": "Point",
        "coordinates": [
          -17.4498275,
          14.7189201
        ]
      },
      "id": "node/5049096077"
    },
    {
      "type": "Feature",
      "properties": {
        "@id": "node/5049096078",
        "bus": "yes",
        "highway": "bus_stop",
        "network": "Dakar Dem Dikk",
        "operator": "Dakar Dem Dikk",
        "public_transport": "platform"
      },
      "geometry": {
        "type": "Point",
        "coordinates": [
          -17.4484624,
          14.7204735
        ]
      },
      "id": "node/5049096078"
    },
    {
      "type": "Feature",
      "properties": {
        "@id": "node/5049096085",
        "bus": "yes",
        "highway": "bus_stop",
        "network": "Dakar Dem Dikk",
        "operator": "Dakar Dem Dikk",
        "public_transport": "platform"
      },
      "geometry": {
        "type": "Point",
        "coordinates": [
          -17.4464167,
          14.7396146
        ]
      },
      "id": "node/5049096085"
    },
    {
      "type": "Feature",
      "properties": {
        "@id": "node/5049096086",
        "bus": "yes",
        "highway": "bus_stop",
        "network": "Dakar Dem Dikk",
        "operator": "Dakar Dem Dikk",
        "public_transport": "platform"
      },
      "geometry": {
        "type": "Point",
        "coordinates": [
          -17.4458411,
          14.7415683
        ]
      },
      "id": "node/5049096086"
    },
    {
      "type": "Feature",
      "properties": {
        "@id": "node/5049096090",
        "bench": "yes",
        "bin": "no",
        "bus": "yes",
        "highway": "bus_stop",
        "network": "Dakar Dem Dikk",
        "operator": "Dakar Dem Dikk",
        "public_transport": "platform",
        "shelter": "yes"
      },
      "geometry": {
        "type": "Point",
        "coordinates": [
          -17.4664489,
          14.7524521
        ]
      },
      "id": "node/5049096090"
    },
    {
      "type": "Feature",
      "properties": {
        "@id": "node/5049096091",
        "bench": "yes",
        "bin": "no",
        "bus": "yes",
        "highway": "bus_stop",
        "network": "Dakar Dem Dikk",
        "operator": "Dakar Dem Dikk",
        "public_transport": "platform",
        "shelter": "yes"
      },
      "geometry": {
        "type": "Point",
        "coordinates": [
          -17.4676789,
          14.7538029
        ]
      },
      "id": "node/5049096091"
    },
    {
      "type": "Feature",
      "properties": {
        "@id": "node/5049096092",
        "bench": "yes",
        "bus": "yes",
        "highway": "bus_stop",
        "network": "Dakar Dem Dikk",
        "operator": "Dakar Dem Dikk",
        "public_transport": "platform",
        "shelter": "yes"
      },
      "geometry": {
        "type": "Point",
        "coordinates": [
          -17.469893,
          14.7550963
        ]
      },
      "id": "node/5049096092"
    },
    {
      "type": "Feature",
      "properties": {
        "@id": "node/5049096093",
        "bench": "no",
        "bin": "no",
        "bus": "yes",
        "highway": "bus_stop",
        "network": "Dakar Dem Dikk",
        "operator": "Dakar Dem Dikk",
        "public_transport": "platform",
        "shelter": "no"
      },
      "geometry": {
        "type": "Point",
        "coordinates": [
          -17.4722572,
          14.7555087
        ]
      },
      "id": "node/5049096093"
    },
    {
      "type": "Feature",
      "properties": {
        "@id": "node/5049096094",
        "bus": "yes",
        "highway": "bus_stop",
        "network": "Dakar Dem Dikk",
        "operator": "Dakar Dem Dikk",
        "public_transport": "platform"
      },
      "geometry": {
        "type": "Point",
        "coordinates": [
          -17.4746264,
          14.7553578
        ]
      },
      "id": "node/5049096094"
    },
    {
      "type": "Feature",
      "properties": {
        "@id": "node/5049096098",
        "bus": "yes",
        "highway": "bus_stop",
        "network": "Dakar Dem Dikk",
        "operator": "Dakar Dem Dikk",
        "public_transport": "platform"
      },
      "geometry": {
        "type": "Point",
        "coordinates": [
          -17.4896314,
          14.7462391
        ]
      },
      "id": "node/5049096098"
    },
    {
      "type": "Feature",
      "properties": {
        "@id": "node/5052292969",
        "bus": "yes",
        "highway": "bus_stop",
        "network": "Dakar Dem Dikk",
        "operator": "GIE;Dakar Dem Dikk",
        "public_transport": "platform"
      },
      "geometry": {
        "type": "Point",
        "coordinates": [
          -17.4574397,
          14.7100996
        ]
      },
      "id": "node/5052292969"
    },
    {
      "type": "Feature",
      "properties": {
        "@id": "node/5056434897",
        "bus": "yes",
        "public_transport": "stop_position"
      },
      "geometry": {
        "type": "Point",
        "coordinates": [
          -17.4334296,
          14.6509722
        ]
      },
      "id": "node/5056434897"
    },
    {
      "type": "Feature",
      "properties": {
        "@id": "node/5056591536",
        "bus": "yes",
        "operator": "Dakar Dem Dikk",
        "public_transport": "stop_position",
        "tactile_paving": "no"
      },
      "geometry": {
        "type": "Point",
        "coordinates": [
          -17.4463388,
          14.7305968
        ]
      },
      "id": "node/5056591536"
    },
    {
      "type": "Feature",
      "properties": {
        "@id": "node/5056714373",
        "bus": "yes",
        "public_transport": "stop_position"
      },
      "geometry": {
        "type": "Point",
        "coordinates": [
          -17.45677,
          14.7263744
        ]
      },
      "id": "node/5056714373"
    },
    {
      "type": "Feature",
      "properties": {
        "@id": "node/5056748481",
        "bus": "yes",
        "highway": "bus_stop",
        "name": "Terminus Parcelles-Assainies",
        "network": "Dakar Dem Dikk",
        "operator": "Dakar Dem Dikk",
        "public_transport": "platform"
      },
      "geometry": {
        "type": "Point",
        "coordinates": [
          -17.439255,
          14.7604342
        ]
      },
      "id": "node/5056748481"
    },
    {
      "type": "Feature",
      "properties": {
        "@id": "node/5056748483",
        "bus": "yes",
        "public_transport": "stop_position"
      },
      "geometry": {
        "type": "Point",
        "coordinates": [
          -17.4274056,
          14.6720403
        ]
      },
      "id": "node/5056748483"
    },
    {
      "type": "Feature",
      "properties": {
        "@id": "node/5057176328",
        "highway": "bus_stop",
        "name": "Hôtel de ville de Dakar",
        "network": "Dakar Dem Dikk",
        "operator": "Dakar Dem Dikk",
        "public_transport": "platform"
      },
      "geometry": {
        "type": "Point",
        "coordinates": [
          -17.4320506,
          14.6718304
        ]
      },
      "id": "node/5057176328"
    },
    {
      "type": "Feature",
      "properties": {
        "@id": "node/5057176330",
        "bus": "yes",
        "public_transport": "stop_position"
      },
      "geometry": {
        "type": "Point",
        "coordinates": [
          -17.4497746,
          14.6749899
        ]
      },
      "id": "node/5057176330"
    },
    {
      "type": "Feature",
      "properties": {
        "@id": "node/5057176331",
        "bus": "yes",
        "public_transport": "stop_position"
      },
      "geometry": {
        "type": "Point",
        "coordinates": [
          -17.4366075,
          14.6866066
        ]
      },
      "id": "node/5057176331"
    },
    {
      "type": "Feature",
      "properties": {
        "@id": "node/5062287533",
        "bus": "yes",
        "operator": "Dakar Dem Dikk",
        "public_transport": "stop_position",
        "tactile_paving": "no"
      },
      "geometry": {
        "type": "Point",
        "coordinates": [
          -17.4514378,
          14.7444041
        ]
      },
      "id": "node/5062287533"
    },
    {
      "type": "Feature",
      "properties": {
        "@id": "node/5062287534",
        "bus": "yes",
        "operator": "Dakar Dem Dikk",
        "public_transport": "stop_position",
        "tactile_paving": "no"
      },
      "geometry": {
        "type": "Point",
        "coordinates": [
          -17.4553485,
          14.7450341
        ]
      },
      "id": "node/5062287534"
    },
    {
      "type": "Feature",
      "properties": {
        "@id": "node/5062287535",
        "bus": "yes",
        "operator": "Dakar Dem Dikk",
        "public_transport": "stop_position"
      },
      "geometry": {
        "type": "Point",
        "coordinates": [
          -17.4676188,
          14.7538436
        ]
      },
      "id": "node/5062287535"
    },
    {
      "type": "Feature",
      "properties": {
        "@id": "node/5062287536",
        "bus": "yes",
        "operator": "Dakar Dem Dikk",
        "public_transport": "stop_position"
      },
      "geometry": {
        "type": "Point",
        "coordinates": [
          -17.4722543,
          14.7555588
        ]
      },
      "id": "node/5062287536"
    },
    {
      "type": "Feature",
      "properties": {
        "@id": "node/5062287537",
        "bus": "yes",
        "name": "Maire de Yoff",
        "operator": "Dakar Dem Dikk",
        "public_transport": "stop_position"
      },
      "geometry": {
        "type": "Point",
        "coordinates": [
          -17.4745059,
          14.7554731
        ]
      },
      "id": "node/5062287537"
    },
    {
      "type": "Feature",
      "properties": {
        "@id": "node/5062287538",
        "bus": "yes",
        "operator": "Dakar Dem Dikk",
        "public_transport": "stop_position"
      },
      "geometry": {
        "type": "Point",
        "coordinates": [
          -17.4778399,
          14.7568931
        ]
      },
      "id": "node/5062287538"
    },
    {
      "type": "Feature",
      "properties": {
        "@id": "node/5062287539",
        "bus": "yes",
        "operator": "Dakar Dem Dikk",
        "public_transport": "stop_position",
        "source": "OSMTracker"
      },
      "geometry": {
        "type": "Point",
        "coordinates": [
          -17.4824815,
          14.7590679
        ]
      },
      "id": "node/5062287539"
    },
    {
      "type": "Feature",
      "properties": {
        "@id": "node/5062287540",
        "bus": "yes",
        "from": "Palais",
        "name": "Ligne 8",
        "operator": "Dakar Dem Dikk",
        "public_transport": "stop_position",
        "public_transport:version": "2",
        "ref": "L8",
        "source": "OSMTracker",
        "tactile_paving": "no",
        "to": "Aéroport de Dakar"
      },
      "geometry": {
        "type": "Point",
        "coordinates": [
          -17.4869433,
          14.7543344
        ]
      },
      "id": "node/5062287540"
    },
    {
      "type": "Feature",
      "properties": {
        "@id": "node/5062287541",
        "bus": "yes",
        "from": "Aéroport de Dakar",
        "name": "Ligne 8",
        "operator": "Dakar Dem Dikk",
        "public_transport": "stop_position",
        "public_transport:version": "2",
        "ref": "L8",
        "source": "OSMTracker",
        "tactile_paving": "no",
        "to": "Palais"
      },
      "geometry": {
        "type": "Point",
        "coordinates": [
          -17.4868789,
          14.7541735
        ]
      },
      "id": "node/5062287541"
    },
    {
      "type": "Feature",
      "properties": {
        "@id": "node/5062287542",
        "bus": "yes",
        "operator": "Dakar Dem Dikk",
        "public_transport": "stop_position"
      },
      "geometry": {
        "type": "Point",
        "coordinates": [
          -17.4885218,
          14.7509923
        ]
      },
      "id": "node/5062287542"
    },
    {
      "type": "Feature",
      "properties": {
        "@id": "node/5062317406",
        "bus": "yes",
        "name": "Auchan Castor",
        "operator": "Dakar Dem Dikk",
        "public_transport": "stop_position",
        "source": "OSMTracker",
        "tactile_paving": "no"
      },
      "geometry": {
        "type": "Point",
        "coordinates": [
          -17.4462036,
          14.7232773
        ]
      },
      "id": "node/5062317406"
    },
    {
      "type": "Feature",
      "properties": {
        "@id": "node/5062317407",
        "bus": "yes",
        "operator": "Dakar Dem Dikk",
        "public_transport": "stop_position",
        "tactile_paving": "no"
      },
      "geometry": {
        "type": "Point",
        "coordinates": [
          -17.4445398,
          14.7261957
        ]
      },
      "id": "node/5062317407"
    },
    {
      "type": "Feature",
      "properties": {
        "@id": "node/5062317408",
        "bus": "yes",
        "operator": "Dakar Dem Dikk",
        "public_transport": "stop_position",
        "tactile_paving": "no"
      },
      "geometry": {
        "type": "Point",
        "coordinates": [
          -17.4461116,
          14.7344729
        ]
      },
      "id": "node/5062317408"
    },
    {
      "type": "Feature",
      "properties": {
        "@id": "node/5062317409",
        "bus": "yes",
        "operator": "Dakar Dem Dikk",
        "public_transport": "stop_position",
        "tactile_paving": "no"
      },
      "geometry": {
        "type": "Point",
        "coordinates": [
          -17.4464288,
          14.7396046
        ]
      },
      "id": "node/5062317409"
    },
    {
      "type": "Feature",
      "properties": {
        "@id": "node/5114785221",
        "amenity": "bus_station",
        "bus": "yes",
        "name": "Terminus Liberté 5",
        "name:en": "Terminus Liberté 5",
        "name:fr": "Terminus Liberté 5",
        "public_transport": "station"
      },
      "geometry": {
        "type": "Point",
        "coordinates": [
          -17.4581869,
          14.7235722
        ]
      },
      "id": "node/5114785221"
    },
    {
      "type": "Feature",
      "properties": {
        "@id": "node/5206552239",
        "amenity": "bus_station",
        "bench": "yes",
        "bus": "yes",
        "name": "Arret bus Tata 68",
        "public_transport": "station"
      },
      "geometry": {
        "type": "Point",
        "coordinates": [
          -17.3596679,
          14.7751238
        ]
      },
      "id": "node/5206552239"
    },
    {
      "type": "Feature",
      "properties": {
        "@id": "node/5286379841",
        "bus": "yes",
        "highway": "bus_stop",
        "public_transport": "platform",
        "share_taxi": "yes"
      },
      "geometry": {
        "type": "Point",
        "coordinates": [
          -17.3248526,
          14.7487997
        ]
      },
      "id": "node/5286379841"
    },
    {
      "type": "Feature",
      "properties": {
        "@id": "node/5286379842",
        "bus": "yes",
        "highway": "bus_stop",
        "public_transport": "platform",
        "share_taxi": "yes"
      },
      "geometry": {
        "type": "Point",
        "coordinates": [
          -17.3188663,
          14.7702869
        ]
      },
      "id": "node/5286379842"
    },
    {
      "type": "Feature",
      "properties": {
        "@id": "node/5286379844",
        "amenity": "bus_station",
        "bus": "yes",
        "name": "Terminus minibus n°61",
        "public_transport": "station"
      },
      "geometry": {
        "type": "Point",
        "coordinates": [
          -17.3092199,
          14.7854484
        ]
      },
      "id": "node/5286379844"
    },
    {
      "type": "Feature",
      "properties": {
        "@id": "node/5286379845",
        "amenity": "bus_station",
        "bus": "yes",
        "name": "Terminus Dakar dem dikk P11",
        "public_transport": "station"
      },
      "geometry": {
        "type": "Point",
        "coordinates": [
          -17.3089122,
          14.7855567
        ]
      },
      "id": "node/5286379845"
    },
    {
      "type": "Feature",
      "properties": {
        "@id": "node/5286379846",
        "highway": "bus_stop",
        "share_taxi": "yes"
      },
      "geometry": {
        "type": "Point",
        "coordinates": [
          -17.31593,
          14.7743781
        ]
      },
      "id": "node/5286379846"
    },
    {
      "type": "Feature",
      "properties": {
        "@id": "node/5286379847",
        "highway": "bus_stop",
        "name": "terminus 52",
        "operator": "Tata"
      },
      "geometry": {
        "type": "Point",
        "coordinates": [
          -17.3176734,
          14.7741861
        ]
      },
      "id": "node/5286379847"
    },
    {
      "type": "Feature",
      "properties": {
        "@id": "node/5286379854",
        "highway": "bus_stop"
      },
      "geometry": {
        "type": "Point",
        "coordinates": [
          -17.3165308,
          14.7725263
        ]
      },
      "id": "node/5286379854"
    },
    {
      "type": "Feature",
      "properties": {
        "@id": "node/5286379860",
        "amenity": "bus_station",
        "bus": "yes",
        "name": "gare des camions",
        "public_transport": "station"
      },
      "geometry": {
        "type": "Point",
        "coordinates": [
          -17.325366,
          14.748628
        ]
      },
      "id": "node/5286379860"
    },
    {
      "type": "Feature",
      "properties": {
        "@id": "node/5286379862",
        "amenity": "bus_station",
        "bus": "yes",
        "name": "Gare",
        "public_transport": "station"
      },
      "geometry": {
        "type": "Point",
        "coordinates": [
          -17.3248805,
          14.7481455
        ]
      },
      "id": "node/5286379862"
    },
    {
      "type": "Feature",
      "properties": {
        "@id": "node/5454714722",
        "bus": "yes",
        "highway": "bus_stop",
        "public_transport": "platform"
      },
      "geometry": {
        "type": "Point",
        "coordinates": [
          -17.4441678,
          14.7463513
        ]
      },
      "id": "node/5454714722"
    },
    {
      "type": "Feature",
      "properties": {
        "@id": "node/5473145364",
        "bus": "yes",
        "highway": "bus_stop",
        "note": "DDD 232",
        "public_transport": "platform"
      },
      "geometry": {
        "type": "Point",
        "coordinates": [
          -17.4366222,
          14.7280907
        ]
      },
      "id": "node/5473145364"
    },
    {
      "type": "Feature",
      "properties": {
        "@id": "node/5475452284",
        "name": "Terminus ligne 44",
        "public_transport": "station"
      },
      "geometry": {
        "type": "Point",
        "coordinates": [
          -17.3238476,
          14.7288971
        ]
      },
      "id": "node/5475452284"
    },
    {
      "type": "Feature",
      "properties": {
        "@id": "node/5486851321",
        "highway": "bus_stop",
        "name": "Salamtransport DK - TC",
        "name:en": "Salamtransport DK - Tc",
        "operator": "Salamtransport"
      },
      "geometry": {
        "type": "Point",
        "coordinates": [
          -17.4583535,
          14.7288068
        ]
      },
      "id": "node/5486851321"
    },
    {
      "type": "Feature",
      "properties": {
        "@id": "node/5492878122",
        "amenity": "bus_station",
        "bus": "yes",
        "name": "Niokolo Transport",
        "name:en": "Niokolo Transport SA",
        "public_transport": "station"
      },
      "geometry": {
        "type": "Point",
        "coordinates": [
          -17.4244477,
          14.7464221
        ]
      },
      "id": "node/5492878122"
    },
    {
      "type": "Feature",
      "properties": {
        "@id": "node/5566409288",
        "addr:street": "medina ME 41",
        "amenity": "bus_station",
        "bus": "yes",
        "public_transport": "station"
      },
      "geometry": {
        "type": "Point",
        "coordinates": [
          -17.4485875,
          14.6901678
        ]
      },
      "id": "node/5566409288"
    },
    {
      "type": "Feature",
      "properties": {
        "@id": "node/5602708153",
        "bus": "yes",
        "highway": "bus_stop",
        "name": "Ddd",
        "public_transport": "platform"
      },
      "geometry": {
        "type": "Point",
        "coordinates": [
          -17.3534345,
          14.7477573
        ]
      },
      "id": "node/5602708153"
    },
    {
      "type": "Feature",
      "properties": {
        "@id": "node/5602711037",
        "highway": "bus_stop",
        "name": "Service spéciale Ddd"
      },
      "geometry": {
        "type": "Point",
        "coordinates": [
          -17.3187489,
          14.7705411
        ]
      },
      "id": "node/5602711037"
    },
    {
      "type": "Feature",
      "properties": {
        "@id": "node/5602711222",
        "bus": "yes",
        "highway": "bus_stop",
        "name": "Ddd et tata",
        "public_transport": "platform"
      },
      "geometry": {
        "type": "Point",
        "coordinates": [
          -17.3760168,
          14.7459076
        ]
      },
      "id": "node/5602711222"
    },
    {
      "type": "Feature",
      "properties": {
        "@id": "node/5602711361",
        "bus": "yes",
        "highway": "bus_stop",
        "name": "Ddd",
        "public_transport": "platform"
      },
      "geometry": {
        "type": "Point",
        "coordinates": [
          -17.3268373,
          14.7479241
        ]
      },
      "id": "node/5602711361"
    },
    {
      "type": "Feature",
      "properties": {
        "@id": "node/5602711421",
        "bus": "yes",
        "highway": "bus_stop",
        "name": "Arret tableau tivaone",
        "public_transport": "platform"
      },
      "geometry": {
        "type": "Point",
        "coordinates": [
          -17.3729299,
          14.746316
        ]
      },
      "id": "node/5602711421"
    },
    {
      "type": "Feature",
      "properties": {
        "@id": "node/5602711531",
        "bus": "yes",
        "highway": "bus_stop",
        "name": "Ddd",
        "public_transport": "platform"
      },
      "geometry": {
        "type": "Point",
        "coordinates": [
          -17.3626261,
          14.7465186
        ]
      },
      "id": "node/5602711531"
    },
    {
      "type": "Feature",
      "properties": {
        "@id": "node/5602711532",
        "bus": "yes",
        "highway": "bus_stop",
        "name": "Ddd",
        "public_transport": "platform"
      },
      "geometry": {
        "type": "Point",
        "coordinates": [
          -17.3342878,
          14.7489897
        ]
      },
      "id": "node/5602711532"
    },
    {
      "type": "Feature",
      "properties": {
        "@id": "node/5602711533",
        "highway": "bus_stop",
        "name": "Ddd"
      },
      "geometry": {
        "type": "Point",
        "coordinates": [
          -17.3149921,
          14.7707828
        ]
      },
      "id": "node/5602711533"
    },
    {
      "type": "Feature",
      "properties": {
        "@id": "node/5602711658",
        "bus": "yes",
        "highway": "bus_stop",
        "name": "Ddd",
        "public_transport": "platform"
      },
      "geometry": {
        "type": "Point",
        "coordinates": [
          -17.3249468,
          14.748707
        ]
      },
      "id": "node/5602711658"
    },
    {
      "type": "Feature",
      "properties": {
        "@id": "node/5602711721",
        "bus": "yes",
        "highway": "bus_stop",
        "name": "Ddd",
        "public_transport": "platform"
      },
      "geometry": {
        "type": "Point",
        "coordinates": [
          -17.3670395,
          14.7463105
        ]
      },
      "id": "node/5602711721"
    },
    {
      "type": "Feature",
      "properties": {
        "@id": "node/5602711722",
        "bus": "yes",
        "highway": "bus_stop",
        "name": "Ddd",
        "public_transport": "platform"
      },
      "geometry": {
        "type": "Point",
        "coordinates": [
          -17.3454376,
          14.7488057
        ]
      },
      "id": "node/5602711722"
    },
    {
      "type": "Feature",
      "properties": {
        "@id": "node/5706104491",
        "bench": "yes",
        "bus": "yes",
        "highway": "bus_stop",
        "lit": "yes",
        "name": "Gare Leclerc",
        "network": "Dakar Dem Dikk",
        "operator": "Dakar Dem Dikk",
        "public_transport": "platform"
      },
      "geometry": {
        "type": "Point",
        "coordinates": [
          -17.4275808,
          14.672134
        ]
      },
      "id": "node/5706104491"
    },
    {
      "type": "Feature",
      "properties": {
        "@id": "node/5706104492",
        "bench": "yes",
        "bin": "no",
        "lit": "no",
        "name": "Terminus Lat-Dior",
        "public_transport": "platform",
        "shelter": "yes"
      },
      "geometry": {
        "type": "Point",
        "coordinates": [
          -17.441483,
          14.6692555
        ]
      },
      "id": "node/5706104492"
    },
    {
      "type": "Feature",
      "properties": {
        "@id": "node/5746268862",
        "bus": "yes",
        "highway": "bus_stop",
        "name:en": "GTSC Dakar-Banjul Start",
        "public_transport": "platform"
      },
      "geometry": {
        "type": "Point",
        "coordinates": [
          -17.4386574,
          14.7602743
        ]
      },
      "id": "node/5746268862"
    },
    {
      "type": "Feature",
      "properties": {
        "@id": "node/5765948583",
        "addr:street": "parcelle assainies",
        "bus": "yes",
        "highway": "bus_stop",
        "name": "Arrêt bus GAMBIE",
        "phone": "778305204",
        "public_transport": "platform"
      },
      "geometry": {
        "type": "Point",
        "coordinates": [
          -17.4389129,
          14.7599112
        ]
      },
      "id": "node/5765948583"
    },
    {
      "type": "Feature",
      "properties": {
        "@id": "node/5765956053",
        "bus": "yes",
        "description": "arrêt tata 1/ 30/ 46",
        "highway": "bus_stop",
        "name": "Arrêt mini bus",
        "public_transport": "platform"
      },
      "geometry": {
        "type": "Point",
        "coordinates": [
          -17.4575938,
          14.7223903
        ]
      },
      "id": "node/5765956053"
    },
    {
      "type": "Feature",
      "properties": {
        "@id": "node/5765957176",
        "addr:street": "Rufisque",
        "bus": "yes",
        "highway": "bus_stop",
        "name": "Arrêt bus 15",
        "public_transport": "platform"
      },
      "geometry": {
        "type": "Point",
        "coordinates": [
          -17.2851544,
          14.7213231
        ]
      },
      "id": "node/5765957176"
    },
    {
      "type": "Feature",
      "properties": {
        "@id": "node/5795723743",
        "bus": "yes",
        "highway": "bus_stop",
        "name": "Terminus Dakar Dem Dikk Liberté 6",
        "network": "Dakar Dem Dikk",
        "operator": "Dakar Dem Dikk",
        "public_transport": "platform",
        "ref": "9",
        "route_ref": "9"
      },
      "geometry": {
        "type": "Point",
        "coordinates": [
          -17.4602421,
          14.7274328
        ]
      },
      "id": "node/5795723743"
    },
    {
      "type": "Feature",
      "properties": {
        "@id": "node/6089850879",
        "bus": "yes",
        "highway": "bus_stop",
        "public_transport": "platform"
      },
      "geometry": {
        "type": "Point",
        "coordinates": [
          -17.4516163,
          14.7500451
        ]
      },
      "id": "node/6089850879"
    },
    {
      "type": "Feature",
      "properties": {
        "@id": "node/6440488778",
        "addr:street": "grande mosquée de guediawaye",
        "bus": "yes",
        "highway": "bus_stop",
        "name": "Arrêt bus DDD (220, 12, 5, 6)",
        "public_transport": "platform"
      },
      "geometry": {
        "type": "Point",
        "coordinates": [
          -17.3876225,
          14.7727086
        ]
      },
      "id": "node/6440488778"
    },
    {
      "type": "Feature",
      "properties": {
        "@id": "node/6567773037",
        "bus": "yes",
        "highway": "bus_stop",
        "operator": "GIE",
        "public_transport": "platform",
        "source": "survey"
      },
      "geometry": {
        "type": "Point",
        "coordinates": [
          -17.4566304,
          14.6989023
        ]
      },
      "id": "node/6567773037"
    },
    {
      "type": "Feature",
      "properties": {
        "@id": "node/6567816704",
        "bus": "yes",
        "highway": "bus_stop",
        "operator": "GIE",
        "public_transport": "platform",
        "source": "survey"
      },
      "geometry": {
        "type": "Point",
        "coordinates": [
          -17.4561985,
          14.6978412
        ]
      },
      "id": "node/6567816704"
    },
    {
      "type": "Feature",
      "properties": {
        "@id": "node/6570035552",
        "bus": "yes",
        "highway": "bus_stop",
        "operator": "GIE",
        "public_transport": "platform",
        "source": "survey"
      },
      "geometry": {
        "type": "Point",
        "coordinates": [
          -17.4544269,
          14.7004382
        ]
      },
      "id": "node/6570035552"
    },
    {
      "type": "Feature",
      "properties": {
        "@id": "node/6570035556",
        "bus": "yes",
        "highway": "bus_stop",
        "operator": "dakar-dem-dikk",
        "public_transport": "platform",
        "source": "surveil"
      },
      "geometry": {
        "type": "Point",
        "coordinates": [
          -17.4546066,
          14.700664
        ]
      },
      "id": "node/6570035556"
    },
    {
      "type": "Feature",
      "properties": {
        "@id": "node/6636898185",
        "highway": "bus_stop",
        "name": "Terminus 63"
      },
      "geometry": {
        "type": "Point",
        "coordinates": [
          -17.2548768,
          14.7208189
        ]
      },
      "id": "node/6636898185"
    },
    {
      "type": "Feature",
      "properties": {
        "@id": "node/6743940286",
        "bus": "yes",
        "highway": "bus_stop",
        "name:en": "73 to Lac Rose",
        "public_transport": "platform"
      },
      "geometry": {
        "type": "Point",
        "coordinates": [
          -17.3091139,
          14.7852758
        ]
      },
      "id": "node/6743940286"
    },
    {
      "type": "Feature",
      "properties": {
        "@id": "node/6743940685",
        "bus": "yes",
        "highway": "bus_stop",
        "name:en": "35 bus to ngor",
        "public_transport": "platform"
      },
      "geometry": {
        "type": "Point",
        "coordinates": [
          -17.3999874,
          14.7481609
        ]
      },
      "id": "node/6743940685"
    },
    {
      "type": "Feature",
      "properties": {
        "@id": "node/6908480122",
        "bus": "yes",
        "highway": "bus_stop",
        "public_transport": "platform",
        "source": "survey"
      },
      "geometry": {
        "type": "Point",
        "coordinates": [
          -17.4469851,
          14.7036158
        ]
      },
      "id": "node/6908480122"
    },
    {
      "type": "Feature",
      "properties": {
        "@id": "node/6908480127",
        "bus": "yes",
        "highway": "bus_stop",
        "name": "Dakar Dem Dikk",
        "public_transport": "platform",
        "source": "survey"
      },
      "geometry": {
        "type": "Point",
        "coordinates": [
          -17.446961,
          14.7039641
        ]
      },
      "id": "node/6908480127"
    },
    {
      "type": "Feature",
      "properties": {
        "@id": "node/6909022558",
        "bus": "yes",
        "highway": "bus_stop",
        "public_transport": "platform",
        "source": "survey"
      },
      "geometry": {
        "type": "Point",
        "coordinates": [
          -17.4479826,
          14.7023878
        ]
      },
      "id": "node/6909022558"
    },
    {
      "type": "Feature",
      "properties": {
        "@id": "node/6957478714",
        "bench": "no",
        "bin": "no",
        "bus": "yes",
        "highway": "bus_stop",
        "name": "ARRET BUS TATA",
        "public_transport": "platform",
        "shelter": "no"
      },
      "geometry": {
        "type": "Point",
        "coordinates": [
          -17.4532125,
          14.6953768
        ]
      },
      "id": "node/6957478714"
    },
    {
      "type": "Feature",
      "properties": {
        "@id": "node/6957494011",
        "bus": "yes",
        "highway": "bus_stop",
        "name": "ARRET DE BUS TATA",
        "public_transport": "platform"
      },
      "geometry": {
        "type": "Point",
        "coordinates": [
          -17.4521895,
          14.6963623
        ]
      },
      "id": "node/6957494011"
    },
    {
      "type": "Feature",
      "properties": {
        "@id": "node/6957501646",
        "bus": "yes",
        "highway": "bus_stop",
        "name": "ARRET DE BUS TATA",
        "public_transport": "platform"
      },
      "geometry": {
        "type": "Point",
        "coordinates": [
          -17.4508275,
          14.6973004
        ]
      },
      "id": "node/6957501646"
    },
    {
      "type": "Feature",
      "properties": {
        "@id": "node/6957521517",
        "bus": "yes",
        "highway": "bus_stop",
        "name": "ARRET DE BUS TATA",
        "public_transport": "platform"
      },
      "geometry": {
        "type": "Point",
        "coordinates": [
          -17.4477144,
          14.6983505
        ]
      },
      "id": "node/6957521517"
    },
    {
      "type": "Feature",
      "properties": {
        "@id": "node/6960824385",
        "bench": "no",
        "bus": "yes",
        "highway": "bus_stop",
        "name": "Arrêt Autobus DDD",
        "note": "Arret autobus DDD(Dakar Dem Dikk) desservant les lignes 218; 7 et 219",
        "public_transport": "platform",
        "route_ref": "218; 7; 219",
        "shelter": "no",
        "source": "survey",
        "wheelchair": "yes"
      },
      "geometry": {
        "type": "Point",
        "coordinates": [
          -17.4870129,
          14.7185236
        ]
      },
      "id": "node/6960824385"
    },
    {
      "type": "Feature",
      "properties": {
        "@id": "node/6973618124",
        "bus": "yes",
        "highway": "bus_stop",
        "name": "Arret mini bus 32,31,1,8",
        "public_transport": "platform"
      },
      "geometry": {
        "type": "Point",
        "coordinates": [
          -17.4525717,
          14.6859667
        ]
      },
      "id": "node/6973618124"
    },
    {
      "type": "Feature",
      "properties": {
        "@id": "node/6973640759",
        "bus": "yes",
        "highway": "bus_stop",
        "name": "Arret taxi sham",
        "public_transport": "platform"
      },
      "geometry": {
        "type": "Point",
        "coordinates": [
          -17.4529329,
          14.6852883
        ]
      },
      "id": "node/6973640759"
    },
    {
      "type": "Feature",
      "properties": {
        "@id": "node/6973642082",
        "bench": "no",
        "bin": "no",
        "bus": "yes",
        "highway": "bus_stop",
        "name": "Arret autobus DDD",
        "public_transport": "platform",
        "shelter": "no"
      },
      "geometry": {
        "type": "Point",
        "coordinates": [
          -17.4523315,
          14.6869421
        ]
      },
      "id": "node/6973642082"
    },
    {
      "type": "Feature",
      "properties": {
        "@id": "node/6973650357",
        "bus": "yes",
        "highway": "bus_stop",
        "name": "Arret muni bus 39,71",
        "public_transport": "platform"
      },
      "geometry": {
        "type": "Point",
        "coordinates": [
          -17.4553789,
          14.6856492
        ]
      },
      "id": "node/6973650357"
    },
    {
      "type": "Feature",
      "properties": {
        "@id": "node/6973650359",
        "bus": "yes",
        "highway": "bus_stop",
        "name": "Arret autobus ddd 20",
        "public_transport": "platform"
      },
      "geometry": {
        "type": "Point",
        "coordinates": [
          -17.4591764,
          14.683673
        ]
      },
      "id": "node/6973650359"
    },
    {
      "type": "Feature",
      "properties": {
        "@id": "node/6973663657",
        "bench": "no",
        "bin": "no",
        "bus": "yes",
        "highway": "bus_stop",
        "name": "Arret muni bud",
        "public_transport": "platform",
        "shelter": "no"
      },
      "geometry": {
        "type": "Point",
        "coordinates": [
          -17.451861,
          14.6831364
        ]
      },
      "id": "node/6973663657"
    },
    {
      "type": "Feature",
      "properties": {
        "@id": "node/6973684351",
        "bench": "no",
        "bin": "no",
        "bus": "yes",
        "highway": "bus_stop",
        "name": "Arret mi'i bus 37 32 31 1",
        "public_transport": "platform",
        "shelter": "no"
      },
      "geometry": {
        "type": "Point",
        "coordinates": [
          -17.4520583,
          14.6874417
        ]
      },
      "id": "node/6973684351"
    },
    {
      "type": "Feature",
      "properties": {
        "@id": "node/6973685937",
        "bench": "no",
        "bin": "no",
        "bus": "yes",
        "highway": "bus_stop",
        "name": "Arret bus 38 58",
        "public_transport": "platform",
        "shelter": "no"
      },
      "geometry": {
        "type": "Point",
        "coordinates": [
          -17.4529131,
          14.6859051
        ]
      },
      "id": "node/6973685937"
    },
    {
      "type": "Feature",
      "properties": {
        "@id": "node/6973695269",
        "bench": "no",
        "bin": "no",
        "bus": "yes",
        "highway": "bus_stop",
        "name": "Arret mini bus 37, 31,1,32",
        "public_transport": "platform",
        "shelter": "no"
      },
      "geometry": {
        "type": "Point",
        "coordinates": [
          -17.4514467,
          14.688085
        ]
      },
      "id": "node/6973695269"
    },
    {
      "type": "Feature",
      "properties": {
        "@id": "node/6973695826",
        "bench": "no",
        "bin": "no",
        "bus": "yes",
        "highway": "bus_stop",
        "name": "Arret autobus ddd 4",
        "public_transport": "platform",
        "shelter": "no"
      },
      "geometry": {
        "type": "Point",
        "coordinates": [
          -17.452175,
          14.6868733
        ]
      },
      "id": "node/6973695826"
    },
    {
      "type": "Feature",
      "properties": {
        "@id": "node/6973696943",
        "bench": "no",
        "bin": "no",
        "bus": "yes",
        "highway": "bus_stop",
        "lit": "yes",
        "name": "Arret muni bus 29,71,25,4,5846,4",
        "public_transport": "platform",
        "shelter": "no"
      },
      "geometry": {
        "type": "Point",
        "coordinates": [
          -17.4539183,
          14.6852517
        ]
      },
      "id": "node/6973696943"
    },
    {
      "type": "Feature",
      "properties": {
        "@id": "node/6973698800",
        "bus": "yes",
        "highway": "bus_stop",
        "public_transport": "platform"
      },
      "geometry": {
        "type": "Point",
        "coordinates": [
          -17.452235,
          14.6862467
        ]
      },
      "id": "node/6973698800"
    },
    {
      "type": "Feature",
      "properties": {
        "@id": "node/6973741265",
        "bus": "yes",
        "highway": "bus_stop",
        "name": "Arrêt mini bus 71",
        "public_transport": "platform"
      },
      "geometry": {
        "type": "Point",
        "coordinates": [
          -17.4556801,
          14.6855376
        ]
      },
      "id": "node/6973741265"
    },
    {
      "type": "Feature",
      "properties": {
        "@id": "node/6974032377",
        "bench": "no",
        "bin": "no",
        "highway": "bus_stop",
        "lit": "no",
        "name": "Arrêt autobus DDD 23-18",
        "shelter": "yes"
      },
      "geometry": {
        "type": "Point",
        "coordinates": [
          -17.453402,
          14.6784421
        ]
      },
      "id": "node/6974032377"
    },
    {
      "type": "Feature",
      "properties": {
        "@id": "node/6987732386",
        "bench": "yes",
        "bin": "yes",
        "highway": "bus_stop",
        "passenger_information_display": "yes",
        "shelter": "yes"
      },
      "geometry": {
        "type": "Point",
        "coordinates": [
          -17.4599765,
          14.7318467
        ]
      },
      "id": "node/6987732386"
    },
    {
      "type": "Feature",
      "properties": {
        "@id": "node/7013870285",
        "amenity": "bus_station",
        "bus": "yes",
        "name": "Garage Casamance",
        "public_transport": "station"
      },
      "geometry": {
        "type": "Point",
        "coordinates": [
          -17.2847359,
          14.8020476
        ]
      },
      "id": "node/7013870285"
    },
    {
      "type": "Feature",
      "properties": {
        "@id": "node/7064934735",
        "highway": "bus_stop",
        "name": "Terminus 71"
      },
      "geometry": {
        "type": "Point",
        "coordinates": [
          -17.3164513,
          14.7789702
        ]
      },
      "id": "node/7064934735"
    },
    {
      "type": "Feature",
      "properties": {
        "@id": "node/7466837068",
        "amenity": "bus_station",
        "bus": "yes",
        "public_transport": "station"
      },
      "geometry": {
        "type": "Point",
        "coordinates": [
          -17.2922739,
          14.7808851
        ]
      },
      "id": "node/7466837068"
    },
    {
      "type": "Feature",
      "properties": {
        "@id": "node/7502026079",
        "highway": "bus_stop"
      },
      "geometry": {
        "type": "Point",
        "coordinates": [
          -17.3677325,
          14.7520427
        ]
      },
      "id": "node/7502026079"
    },
    {
      "type": "Feature",
      "properties": {
        "@id": "node/7502026080",
        "highway": "bus_stop"
      },
      "geometry": {
        "type": "Point",
        "coordinates": [
          -17.3672672,
          14.7522088
        ]
      },
      "id": "node/7502026080"
    },
    {
      "type": "Feature",
      "properties": {
        "@id": "node/7523619073",
        "highway": "bus_stop"
      },
      "geometry": {
        "type": "Point",
        "coordinates": [
          -17.4550143,
          14.7536185
        ]
      },
      "id": "node/7523619073"
    },
    {
      "type": "Feature",
      "properties": {
        "@id": "node/7523643996",
        "highway": "bus_stop"
      },
      "geometry": {
        "type": "Point",
        "coordinates": [
          -17.4525788,
          14.7586192
        ]
      },
      "id": "node/7523643996"
    },
    {
      "type": "Feature",
      "properties": {
        "@id": "node/7523643997",
        "bus": "yes",
        "highway": "bus_stop",
        "public_transport": "platform"
      },
      "geometry": {
        "type": "Point",
        "coordinates": [
          -17.4519593,
          14.7585751
        ]
      },
      "id": "node/7523643997"
    },
    {
      "type": "Feature",
      "properties": {
        "@id": "node/7523643998",
        "highway": "bus_stop"
      },
      "geometry": {
        "type": "Point",
        "coordinates": [
          -17.4516749,
          14.7602999
        ]
      },
      "id": "node/7523643998"
    },
    {
      "type": "Feature",
      "properties": {
        "@id": "node/7523644000",
        "highway": "bus_stop"
      },
      "geometry": {
        "type": "Point",
        "coordinates": [
          -17.4511707,
          14.7617446
        ]
      },
      "id": "node/7523644000"
    },
    {
      "type": "Feature",
      "properties": {
        "@id": "node/7523644001",
        "highway": "bus_stop"
      },
      "geometry": {
        "type": "Point",
        "coordinates": [
          -17.4505752,
          14.7626161
        ]
      },
      "id": "node/7523644001"
    },
    {
      "type": "Feature",
      "properties": {
        "@id": "node/7533554076",
        "highway": "bus_stop"
      },
      "geometry": {
        "type": "Point",
        "coordinates": [
          -17.2345072,
          14.7571862
        ]
      },
      "id": "node/7533554076"
    },
    {
      "type": "Feature",
      "properties": {
        "@id": "node/7540669015",
        "bus": "yes",
        "highway": "bus_stop",
        "public_transport": "platform"
      },
      "geometry": {
        "type": "Point",
        "coordinates": [
          -17.3617257,
          14.7827965
        ]
      },
      "id": "node/7540669015"
    },
    {
      "type": "Feature",
      "properties": {
        "@id": "node/7540669016",
        "bus": "yes",
        "highway": "bus_stop",
        "public_transport": "platform"
      },
      "geometry": {
        "type": "Point",
        "coordinates": [
          -17.3619041,
          14.7832698
        ]
      },
      "id": "node/7540669016"
    },
    {
      "type": "Feature",
      "properties": {
        "@id": "node/7573464220",
        "highway": "bus_stop"
      },
      "geometry": {
        "type": "Point",
        "coordinates": [
          -17.2672892,
          14.7120466
        ]
      },
      "id": "node/7573464220"
    },
    {
      "type": "Feature",
      "properties": {
        "@id": "node/7573464221",
        "highway": "bus_stop"
      },
      "geometry": {
        "type": "Point",
        "coordinates": [
          -17.2674568,
          14.7123761
        ]
      },
      "id": "node/7573464221"
    },
    {
      "type": "Feature",
      "properties": {
        "@id": "node/7861622532",
        "bus": "yes",
        "highway": "bus_stop",
        "name": "Maison",
        "public_transport": "platform"
      },
      "geometry": {
        "type": "Point",
        "coordinates": [
          -17.3903462,
          14.7546145
        ]
      },
      "id": "node/7861622532"
    },
    {
      "type": "Feature",
      "properties": {
        "@id": "node/7920119833",
        "bus": "yes",
        "departures_board": "no",
        "highway": "bus_stop",
        "name": "Arrêt de bus",
        "network": "AFTU",
        "public_transport": "platform"
      },
      "geometry": {
        "type": "Point",
        "coordinates": [
          -17.4587343,
          14.7435413
        ]
      },
      "id": "node/7920119833"
    },
    {
      "type": "Feature",
      "properties": {
        "@id": "node/7920335216",
        "bus": "yes",
        "departures_board": "no",
        "highway": "bus_stop",
        "name": "Arrêt de bus Tata",
        "network": "AFTU",
        "public_transport": "platform"
      },
      "geometry": {
        "type": "Point",
        "coordinates": [
          -17.4599288,
          14.7421297
        ]
      },
      "id": "node/7920335216"
    },
    {
      "type": "Feature",
      "properties": {
        "@id": "node/7920517742",
        "bus": "yes",
        "departures_board": "no",
        "highway": "bus_stop",
        "name": "Arrêt de bus Tata",
        "network": "AFTU",
        "public_transport": "platform"
      },
      "geometry": {
        "type": "Point",
        "coordinates": [
          -17.4612062,
          14.740599
        ]
      },
      "id": "node/7920517742"
    },
    {
      "type": "Feature",
      "properties": {
        "@id": "node/7920546766",
        "bus": "yes",
        "departures_board": "no",
        "highway": "bus_stop",
        "name": "Arrêt de bus Tata",
        "network": "AFTU",
        "public_transport": "platform",
        "shelter": "no"
      },
      "geometry": {
        "type": "Point",
        "coordinates": [
          -17.4622184,
          14.7394451
        ]
      },
      "id": "node/7920546766"
    },
    {
      "type": "Feature",
      "properties": {
        "@id": "node/7920546767",
        "bus": "yes",
        "departures_board": "no",
        "highway": "bus_stop",
        "name": "Arrêt UNO",
        "network": "AFTU",
        "public_transport": "platform"
      },
      "geometry": {
        "type": "Point",
        "coordinates": [
          -17.463919,
          14.737453
        ]
      },
      "id": "node/7920546767"
    },
    {
      "type": "Feature",
      "properties": {
        "@id": "node/7920819309",
        "bus": "yes",
        "highway": "bus_stop",
        "name": "Centre Social",
        "network": "AFTU",
        "public_transport": "platform"
      },
      "geometry": {
        "type": "Point",
        "coordinates": [
          -17.4566383,
          14.7272407
        ]
      },
      "id": "node/7920819309"
    },
    {
      "type": "Feature",
      "properties": {
        "@id": "node/7920914460",
        "bus": "yes",
        "highway": "bus_stop",
        "name": "Arrêt de bus Tata",
        "public_transport": "platform"
      },
      "geometry": {
        "type": "Point",
        "coordinates": [
          -17.4578483,
          14.7220227
        ]
      },
      "id": "node/7920914460"
    },
    {
      "type": "Feature",
      "properties": {
        "@id": "node/7920914467",
        "bus": "yes",
        "departures_board": "no",
        "highway": "bus_stop",
        "name": "Arrêt de bus Tata",
        "network": "AFTU",
        "public_transport": "platform"
      },
      "geometry": {
        "type": "Point",
        "coordinates": [
          -17.456633,
          14.7182068
        ]
      },
      "id": "node/7920914467"
    },
    {
      "type": "Feature",
      "properties": {
        "@id": "node/7920914472",
        "bus": "yes",
        "highway": "bus_stop",
        "name": "Arrêt de bus Tata",
        "public_transport": "platform"
      },
      "geometry": {
        "type": "Point",
        "coordinates": [
          -17.4559678,
          14.7162612
        ]
      },
      "id": "node/7920914472"
    },
    {
      "type": "Feature",
      "properties": {
        "@id": "node/8186167918",
        "amenity": "bus_station",
        "bus": "yes",
        "name": "VDN vers malika,lac Rose",
        "public_transport": "station"
      },
      "geometry": {
        "type": "Point",
        "coordinates": [
          -17.3778357,
          14.7907172
        ]
      },
      "id": "node/8186167918"
    },
    {
      "type": "Feature",
      "properties": {
        "@id": "node/8186178617",
        "amenity": "bus_station",
        "bus": "yes",
        "name": "Route vers  nouveau VDN",
        "public_transport": "station"
      },
      "geometry": {
        "type": "Point",
        "coordinates": [
          -17.3770078,
          14.7881173
        ]
      },
      "id": "node/8186178617"
    },
    {
      "type": "Feature",
      "properties": {
        "@id": "node/8186178618",
        "amenity": "bus_station",
        "bus": "yes",
        "name": "Vers malika,lac Rose",
        "public_transport": "station"
      },
      "geometry": {
        "type": "Point",
        "coordinates": [
          -17.3775565,
          14.7908278
        ]
      },
      "id": "node/8186178618"
    },
    {
      "type": "Feature",
      "properties": {
        "@id": "node/8186178619",
        "amenity": "bus_station",
        "bus": "yes",
        "name": "Rond point nouveau VDN vers malika",
        "public_transport": "station"
      },
      "geometry": {
        "type": "Point",
        "coordinates": [
          -17.3780152,
          14.7906733
        ]
      },
      "id": "node/8186178619"
    },
    {
      "type": "Feature",
      "properties": {
        "@id": "node/8231182164",
        "name": "Dakar",
        "operator": "SETER",
        "public_transport": "stop_position",
        "railway": "stop",
        "train": "yes"
      },
      "geometry": {
        "type": "Point",
        "coordinates": [
          -17.4338252,
          14.6767288
        ]
      },
      "id": "node/8231182164"
    },
    {
      "type": "Feature",
      "properties": {
        "@id": "node/8250926519",
        "amenity": "bus_station",
        "bus": "yes",
        "name": "Sortie vers autoroute , vers Arena stadium",
        "public_transport": "station"
      },
      "geometry": {
        "type": "Point",
        "coordinates": [
          -17.3974546,
          14.7665786
        ]
      },
      "id": "node/8250926519"
    },
    {
      "type": "Feature",
      "properties": {
        "@id": "node/8250926620",
        "bus": "yes",
        "highway": "bus_stop",
        "name": "Arrêt Dial MBAYE",
        "public_transport": "platform",
        "wheelchair": "limited"
      },
      "geometry": {
        "type": "Point",
        "coordinates": [
          -17.3941974,
          14.7765363
        ]
      },
      "id": "node/8250926620"
    },
    {
      "type": "Feature",
      "properties": {
        "@id": "node/8250926621",
        "bus": "yes",
        "highway": "bus_stop",
        "name": "Niari boulangerie",
        "public_transport": "platform"
      },
      "geometry": {
        "type": "Point",
        "coordinates": [
          -17.3929582,
          14.7774538
        ]
      },
      "id": "node/8250926621"
    },
    {
      "type": "Feature",
      "properties": {
        "@id": "node/8541234823",
        "bus": "yes",
        "highway": "bus_stop",
        "name": "Phare Shuttle Parking",
        "public_transport": "platform"
      },
      "geometry": {
        "type": "Point",
        "coordinates": [
          -17.4998261,
          14.7231584
        ]
      },
      "id": "node/8541234823"
    },
    {
      "type": "Feature",
      "properties": {
        "@id": "node/8541234824",
        "bus": "yes",
        "name": "Phare Shuttle Parking",
        "public_transport": "stop_position"
      },
      "geometry": {
        "type": "Point",
        "coordinates": [
          -17.4998702,
          14.723153
        ]
      },
      "id": "node/8541234824"
    },
    {
      "type": "Feature",
      "properties": {
        "@id": "node/9106121218",
        "bus": "yes",
        "highway": "bus_stop",
        "public_transport": "platform"
      },
      "geometry": {
        "type": "Point",
        "coordinates": [
          -17.4581098,
          14.7227606
        ]
      },
      "id": "node/9106121218"
    },
    {
      "type": "Feature",
      "properties": {
        "@id": "node/9373876174",
        "local_ref": "2",
        "name": "Diamniadio",
        "public_transport": "stop_position",
        "railway": "stop",
        "train": "yes"
      },
      "geometry": {
        "type": "Point",
        "coordinates": [
          -17.1985873,
          14.7161925
        ]
      },
      "id": "node/9373876174"
    },
    {
      "type": "Feature",
      "properties": {
        "@id": "node/9373876175",
        "local_ref": "3",
        "name": "Diamniadio",
        "public_transport": "stop_position",
        "railway": "stop",
        "train": "yes"
      },
      "geometry": {
        "type": "Point",
        "coordinates": [
          -17.1985641,
          14.716172
        ]
      },
      "id": "node/9373876175"
    },
    {
      "type": "Feature",
      "properties": {
        "@id": "node/9373876176",
        "local_ref": "6",
        "name": "Diamniadio",
        "public_transport": "stop_position",
        "railway": "stop",
        "train": "yes"
      },
      "geometry": {
        "type": "Point",
        "coordinates": [
          -17.1983652,
          14.715955
        ]
      },
      "id": "node/9373876176"
    },
    {
      "type": "Feature",
      "properties": {
        "@id": "node/9373876177",
        "local_ref": "4",
        "name": "Diamniadio",
        "public_transport": "stop_position",
        "railway": "stop",
        "train": "yes"
      },
      "geometry": {
        "type": "Point",
        "coordinates": [
          -17.1984643,
          14.7160816
        ]
      },
      "id": "node/9373876177"
    },
    {
      "type": "Feature",
      "properties": {
        "@id": "node/9373876178",
        "local_ref": "1",
        "name": "Diamniadio",
        "public_transport": "stop_position",
        "railway": "stop",
        "train": "yes"
      },
      "geometry": {
        "type": "Point",
        "coordinates": [
          -17.1984391,
          14.7160563
        ]
      },
      "id": "node/9373876178"
    },
    {
      "type": "Feature",
      "properties": {
        "@id": "node/9373876213",
        "name": "Bargny",
        "public_transport": "stop_position",
        "railway": "stop",
        "train": "yes"
      },
      "geometry": {
        "type": "Point",
        "coordinates": [
          -17.2291662,
          14.6981788
        ]
      },
      "id": "node/9373876213"
    },
    {
      "type": "Feature",
      "properties": {
        "@id": "node/9373876214",
        "name": "Bargny",
        "public_transport": "stop_position",
        "railway": "stop",
        "train": "yes"
      },
      "geometry": {
        "type": "Point",
        "coordinates": [
          -17.229178,
          14.698208
        ]
      },
      "id": "node/9373876214"
    },
    {
      "type": "Feature",
      "properties": {
        "@id": "node/9373889150",
        "name": "Rufisque",
        "public_transport": "stop_position",
        "railway": "stop",
        "train": "yes"
      },
      "geometry": {
        "type": "Point",
        "coordinates": [
          -17.2700341,
          14.7159978
        ]
      },
      "id": "node/9373889150"
    },
    {
      "type": "Feature",
      "properties": {
        "@id": "node/9373889151",
        "name": "Rufisque",
        "public_transport": "stop_position",
        "railway": "stop",
        "train": "yes"
      },
      "geometry": {
        "type": "Point",
        "coordinates": [
          -17.2700466,
          14.7159589
        ]
      },
      "id": "node/9373889151"
    },
    {
      "type": "Feature",
      "properties": {
        "@id": "node/9373889158",
        "name": "PNR",
        "operator": "SETER",
        "public_transport": "stop_position",
        "railway": "stop",
        "train": "yes"
      },
      "geometry": {
        "type": "Point",
        "coordinates": [
          -17.2839725,
          14.7232033
        ]
      },
      "id": "node/9373889158"
    },
    {
      "type": "Feature",
      "properties": {
        "@id": "node/9373889159",
        "name": "PNR",
        "operator": "SETER",
        "public_transport": "stop_position",
        "railway": "stop",
        "train": "yes"
      },
      "geometry": {
        "type": "Point",
        "coordinates": [
          -17.2839872,
          14.7231821
        ]
      },
      "id": "node/9373889159"
    },
    {
      "type": "Feature",
      "properties": {
        "@id": "node/9373889160",
        "name": "Mbao",
        "operator": "SETER",
        "public_transport": "stop_position",
        "railway": "stop",
        "train": "yes"
      },
      "geometry": {
        "type": "Point",
        "coordinates": [
          -17.3136734,
          14.7438683
        ]
      },
      "id": "node/9373889160"
    },
    {
      "type": "Feature",
      "properties": {
        "@id": "node/9373889161",
        "name": "Mbao",
        "operator": "SETER",
        "public_transport": "stop_position",
        "railway": "stop",
        "train": "yes"
      },
      "geometry": {
        "type": "Point",
        "coordinates": [
          -17.3137098,
          14.7438433
        ]
      },
      "id": "node/9373889161"
    },
    {
      "type": "Feature",
      "properties": {
        "@id": "node/9373889175",
        "name": "Yeumbeul",
        "public_transport": "stop_position",
        "railway": "stop",
        "train": "yes"
      },
      "geometry": {
        "type": "Point",
        "coordinates": [
          -17.3565291,
          14.7648945
        ]
      },
      "id": "node/9373889175"
    },
    {
      "type": "Feature",
      "properties": {
        "@id": "node/9373889176",
        "name": "Yeumbeul",
        "public_transport": "stop_position",
        "railway": "stop",
        "train": "yes"
      },
      "geometry": {
        "type": "Point",
        "coordinates": [
          -17.3565349,
          14.7649303
        ]
      },
      "id": "node/9373889176"
    },
    {
      "type": "Feature",
      "properties": {
        "@id": "node/9373889191",
        "name": "Thiaroye",
        "operator": "SETER",
        "public_transport": "stop_position",
        "railway": "stop",
        "train": "yes"
      },
      "geometry": {
        "type": "Point",
        "coordinates": [
          -17.3802603,
          14.7587693
        ]
      },
      "id": "node/9373889191"
    },
    {
      "type": "Feature",
      "properties": {
        "@id": "node/9373889192",
        "name": "Thiaroye",
        "operator": "SETER",
        "public_transport": "stop_position",
        "railway": "stop",
        "train": "yes"
      },
      "geometry": {
        "type": "Point",
        "coordinates": [
          -17.3802747,
          14.7588011
        ]
      },
      "id": "node/9373889192"
    },
    {
      "type": "Feature",
      "properties": {
        "@id": "node/9373889193",
        "name": "Pikine",
        "operator": "SETER",
        "public_transport": "stop_position",
        "railway": "stop",
        "train": "yes"
      },
      "geometry": {
        "type": "Point",
        "coordinates": [
          -17.3916261,
          14.7499118
        ]
      },
      "id": "node/9373889193"
    },
    {
      "type": "Feature",
      "properties": {
        "@id": "node/9373889194",
        "name": "Pikine",
        "operator": "SETER",
        "public_transport": "stop_position",
        "railway": "stop",
        "train": "yes"
      },
      "geometry": {
        "type": "Point",
        "coordinates": [
          -17.3916562,
          14.7499337
        ]
      },
      "id": "node/9373889194"
    },
    {
      "type": "Feature",
      "properties": {
        "@id": "node/9373889211",
        "name": "Colobane",
        "operator": "SETER",
        "public_transport": "stop_position",
        "railway": "stop",
        "train": "yes"
      },
      "geometry": {
        "type": "Point",
        "coordinates": [
          -17.441666,
          14.7004304
        ]
      },
      "id": "node/9373889211"
    },
    {
      "type": "Feature",
      "properties": {
        "@id": "node/9373889212",
        "name": "Colobane",
        "operator": "SETER",
        "public_transport": "stop_position",
        "railway": "stop",
        "train": "yes"
      },
      "geometry": {
        "type": "Point",
        "coordinates": [
          -17.4416258,
          14.7004341
        ]
      },
      "id": "node/9373889212"
    },
    {
      "type": "Feature",
      "properties": {
        "@id": "node/9373889213",
        "name": "Hann",
        "operator": "SETER",
        "public_transport": "stop_position",
        "railway": "stop",
        "train": "yes"
      },
      "geometry": {
        "type": "Point",
        "coordinates": [
          -17.432012,
          14.7221767
        ]
      },
      "id": "node/9373889213"
    },
    {
      "type": "Feature",
      "properties": {
        "@id": "node/9373889214",
        "name": "Hann",
        "operator": "SETER",
        "public_transport": "stop_position",
        "railway": "stop",
        "train": "yes"
      },
      "geometry": {
        "type": "Point",
        "coordinates": [
          -17.4320464,
          14.7221865
        ]
      },
      "id": "node/9373889214"
    },
    {
      "type": "Feature",
      "properties": {
        "@id": "node/9373889215",
        "name": "Dalifort",
        "operator": "SETER",
        "public_transport": "stop_position",
        "railway": "stop",
        "train": "yes"
      },
      "geometry": {
        "type": "Point",
        "coordinates": [
          -17.4189499,
          14.7342554
        ]
      },
      "id": "node/9373889215"
    },
    {
      "type": "Feature",
      "properties": {
        "@id": "node/9373889216",
        "name": "Dalifort",
        "operator": "SETER",
        "public_transport": "stop_position",
        "railway": "stop",
        "train": "yes"
      },
      "geometry": {
        "type": "Point",
        "coordinates": [
          -17.418949,
          14.7343013
        ]
      },
      "id": "node/9373889216"
    },
    {
      "type": "Feature",
      "properties": {
        "@id": "node/9373889217",
        "name": "Baux Maraîchers",
        "public_transport": "stop_position",
        "railway": "stop",
        "train": "yes"
      },
      "geometry": {
        "type": "Point",
        "coordinates": [
          -17.4035251,
          14.7397146
        ]
      },
      "id": "node/9373889217"
    },
    {
      "type": "Feature",
      "properties": {
        "@id": "node/9373889218",
        "name": "Baux Maraîchers",
        "public_transport": "stop_position",
        "railway": "stop",
        "train": "yes"
      },
      "geometry": {
        "type": "Point",
        "coordinates": [
          -17.4035318,
          14.7397455
        ]
      },
      "id": "node/9373889218"
    },
    {
      "type": "Feature",
      "properties": {
        "@id": "node/9373889219",
        "name": "Dakar",
        "operator": "SETER",
        "public_transport": "stop_position",
        "railway": "stop",
        "train": "yes"
      },
      "geometry": {
        "type": "Point",
        "coordinates": [
          -17.4337399,
          14.6767677
        ]
      },
      "id": "node/9373889219"
    },
    {
      "type": "Feature",
      "properties": {
        "@id": "node/9373889220",
        "name": "Dakar",
        "operator": "SETER",
        "public_transport": "stop_position",
        "railway": "stop",
        "train": "yes"
      },
      "geometry": {
        "type": "Point",
        "coordinates": [
          -17.4339516,
          14.6766635
        ]
      },
      "id": "node/9373889220"
    },
    {
      "type": "Feature",
      "properties": {
        "@id": "node/9373889221",
        "name": "Dakar",
        "operator": "SETER",
        "public_transport": "stop_position",
        "railway": "stop",
        "train": "yes"
      },
      "geometry": {
        "type": "Point",
        "coordinates": [
          -17.4338608,
          14.6767105
        ]
      },
      "id": "node/9373889221"
    },
    {
      "type": "Feature",
      "properties": {
        "@id": "node/9562676804",
        "addr:street": "arrêt bus (217-218) DD",
        "bench": "yes",
        "bus": "yes",
        "highway": "bus_stop",
        "name": "Arrêt autobus 217 et 218Dakar Dem Dikk",
        "public_transport": "platform",
        "shelter": "yes"
      },
      "geometry": {
        "type": "Point",
        "coordinates": [
          -17.5086293,
          14.7347544
        ]
      },
      "id": "node/9562676804"
    },
    {
      "type": "Feature",
      "properties": {
        "@id": "node/9562760564",
        "addr:street": "Route des Mamelles",
        "name": "Arrêt de bus DDD",
        "public_transport": "station"
      },
      "geometry": {
        "type": "Point",
        "coordinates": [
          -17.5087376,
          14.7352357
        ]
      },
      "id": "node/9562760564"
    },
    {
      "type": "Feature",
      "properties": {
        "@id": "node/9692069008",
        "highway": "bus_stop"
      },
      "geometry": {
        "type": "Point",
        "coordinates": [
          -17.2355734,
          14.7712983
        ]
      },
      "id": "node/9692069008"
    },
    {
      "type": "Feature",
      "properties": {
        "@id": "node/9692069652",
        "highway": "bus_stop"
      },
      "geometry": {
        "type": "Point",
        "coordinates": [
          -17.2376312,
          14.750953
        ]
      },
      "id": "node/9692069652"
    },
    {
      "type": "Feature",
      "properties": {
        "@id": "node/9708802743",
        "amenity": "ferry_terminal",
        "check_date": "2024-09-18",
        "ferry": "yes",
        "public_transport": "station"
      },
      "geometry": {
        "type": "Point",
        "coordinates": [
          -17.513764,
          14.7549929
        ]
      },
      "id": "node/9708802743"
    },
    {
      "type": "Feature",
      "properties": {
        "@id": "node/10245379100",
        "name": "Dakar",
        "operator": "SETER",
        "public_transport": "station",
        "railway": "station",
        "train": "yes",
        "wheelchair": "yes"
      },
      "geometry": {
        "type": "Point",
        "coordinates": [
          -17.4338612,
          14.6765855
        ]
      },
      "id": "node/10245379100"
    },
    {
      "type": "Feature",
      "properties": {
        "@id": "node/10245379101",
        "name": "Dakar",
        "operator": "Dakar-Bamako-Ferroviaire",
        "public_transport": "stop_position",
        "railway": "stop",
        "train": "yes"
      },
      "geometry": {
        "type": "Point",
        "coordinates": [
          -17.4336604,
          14.6767953
        ]
      },
      "id": "node/10245379101"
    },
    {
      "type": "Feature",
      "properties": {
        "@id": "node/10245681535",
        "name": "Colobane",
        "operator": "SETER",
        "public_transport": "station",
        "railway": "station",
        "train": "yes",
        "wheelchair": "yes"
      },
      "geometry": {
        "type": "Point",
        "coordinates": [
          -17.4416523,
          14.7003482
        ]
      },
      "id": "node/10245681535"
    },
    {
      "type": "Feature",
      "properties": {
        "@id": "node/10245681651",
        "name": "Hann",
        "operator": "SETER",
        "public_transport": "station",
        "railway": "station",
        "train": "yes",
        "wheelchair": "yes"
      },
      "geometry": {
        "type": "Point",
        "coordinates": [
          -17.4320723,
          14.7220913
        ]
      },
      "id": "node/10245681651"
    },
    {
      "type": "Feature",
      "properties": {
        "@id": "node/10245681696",
        "name": "Dalifort",
        "operator": "SETER",
        "public_transport": "station",
        "railway": "station",
        "train": "yes",
        "wheelchair": "yes"
      },
      "geometry": {
        "type": "Point",
        "coordinates": [
          -17.4189983,
          14.7342483
        ]
      },
      "id": "node/10245681696"
    },
    {
      "type": "Feature",
      "properties": {
        "@id": "node/10245681715",
        "name": "Baux Maraîchers",
        "operator": "SETER",
        "public_transport": "station",
        "railway": "station",
        "train": "yes",
        "wheelchair": "yes"
      },
      "geometry": {
        "type": "Point",
        "coordinates": [
          -17.4036081,
          14.7397124
        ]
      },
      "id": "node/10245681715"
    },
    {
      "type": "Feature",
      "properties": {
        "@id": "node/10245736447",
        "name": "Pikine",
        "operator": "SETER",
        "public_transport": "station",
        "railway": "station",
        "train": "yes",
        "wheelchair": "yes"
      },
      "geometry": {
        "type": "Point",
        "coordinates": [
          -17.3916937,
          14.7498644
        ]
      },
      "id": "node/10245736447"
    },
    {
      "type": "Feature",
      "properties": {
        "@id": "node/10245736478",
        "name": "Pikine",
        "operator": "SETER",
        "public_transport": "stop_position",
        "railway": "stop",
        "train": "yes"
      },
      "geometry": {
        "type": "Point",
        "coordinates": [
          -17.3915666,
          14.7498506
        ]
      },
      "id": "node/10245736478"
    },
    {
      "type": "Feature",
      "properties": {
        "@id": "node/10245736479",
        "name": "Thiaroye",
        "operator": "SETER",
        "public_transport": "station",
        "railway": "station",
        "train": "yes",
        "wheelchair": "yes"
      },
      "geometry": {
        "type": "Point",
        "coordinates": [
          -17.3802989,
          14.758771
        ]
      },
      "id": "node/10245736479"
    },
    {
      "type": "Feature",
      "properties": {
        "@id": "node/10245736480",
        "name": "Thiaroye",
        "operator": "SETER",
        "public_transport": "stop_position",
        "railway": "stop",
        "train": "yes"
      },
      "geometry": {
        "type": "Point",
        "coordinates": [
          -17.380225,
          14.7586895
        ]
      },
      "id": "node/10245736480"
    },
    {
      "type": "Feature",
      "properties": {
        "@id": "node/10245772241",
        "name": "Yeumbeul",
        "operator": "SETER",
        "public_transport": "station",
        "railway": "station",
        "train": "yes",
        "wheelchair": "yes"
      },
      "geometry": {
        "type": "Point",
        "coordinates": [
          -17.3565049,
          14.764913
        ]
      },
      "id": "node/10245772241"
    },
    {
      "type": "Feature",
      "properties": {
        "@id": "node/10245772271",
        "name": "Mbao",
        "operator": "SETER",
        "public_transport": "station",
        "railway": "station",
        "train": "yes",
        "wheelchair": "yes"
      },
      "geometry": {
        "type": "Point",
        "coordinates": [
          -17.3138934,
          14.744079
        ]
      },
      "id": "node/10245772271"
    },
    {
      "type": "Feature",
      "properties": {
        "@id": "node/10245772285",
        "name": "PNR",
        "operator": "SETER",
        "public_transport": "station",
        "railway": "station",
        "train": "yes",
        "wheelchair": "yes"
      },
      "geometry": {
        "type": "Point",
        "coordinates": [
          -17.2839425,
          14.7231692
        ]
      },
      "id": "node/10245772285"
    },
    {
      "type": "Feature",
      "properties": {
        "@id": "node/10245772297",
        "name": "Rufisque",
        "operator": "SETER",
        "public_transport": "station",
        "railway": "station",
        "train": "yes",
        "wheelchair": "yes"
      },
      "geometry": {
        "type": "Point",
        "coordinates": [
          -17.2699985,
          14.7159649
        ]
      },
      "id": "node/10245772297"
    },
    {
      "type": "Feature",
      "properties": {
        "@id": "node/10245849870",
        "name": "Bargny",
        "operator": "SETER",
        "public_transport": "station",
        "railway": "station",
        "train": "yes",
        "wheelchair": "yes"
      },
      "geometry": {
        "type": "Point",
        "coordinates": [
          -17.2292043,
          14.6981798
        ]
      },
      "id": "node/10245849870"
    },
    {
      "type": "Feature",
      "properties": {
        "@id": "node/10245849871",
        "name": "Diamniadio",
        "operator": "SETER",
        "public_transport": "station",
        "railway": "station",
        "train": "yes",
        "wheelchair": "yes"
      },
      "geometry": {
        "type": "Point",
        "coordinates": [
          -17.1984512,
          14.7160641
        ]
      },
      "id": "node/10245849871"
    },
    {
      "type": "Feature",
      "properties": {
        "@id": "node/10245858076",
        "local_ref": "6",
        "name": "Diamniadio",
        "public_transport": "stop_position",
        "railway": "stop",
        "train": "yes"
      },
      "geometry": {
        "type": "Point",
        "coordinates": [
          -17.1982922,
          14.7158693
        ]
      },
      "id": "node/10245858076"
    },
    {
      "type": "Feature",
      "properties": {
        "@id": "node/11007072734",
        "bus": "yes",
        "highway": "bus_stop",
        "name": "Préfecture de Guédiawaye",
        "network": "SunuBRT",
        "public_transport": "platform"
      },
      "geometry": {
        "type": "Point",
        "coordinates": [
          -17.3875895,
          14.7724172
        ]
      },
      "id": "node/11007072734"
    },
    {
      "type": "Feature",
      "properties": {
        "@id": "node/11007098450",
        "bus": "yes",
        "name": "Gueule Tapée",
        "network": "SunuBRT",
        "public_transport": "stop_position"
      },
      "geometry": {
        "type": "Point",
        "coordinates": [
          -17.392881,
          14.7760159
        ]
      },
      "id": "node/11007098450"
    },
    {
      "type": "Feature",
      "properties": {
        "@id": "node/11007100151",
        "bus": "yes",
        "highway": "bus_stop",
        "name": "Gueule Tapée",
        "network": "SunuBRT",
        "public_transport": "platform"
      },
      "geometry": {
        "type": "Point",
        "coordinates": [
          -17.3928635,
          14.7760414
        ]
      },
      "id": "node/11007100151"
    },
    {
      "type": "Feature",
      "properties": {
        "@id": "node/11544739863",
        "bus": "yes",
        "highway": "bus_stop",
        "name": "35",
        "public_transport": "platform"
      },
      "geometry": {
        "type": "Point",
        "coordinates": [
          -17.468856,
          14.7546646
        ]
      },
      "id": "node/11544739863"
    },
    {
      "type": "Feature",
      "properties": {
        "@id": "node/11544801579",
        "bus": "yes",
        "highway": "bus_stop",
        "name": "35",
        "public_transport": "platform"
      },
      "geometry": {
        "type": "Point",
        "coordinates": [
          -17.5091223,
          14.7371068
        ]
      },
      "id": "node/11544801579"
    },
    {
      "type": "Feature",
      "properties": {
        "@id": "node/11544808946",
        "amenity": "bus_station",
        "bus": "yes",
        "name": "Terminus de bus 35",
        "public_transport": "station"
      },
      "geometry": {
        "type": "Point",
        "coordinates": [
          -17.5184868,
          14.741495
        ]
      },
      "id": "node/11544808946"
    },
    {
      "type": "Feature",
      "properties": {
        "@id": "node/11544819776",
        "bus": "yes",
        "highway": "bus_stop",
        "name": "35",
        "public_transport": "platform"
      },
      "geometry": {
        "type": "Point",
        "coordinates": [
          -17.5114247,
          14.7440435
        ]
      },
      "id": "node/11544819776"
    },
    {
      "type": "Feature",
      "properties": {
        "@id": "node/11544819777",
        "highway": "bus_stop",
        "name": "35"
      },
      "geometry": {
        "type": "Point",
        "coordinates": [
          -17.4937311,
          14.7528476
        ]
      },
      "id": "node/11544819777"
    },
    {
      "type": "Feature",
      "properties": {
        "@id": "node/11738664082",
        "bus": "yes",
        "name": "Grand Médine",
        "network": "SunuBRT",
        "public_transport": "stop_position"
      },
      "geometry": {
        "type": "Point",
        "coordinates": [
          -17.4448858,
          14.7474404
        ]
      },
      "id": "node/11738664082"
    },
    {
      "type": "Feature",
      "properties": {
        "@id": "node/11738664176",
        "bus": "yes",
        "name": "Scat Urbam",
        "network": "SunuBRT",
        "public_transport": "stop_position"
      },
      "geometry": {
        "type": "Point",
        "coordinates": [
          -17.4552396,
          14.7369859
        ]
      },
      "id": "node/11738664176"
    },
    {
      "type": "Feature",
      "properties": {
        "@id": "node/11738664241",
        "bus": "yes",
        "name": "Khar Yalla",
        "network": "SunuBRT",
        "public_transport": "stop_position"
      },
      "geometry": {
        "type": "Point",
        "coordinates": [
          -17.4564326,
          14.7320392
        ]
      },
      "id": "node/11738664241"
    },
    {
      "type": "Feature",
      "properties": {
        "@id": "node/11738664247",
        "bus": "yes",
        "name": "Khar Yalla",
        "network": "SunuBRT",
        "public_transport": "stop_position"
      },
      "geometry": {
        "type": "Point",
        "coordinates": [
          -17.4565994,
          14.7312788
        ]
      },
      "id": "node/11738664247"
    },
    {
      "type": "Feature",
      "properties": {
        "@id": "node/11739848216",
        "bus": "yes",
        "highway": "bus_stop",
        "name": "Croisement 22",
        "network": "SunuBRT",
        "public_transport": "platform"
      },
      "geometry": {
        "type": "Point",
        "coordinates": [
          -17.4340762,
          14.7534168
        ]
      },
      "id": "node/11739848216"
    },
    {
      "type": "Feature",
      "properties": {
        "@id": "node/11739848217",
        "bus": "yes",
        "name": "Croisement 22",
        "network": "SunuBRT",
        "public_transport": "stop_position"
      },
      "geometry": {
        "type": "Point",
        "coordinates": [
          -17.4332535,
          14.7539779
        ]
      },
      "id": "node/11739848217"
    },
    {
      "type": "Feature",
      "properties": {
        "@id": "node/11739848218",
        "bus": "yes",
        "name": "Croisement 22",
        "network": "SunuBRT",
        "public_transport": "stop_position"
      },
      "geometry": {
        "type": "Point",
        "coordinates": [
          -17.4340601,
          14.7533929
        ]
      },
      "id": "node/11739848218"
    },
    {
      "type": "Feature",
      "properties": {
        "@id": "node/11739848231",
        "bus": "yes",
        "highway": "bus_stop",
        "name": "Police des Parcelles",
        "network": "SunuBRT",
        "public_transport": "platform"
      },
      "geometry": {
        "type": "Point",
        "coordinates": [
          -17.4396325,
          14.7507412
        ]
      },
      "id": "node/11739848231"
    },
    {
      "type": "Feature",
      "properties": {
        "@id": "node/11739848232",
        "bus": "yes",
        "name": "Police des Parcelles",
        "network": "SunuBRT",
        "public_transport": "stop_position"
      },
      "geometry": {
        "type": "Point",
        "coordinates": [
          -17.4396266,
          14.7507157
        ]
      },
      "id": "node/11739848232"
    },
    {
      "type": "Feature",
      "properties": {
        "@id": "node/11739848233",
        "bus": "yes",
        "name": "Police des Parcelles",
        "network": "SunuBRT",
        "public_transport": "stop_position"
      },
      "geometry": {
        "type": "Point",
        "coordinates": [
          -17.4387907,
          14.751076
        ]
      },
      "id": "node/11739848233"
    },
    {
      "type": "Feature",
      "properties": {
        "@id": "node/11739848234",
        "bus": "yes",
        "name": "Grand Médine",
        "network": "SunuBRT",
        "public_transport": "stop_position"
      },
      "geometry": {
        "type": "Point",
        "coordinates": [
          -17.4444326,
          14.7481903
        ]
      },
      "id": "node/11739848234"
    },
    {
      "type": "Feature",
      "properties": {
        "@id": "node/11739848235",
        "bus": "yes",
        "highway": "bus_stop",
        "name": "Grand Médine",
        "network": "SunuBRT",
        "public_transport": "platform"
      },
      "geometry": {
        "type": "Point",
        "coordinates": [
          -17.4449138,
          14.747457
        ]
      },
      "id": "node/11739848235"
    },
    {
      "type": "Feature",
      "properties": {
        "@id": "node/11739848236",
        "bus": "yes",
        "highway": "bus_stop",
        "name": "Cardinal Hyancinthe Thiandoum",
        "network": "SunuBRT",
        "public_transport": "platform"
      },
      "geometry": {
        "type": "Point",
        "coordinates": [
          -17.4520102,
          14.7410251
        ]
      },
      "id": "node/11739848236"
    },
    {
      "type": "Feature",
      "properties": {
        "@id": "node/11739848237",
        "bus": "yes",
        "name": "Cardinal Hyancinthe Thiandoum",
        "network": "SunuBRT",
        "public_transport": "stop_position"
      },
      "geometry": {
        "type": "Point",
        "coordinates": [
          -17.451336,
          14.7415853
        ]
      },
      "id": "node/11739848237"
    },
    {
      "type": "Feature",
      "properties": {
        "@id": "node/11739848238",
        "bus": "yes",
        "name": "Cardinal Hyancinthe Thiandoum",
        "network": "SunuBRT",
        "public_transport": "stop_position"
      },
      "geometry": {
        "type": "Point",
        "coordinates": [
          -17.451993,
          14.7410097
        ]
      },
      "id": "node/11739848238"
    },
    {
      "type": "Feature",
      "properties": {
        "@id": "node/11739850111",
        "bus": "yes",
        "name": "Ndingala",
        "network": "SunuBRT",
        "public_transport": "stop_position"
      },
      "geometry": {
        "type": "Point",
        "coordinates": [
          -17.4204982,
          14.7643125
        ]
      },
      "id": "node/11739850111"
    },
    {
      "type": "Feature",
      "properties": {
        "@id": "node/11739850112",
        "bus": "yes",
        "name": "Ndingala",
        "network": "SunuBRT",
        "public_transport": "stop_position"
      },
      "geometry": {
        "type": "Point",
        "coordinates": [
          -17.4196781,
          14.7646271
        ]
      },
      "id": "node/11739850112"
    },
    {
      "type": "Feature",
      "properties": {
        "@id": "node/11739850113",
        "bus": "yes",
        "highway": "bus_stop",
        "name": "Ndingala",
        "network": "SunuBRT",
        "public_transport": "platform"
      },
      "geometry": {
        "type": "Point",
        "coordinates": [
          -17.4205101,
          14.7643499
        ]
      },
      "id": "node/11739850113"
    },
    {
      "type": "Feature",
      "properties": {
        "@id": "node/11739850114",
        "bus": "yes",
        "highway": "bus_stop",
        "name": "Golf Sud",
        "network": "SunuBRT",
        "public_transport": "platform"
      },
      "geometry": {
        "type": "Point",
        "coordinates": [
          -17.4141453,
          14.7670505
        ]
      },
      "id": "node/11739850114"
    },
    {
      "type": "Feature",
      "properties": {
        "@id": "node/11739850115",
        "bus": "yes",
        "name": "Golf Sud",
        "network": "SunuBRT",
        "public_transport": "stop_position"
      },
      "geometry": {
        "type": "Point",
        "coordinates": [
          -17.4134425,
          14.7675735
        ]
      },
      "id": "node/11739850115"
    },
    {
      "type": "Feature",
      "properties": {
        "@id": "node/11739850116",
        "bus": "yes",
        "name": "Golf Sud",
        "network": "SunuBRT",
        "public_transport": "stop_position"
      },
      "geometry": {
        "type": "Point",
        "coordinates": [
          -17.4141275,
          14.7670179
        ]
      },
      "id": "node/11739850116"
    },
    {
      "type": "Feature",
      "properties": {
        "@id": "node/11739850117",
        "bus": "yes",
        "name": "Dalal Jamm",
        "network": "SunuBRT",
        "public_transport": "stop_position"
      },
      "geometry": {
        "type": "Point",
        "coordinates": [
          -17.4084957,
          14.7711987
        ]
      },
      "id": "node/11739850117"
    },
    {
      "type": "Feature",
      "properties": {
        "@id": "node/11739850118",
        "bus": "yes",
        "name": "Dalal Jamm",
        "network": "SunuBRT",
        "public_transport": "stop_position"
      },
      "geometry": {
        "type": "Point",
        "coordinates": [
          -17.408201,
          14.7719783
        ]
      },
      "id": "node/11739850118"
    },
    {
      "type": "Feature",
      "properties": {
        "@id": "node/11739850119",
        "bus": "yes",
        "highway": "bus_stop",
        "name": "Dalal Jamm",
        "network": "SunuBRT",
        "public_transport": "platform"
      },
      "geometry": {
        "type": "Point",
        "coordinates": [
          -17.408521,
          14.7712059
        ]
      },
      "id": "node/11739850119"
    },
    {
      "type": "Feature",
      "properties": {
        "@id": "node/11739850120",
        "bus": "yes",
        "name": "Fith Mith",
        "network": "SunuBRT",
        "public_transport": "stop_position"
      },
      "geometry": {
        "type": "Point",
        "coordinates": [
          -17.406401,
          14.7752259
        ]
      },
      "id": "node/11739850120"
    },
    {
      "type": "Feature",
      "properties": {
        "@id": "node/11739850121",
        "bus": "yes",
        "name": "Fith Mith",
        "network": "SunuBRT",
        "public_transport": "stop_position"
      },
      "geometry": {
        "type": "Point",
        "coordinates": [
          -17.4055188,
          14.775328
        ]
      },
      "id": "node/11739850121"
    },
    {
      "type": "Feature",
      "properties": {
        "@id": "node/11739850122",
        "bus": "yes",
        "highway": "bus_stop",
        "name": "Fith Mith",
        "network": "SunuBRT",
        "public_transport": "platform"
      },
      "geometry": {
        "type": "Point",
        "coordinates": [
          -17.4064021,
          14.7752644
        ]
      },
      "id": "node/11739850122"
    },
    {
      "type": "Feature",
      "properties": {
        "@id": "node/11739850123",
        "bus": "yes",
        "highway": "bus_stop",
        "name": "Golf Nord",
        "network": "SunuBRT",
        "public_transport": "platform"
      },
      "geometry": {
        "type": "Point",
        "coordinates": [
          -17.3992276,
          14.7761241
        ]
      },
      "id": "node/11739850123"
    },
    {
      "type": "Feature",
      "properties": {
        "@id": "node/11739850124",
        "bus": "yes",
        "name": "Golf Nord",
        "network": "SunuBRT",
        "public_transport": "stop_position"
      },
      "geometry": {
        "type": "Point",
        "coordinates": [
          -17.399223,
          14.7760856
        ]
      },
      "id": "node/11739850124"
    },
    {
      "type": "Feature",
      "properties": {
        "@id": "node/11739850125",
        "bus": "yes",
        "name": "Golf Nord",
        "network": "SunuBRT",
        "public_transport": "stop_position"
      },
      "geometry": {
        "type": "Point",
        "coordinates": [
          -17.3984054,
          14.7763179
        ]
      },
      "id": "node/11739850125"
    },
    {
      "type": "Feature",
      "properties": {
        "@id": "node/11739850126",
        "bus": "yes",
        "name": "Gueule Tapée",
        "network": "SunuBRT",
        "public_transport": "stop_position"
      },
      "geometry": {
        "type": "Point",
        "coordinates": [
          -17.3921489,
          14.7756271
        ]
      },
      "id": "node/11739850126"
    },
    {
      "type": "Feature",
      "properties": {
        "@id": "node/11739850128",
        "bus": "yes",
        "name": "Préfecture de Guédiawaye",
        "network": "SunuBRT",
        "public_transport": "stop_position"
      },
      "geometry": {
        "type": "Point",
        "coordinates": [
          -17.3876291,
          14.772367
        ]
      },
      "id": "node/11739850128"
    },
    {
      "type": "Feature",
      "properties": {
        "@id": "node/11739850129",
        "bus": "yes",
        "name": "Préfecture de Guédiawaye",
        "network": "SunuBRT",
        "public_transport": "stop_position"
      },
      "geometry": {
        "type": "Point",
        "coordinates": [
          -17.3868591,
          14.7719791
        ]
      },
      "id": "node/11739850129"
    },
    {
      "type": "Feature",
      "properties": {
        "@id": "node/11739850195",
        "bus": "yes",
        "highway": "bus_stop",
        "name": "Parcelles",
        "network": "SunuBRT",
        "public_transport": "platform"
      },
      "geometry": {
        "type": "Point",
        "coordinates": [
          -17.425006,
          14.7621721
        ]
      },
      "id": "node/11739850195"
    },
    {
      "type": "Feature",
      "properties": {
        "@id": "node/11739850196",
        "bus": "yes",
        "name": "Parcelles",
        "network": "SunuBRT",
        "public_transport": "stop_position"
      },
      "geometry": {
        "type": "Point",
        "coordinates": [
          -17.4242946,
          14.7626996
        ]
      },
      "id": "node/11739850196"
    },
    {
      "type": "Feature",
      "properties": {
        "@id": "node/11739850197",
        "bus": "yes",
        "name": "Parcelles",
        "network": "SunuBRT",
        "public_transport": "stop_position"
      },
      "geometry": {
        "type": "Point",
        "coordinates": [
          -17.4249878,
          14.7621436
        ]
      },
      "id": "node/11739850197"
    },
    {
      "type": "Feature",
      "properties": {
        "@id": "node/11739915372",
        "bus": "yes",
        "highway": "bus_stop",
        "name": "Khar Yalla",
        "network": "SunuBRT",
        "public_transport": "platform"
      },
      "geometry": {
        "type": "Point",
        "coordinates": [
          -17.4561632,
          14.7335333
        ]
      },
      "id": "node/11739915372"
    },
    {
      "type": "Feature",
      "properties": {
        "@id": "node/11739915373",
        "bus": "yes",
        "highway": "bus_stop",
        "name": "Scat Urbam",
        "network": "SunuBRT",
        "public_transport": "platform"
      },
      "geometry": {
        "type": "Point",
        "coordinates": [
          -17.4551893,
          14.736965
        ]
      },
      "id": "node/11739915373"
    },
    {
      "type": "Feature",
      "properties": {
        "@id": "node/11739915374",
        "bus": "yes",
        "name": "Scat Urbam",
        "network": "SunuBRT",
        "public_transport": "stop_position"
      },
      "geometry": {
        "type": "Point",
        "coordinates": [
          -17.4551404,
          14.7369474
        ]
      },
      "id": "node/11739915374"
    },
    {
      "type": "Feature",
      "properties": {
        "@id": "node/11739915376",
        "bus": "yes",
        "name": "Khar Yalla",
        "network": "SunuBRT",
        "public_transport": "stop_position"
      },
      "geometry": {
        "type": "Point",
        "coordinates": [
          -17.4561432,
          14.7335341
        ]
      },
      "id": "node/11739915376"
    },
    {
      "type": "Feature",
      "properties": {
        "@id": "node/11739915377",
        "bus": "yes",
        "name": "Khar Yalla",
        "network": "SunuBRT",
        "public_transport": "stop_position"
      },
      "geometry": {
        "type": "Point",
        "coordinates": [
          -17.4560703,
          14.7343454
        ]
      },
      "id": "node/11739915377"
    },
    {
      "type": "Feature",
      "properties": {
        "@id": "node/11739960180",
        "bus": "yes",
        "highway": "bus_stop",
        "name": "Liberté 6",
        "network": "SunuBRT",
        "public_transport": "platform"
      },
      "geometry": {
        "type": "Point",
        "coordinates": [
          -17.4596861,
          14.7257003
        ]
      },
      "id": "node/11739960180"
    },
    {
      "type": "Feature",
      "properties": {
        "@id": "node/11739960181",
        "bus": "yes",
        "name": "Liberté 6",
        "network": "SunuBRT",
        "public_transport": "stop_position"
      },
      "geometry": {
        "type": "Point",
        "coordinates": [
          -17.4591976,
          14.7263088
        ]
      },
      "id": "node/11739960181"
    },
    {
      "type": "Feature",
      "properties": {
        "@id": "node/11739960182",
        "bus": "yes",
        "name": "Liberté 6",
        "network": "SunuBRT",
        "public_transport": "stop_position"
      },
      "geometry": {
        "type": "Point",
        "coordinates": [
          -17.4596543,
          14.7256821
        ]
      },
      "id": "node/11739960182"
    },
    {
      "type": "Feature",
      "properties": {
        "@id": "node/11739960183",
        "bus": "yes",
        "highway": "bus_stop",
        "name": "Liberté 5",
        "network": "SunuBRT",
        "public_transport": "platform"
      },
      "geometry": {
        "type": "Point",
        "coordinates": [
          -17.4644905,
          14.7204627
        ]
      },
      "id": "node/11739960183"
    },
    {
      "type": "Feature",
      "properties": {
        "@id": "node/11739960184",
        "bus": "yes",
        "name": "Liberté 5",
        "network": "SunuBRT",
        "public_transport": "stop_position"
      },
      "geometry": {
        "type": "Point",
        "coordinates": [
          -17.464045,
          14.7210415
        ]
      },
      "id": "node/11739960184"
    },
    {
      "type": "Feature",
      "properties": {
        "@id": "node/11739960185",
        "bus": "yes",
        "name": "Liberté 5",
        "network": "SunuBRT",
        "public_transport": "stop_position"
      },
      "geometry": {
        "type": "Point",
        "coordinates": [
          -17.4644667,
          14.7204455
        ]
      },
      "id": "node/11739960185"
    },
    {
      "type": "Feature",
      "properties": {
        "@id": "node/11739960186",
        "bus": "yes",
        "highway": "bus_stop",
        "name": "Sacré Coeur",
        "network": "SunuBRT",
        "public_transport": "platform"
      },
      "geometry": {
        "type": "Point",
        "coordinates": [
          -17.4664899,
          14.7169443
        ]
      },
      "id": "node/11739960186"
    },
    {
      "type": "Feature",
      "properties": {
        "@id": "node/11739960187",
        "bus": "yes",
        "name": "Sacré Coeur",
        "network": "SunuBRT",
        "public_transport": "stop_position"
      },
      "geometry": {
        "type": "Point",
        "coordinates": [
          -17.4664234,
          14.7169618
        ]
      },
      "id": "node/11739960187"
    },
    {
      "type": "Feature",
      "properties": {
        "@id": "node/11739960188",
        "bus": "yes",
        "name": "Sacré Coeur",
        "network": "SunuBRT",
        "public_transport": "stop_position"
      },
      "geometry": {
        "type": "Point",
        "coordinates": [
          -17.4665407,
          14.7169687
        ]
      },
      "id": "node/11739960188"
    },
    {
      "type": "Feature",
      "properties": {
        "@id": "node/11739960189",
        "bus": "yes",
        "highway": "bus_stop",
        "name": "Liberté 1",
        "network": "SunuBRT",
        "public_transport": "platform"
      },
      "geometry": {
        "type": "Point",
        "coordinates": [
          -17.4618774,
          14.7092892
        ]
      },
      "id": "node/11739960189"
    },
    {
      "type": "Feature",
      "properties": {
        "@id": "node/11739960190",
        "bus": "yes",
        "name": "Liberté 1",
        "network": "SunuBRT",
        "public_transport": "stop_position"
      },
      "geometry": {
        "type": "Point",
        "coordinates": [
          -17.4624955,
          14.7099321
        ]
      },
      "id": "node/11739960190"
    },
    {
      "type": "Feature",
      "properties": {
        "@id": "node/11739960191",
        "bus": "yes",
        "name": "Liberté 1",
        "network": "SunuBRT",
        "public_transport": "stop_position"
      },
      "geometry": {
        "type": "Point",
        "coordinates": [
          -17.4618601,
          14.7093042
        ]
      },
      "id": "node/11739960191"
    },
    {
      "type": "Feature",
      "properties": {
        "@id": "node/11739960192",
        "bus": "yes",
        "highway": "bus_stop",
        "name": "Grand Dakar",
        "network": "SunuBRT",
        "public_transport": "platform"
      },
      "geometry": {
        "type": "Point",
        "coordinates": [
          -17.4576931,
          14.7044098
        ]
      },
      "id": "node/11739960192"
    },
    {
      "type": "Feature",
      "properties": {
        "@id": "node/11739960193",
        "bus": "yes",
        "name": "Grand Dakar",
        "network": "SunuBRT",
        "public_transport": "stop_position"
      },
      "geometry": {
        "type": "Point",
        "coordinates": [
          -17.4576815,
          14.7044199
        ]
      },
      "id": "node/11739960193"
    },
    {
      "type": "Feature",
      "properties": {
        "@id": "node/11739960194",
        "bus": "yes",
        "name": "Grand Dakar",
        "network": "SunuBRT",
        "public_transport": "stop_position"
      },
      "geometry": {
        "type": "Point",
        "coordinates": [
          -17.4583342,
          14.7049934
        ]
      },
      "id": "node/11739960194"
    },
    {
      "type": "Feature",
      "properties": {
        "@id": "node/11739960195",
        "bus": "yes",
        "highway": "bus_stop",
        "name": "Dial Diop",
        "network": "SunuBRT",
        "public_transport": "platform"
      },
      "geometry": {
        "type": "Point",
        "coordinates": [
          -17.4529522,
          14.6987902
        ]
      },
      "id": "node/11739960195"
    },
    {
      "type": "Feature",
      "properties": {
        "@id": "node/11739960196",
        "bus": "yes",
        "name": "Dial Diop",
        "network": "SunuBRT",
        "public_transport": "stop_position"
      },
      "geometry": {
        "type": "Point",
        "coordinates": [
          -17.4535498,
          14.699379
        ]
      },
      "id": "node/11739960196"
    },
    {
      "type": "Feature",
      "properties": {
        "@id": "node/11739960197",
        "bus": "yes",
        "name": "Dial Diop",
        "network": "SunuBRT",
        "public_transport": "stop_position"
      },
      "geometry": {
        "type": "Point",
        "coordinates": [
          -17.4529316,
          14.6988058
        ]
      },
      "id": "node/11739960197"
    },
    {
      "type": "Feature",
      "properties": {
        "@id": "node/11739960198",
        "bus": "yes",
        "highway": "bus_stop",
        "name": "Place de la Nation",
        "network": "SunuBRT",
        "public_transport": "platform"
      },
      "geometry": {
        "type": "Point",
        "coordinates": [
          -17.4500226,
          14.6955587
        ]
      },
      "id": "node/11739960198"
    },
    {
      "type": "Feature",
      "properties": {
        "@id": "node/11739960199",
        "bus": "yes",
        "name": "Place de la Nation",
        "network": "SunuBRT",
        "public_transport": "stop_position"
      },
      "geometry": {
        "type": "Point",
        "coordinates": [
          -17.4506369,
          14.6960909
        ]
      },
      "id": "node/11739960199"
    },
    {
      "type": "Feature",
      "properties": {
        "@id": "node/11739960200",
        "bus": "yes",
        "name": "Place de la Nation",
        "network": "SunuBRT",
        "public_transport": "stop_position"
      },
      "geometry": {
        "type": "Point",
        "coordinates": [
          -17.4500055,
          14.6955698
        ]
      },
      "id": "node/11739960200"
    },
    {
      "type": "Feature",
      "properties": {
        "@id": "node/11877315970",
        "name": "Salle d'attente",
        "public_transport": "platform"
      },
      "geometry": {
        "type": "Point",
        "coordinates": [
          -17.1989529,
          14.7163839
        ]
      },
      "id": "node/11877315970"
    },
    {
      "type": "Feature",
      "properties": {
        "@id": "node/11891670669",
        "highway": "bus_stop"
      },
      "geometry": {
        "type": "Point",
        "coordinates": [
          -17.296385,
          14.7272033
        ]
      },
      "id": "node/11891670669"
    },
    {
      "type": "Feature",
      "properties": {
        "@id": "node/12186408919",
        "bus": "yes",
        "highway": "bus_stop",
        "public_transport": "platform"
      },
      "geometry": {
        "type": "Point",
        "coordinates": [
          -17.4765435,
          14.7125362
        ]
      },
      "id": "node/12186408919"
    },
    {
      "type": "Feature",
      "properties": {
        "@id": "node/12475205384",
        "highway": "bus_stop",
        "name": "Arrêt minibus 39"
      },
      "geometry": {
        "type": "Point",
        "coordinates": [
          -17.451914,
          14.6770908
        ]
      },
      "id": "node/12475205384"
    },
    {
      "type": "Feature",
      "properties": {
        "@id": "node/12477833020",
        "bus": "yes",
        "highway": "bus_stop",
        "name": "DDD 217 219 227",
        "public_transport": "platform"
      },
      "geometry": {
        "type": "Point",
        "coordinates": [
          -17.4154418,
          14.76618
        ]
      },
      "id": "node/12477833020"
    },
    {
      "type": "Feature",
      "properties": {
        "@id": "node/12495824870",
        "bus": "yes",
        "highway": "bus_stop",
        "name": "terminus Diamalaye",
        "network": "AFTU",
        "public_transport": "platform"
      },
      "geometry": {
        "type": "Point",
        "coordinates": [
          -17.4505726,
          14.7640964
        ]
      },
      "id": "node/12495824870"
    },
    {
      "type": "Feature",
      "properties": {
        "@id": "node/13093994901",
        "highway": "bus_stop",
        "name": "Thiaroy"
      },
      "geometry": {
        "type": "Point",
        "coordinates": [
          -17.3775972,
          14.7503994
        ]
      },
      "id": "node/13093994901"
    },
    {
      "type": "Feature",
      "properties": {
        "@id": "node/13376764677",
        "bus": "yes",
        "name": "Petersen",
        "network": "SunuBRT",
        "operator": "Dakar Mobilité",
        "public_transport": "stop_position"
      },
      "geometry": {
        "type": "Point",
        "coordinates": [
          -17.4412971,
          14.6758222
        ]
      },
      "id": "node/13376764677"
    },
    {
      "type": "Feature",
      "properties": {
        "@id": "node/13376764678",
        "bus": "yes",
        "name": "Papa Gueye Fall",
        "network": "SunuBRT",
        "operator": "Dakar Mobilité",
        "public_transport": "stop_position"
      },
      "geometry": {
        "type": "Point",
        "coordinates": [
          -17.4406354,
          14.6766438
        ]
      },
      "id": "node/13376764678"
    },
    {
      "type": "Feature",
      "properties": {
        "@id": "node/13376764679",
        "bus": "yes",
        "name": "Papa Gueye Fall",
        "network": "SunuBRT",
        "operator": "Dakar Mobilité",
        "public_transport": "stop_position"
      },
      "geometry": {
        "type": "Point",
        "coordinates": [
          -17.4411235,
          14.6773724
        ]
      },
      "id": "node/13376764679"
    },
    {
      "type": "Feature",
      "properties": {
        "@id": "node/13376766852",
        "bus": "yes",
        "name": "Grande Mosquée",
        "network": "SunuBRT",
        "public_transport": "stop_position"
      },
      "geometry": {
        "type": "Point",
        "coordinates": [
          -17.4442152,
          14.6825044
        ]
      },
      "id": "node/13376766852"
    },
    {
      "type": "Feature",
      "properties": {
        "@id": "node/13376766853",
        "bus": "yes",
        "name": "Grande Mosquée",
        "network": "SunuBRT",
        "public_transport": "stop_position"
      },
      "geometry": {
        "type": "Point",
        "coordinates": [
          -17.4443248,
          14.6824846
        ]
      },
      "id": "node/13376766853"
    },
    {
      "type": "Feature",
      "properties": {
        "@id": "node/13376766985",
        "bus": "yes",
        "highway": "bus_stop",
        "name": "Grande Mosquée",
        "network": "SunuBRT",
        "public_transport": "platform"
      },
      "geometry": {
        "type": "Point",
        "coordinates": [
          -17.4442526,
          14.6824929
        ]
      },
      "id": "node/13376766985"
    },
    {
      "type": "Feature",
      "properties": {
        "@id": "node/13376766987",
        "bus": "yes",
        "highway": "bus_stop",
        "name": "Papa Gueye Fall",
        "network": "SunuBRT",
        "public_transport": "platform"
      },
      "geometry": {
        "type": "Point",
        "coordinates": [
          -17.4406168,
          14.6766543
        ]
      },
      "id": "node/13376766987"
    },
    {
      "type": "Feature",
      "properties": {
        "@id": "node/13376766988",
        "bus": "yes",
        "highway": "bus_stop",
        "name": "Petersen",
        "network": "SunuBRT",
        "public_transport": "platform"
      },
      "geometry": {
        "type": "Point",
        "coordinates": [
          -17.4413132,
          14.6758838
        ]
      },
      "id": "node/13376766988"
    },
    {
      "type": "Feature",
      "properties": {
        "@id": "node/13377966011",
        "bus": "yes",
        "highway": "bus_stop",
        "name": "Papa Gueye Fall",
        "network": "SunuBRT",
        "public_transport": "platform"
      },
      "geometry": {
        "type": "Point",
        "coordinates": [
          -17.4411392,
          14.6773569
        ]
      },
      "id": "node/13377966011"
    },
    {
      "type": "Feature",
      "properties": {
        "@id": "node/13377966012",
        "bus": "yes",
        "highway": "bus_stop",
        "name": "Place de la Nation",
        "network": "SunuBRT",
        "public_transport": "platform"
      },
      "geometry": {
        "type": "Point",
        "coordinates": [
          -17.4506121,
          14.6961127
        ]
      },
      "id": "node/13377966012"
    },
    {
      "type": "Feature",
      "properties": {
        "@id": "node/13377966013",
        "bus": "yes",
        "highway": "bus_stop",
        "name": "Dial Diop",
        "network": "SunuBRT",
        "public_transport": "platform"
      },
      "geometry": {
        "type": "Point",
        "coordinates": [
          -17.4535223,
          14.6994005
        ]
      },
      "id": "node/13377966013"
    },
    {
      "type": "Feature",
      "properties": {
        "@id": "node/13377966014",
        "bus": "yes",
        "highway": "bus_stop",
        "name": "Grand Dakar",
        "network": "SunuBRT",
        "public_transport": "platform"
      },
      "geometry": {
        "type": "Point",
        "coordinates": [
          -17.4582873,
          14.7050206
        ]
      },
      "id": "node/13377966014"
    },
    {
      "type": "Feature",
      "properties": {
        "@id": "node/13377966015",
        "bus": "yes",
        "highway": "bus_stop",
        "name": "Liberté 1",
        "network": "SunuBRT",
        "public_transport": "platform"
      },
      "geometry": {
        "type": "Point",
        "coordinates": [
          -17.4624769,
          14.7099472
        ]
      },
      "id": "node/13377966015"
    },
    {
      "type": "Feature",
      "properties": {
        "@id": "node/13377966016",
        "bus": "yes",
        "highway": "bus_stop",
        "name": "Liberté 5",
        "network": "SunuBRT",
        "public_transport": "platform"
      },
      "geometry": {
        "type": "Point",
        "coordinates": [
          -17.4640285,
          14.7210269
        ]
      },
      "id": "node/13377966016"
    },
    {
      "type": "Feature",
      "properties": {
        "@id": "node/13377966017",
        "bus": "yes",
        "highway": "bus_stop",
        "name": "Liberté 6",
        "network": "SunuBRT",
        "public_transport": "platform"
      },
      "geometry": {
        "type": "Point",
        "coordinates": [
          -17.4591751,
          14.7262978
        ]
      },
      "id": "node/13377966017"
    },
    {
      "type": "Feature",
      "properties": {
        "@id": "node/13377966018",
        "bus": "yes",
        "highway": "bus_stop",
        "name": "Khar Yalla",
        "network": "SunuBRT",
        "public_transport": "platform"
      },
      "geometry": {
        "type": "Point",
        "coordinates": [
          -17.4565659,
          14.7312719
        ]
      },
      "id": "node/13377966018"
    },
    {
      "type": "Feature",
      "properties": {
        "@id": "node/13377966019",
        "bus": "yes",
        "highway": "bus_stop",
        "name": "Khar Yalla",
        "network": "SunuBRT",
        "public_transport": "platform"
      },
      "geometry": {
        "type": "Point",
        "coordinates": [
          -17.456401,
          14.7320323
        ]
      },
      "id": "node/13377966019"
    },
    {
      "type": "Feature",
      "properties": {
        "@id": "node/13377966020",
        "bus": "yes",
        "highway": "bus_stop",
        "name": "Khar Yalla",
        "network": "SunuBRT",
        "public_transport": "platform"
      },
      "geometry": {
        "type": "Point",
        "coordinates": [
          -17.4560798,
          14.7343462
        ]
      },
      "id": "node/13377966020"
    },
    {
      "type": "Feature",
      "properties": {
        "@id": "node/13377966021",
        "bus": "yes",
        "highway": "bus_stop",
        "name": "Cardinal Hyancinthe Thiandoum",
        "network": "SunuBRT",
        "public_transport": "platform"
      },
      "geometry": {
        "type": "Point",
        "coordinates": [
          -17.4513236,
          14.7415662
        ]
      },
      "id": "node/13377966021"
    },
    {
      "type": "Feature",
      "properties": {
        "@id": "node/13377966022",
        "bus": "yes",
        "highway": "bus_stop",
        "name": "Grand Médine",
        "network": "SunuBRT",
        "public_transport": "platform"
      },
      "geometry": {
        "type": "Point",
        "coordinates": [
          -17.4444035,
          14.7481682
        ]
      },
      "id": "node/13377966022"
    },
    {
      "type": "Feature",
      "properties": {
        "@id": "node/13377966023",
        "bus": "yes",
        "highway": "bus_stop",
        "name": "Police des Parcelles",
        "network": "SunuBRT",
        "public_transport": "platform"
      },
      "geometry": {
        "type": "Point",
        "coordinates": [
          -17.4387889,
          14.7510519
        ]
      },
      "id": "node/13377966023"
    },
    {
      "type": "Feature",
      "properties": {
        "@id": "node/13377966024",
        "bus": "yes",
        "highway": "bus_stop",
        "name": "Croisement 22",
        "network": "SunuBRT",
        "public_transport": "platform"
      },
      "geometry": {
        "type": "Point",
        "coordinates": [
          -17.4332428,
          14.7539628
        ]
      },
      "id": "node/13377966024"
    },
    {
      "type": "Feature",
      "properties": {
        "@id": "node/13377966025",
        "bus": "yes",
        "highway": "bus_stop",
        "name": "Parcelles",
        "network": "SunuBRT",
        "public_transport": "platform"
      },
      "geometry": {
        "type": "Point",
        "coordinates": [
          -17.4242829,
          14.762677
        ]
      },
      "id": "node/13377966025"
    },
    {
      "type": "Feature",
      "properties": {
        "@id": "node/13377966026",
        "bus": "yes",
        "highway": "bus_stop",
        "name": "Ndingala",
        "network": "SunuBRT",
        "public_transport": "platform"
      },
      "geometry": {
        "type": "Point",
        "coordinates": [
          -17.4196688,
          14.7646041
        ]
      },
      "id": "node/13377966026"
    },
    {
      "type": "Feature",
      "properties": {
        "@id": "node/13377966027",
        "bus": "yes",
        "highway": "bus_stop",
        "name": "Golf Sud",
        "network": "SunuBRT",
        "public_transport": "platform"
      },
      "geometry": {
        "type": "Point",
        "coordinates": [
          -17.413434,
          14.7675537
        ]
      },
      "id": "node/13377966027"
    },
    {
      "type": "Feature",
      "properties": {
        "@id": "node/13377966028",
        "bus": "yes",
        "highway": "bus_stop",
        "name": "Dalal Jamm",
        "network": "SunuBRT",
        "public_transport": "platform"
      },
      "geometry": {
        "type": "Point",
        "coordinates": [
          -17.4081789,
          14.7719732
        ]
      },
      "id": "node/13377966028"
    },
    {
      "type": "Feature",
      "properties": {
        "@id": "node/13377966029",
        "bus": "yes",
        "highway": "bus_stop",
        "name": "Fith Mith",
        "network": "SunuBRT",
        "public_transport": "platform"
      },
      "geometry": {
        "type": "Point",
        "coordinates": [
          -17.4055175,
          14.7753046
        ]
      },
      "id": "node/13377966029"
    },
    {
      "type": "Feature",
      "properties": {
        "@id": "node/13377966030",
        "bus": "yes",
        "highway": "bus_stop",
        "name": "Golf Nord",
        "network": "SunuBRT",
        "public_transport": "platform"
      },
      "geometry": {
        "type": "Point",
        "coordinates": [
          -17.3984033,
          14.7762986
        ]
      },
      "id": "node/13377966030"
    },
    {
      "type": "Feature",
      "properties": {
        "@id": "node/13377966031",
        "bus": "yes",
        "highway": "bus_stop",
        "name": "Préfecture de Guédiawaye",
        "network": "SunuBRT",
        "public_transport": "platform"
      },
      "geometry": {
        "type": "Point",
        "coordinates": [
          -17.3868755,
          14.7719567
        ]
      },
      "id": "node/13377966031"
    },
    {
      "type": "Feature",
      "properties": {
        "@id": "node/13377966032",
        "bus": "yes",
        "highway": "bus_stop",
        "name": "Gueule Tapée",
        "network": "SunuBRT",
        "public_transport": "platform"
      },
      "geometry": {
        "type": "Point",
        "coordinates": [
          -17.3921661,
          14.7756038
        ]
      },
      "id": "node/13377966032"
    },
    {
      "type": "Feature",
      "properties": {
        "@id": "node/13438255601",
        "highway": "bus_stop",
        "name:en": "Official Bus Stop for 228 (to Bargny, CAF250)"
      },
      "geometry": {
        "type": "Point",
        "coordinates": [
          -17.1491155,
          14.6077599
        ]
      },
      "id": "node/13438255601"
    }
  ]
}